500 0 1 0 
58 PRO/ENGINEER BY PARAMETRIC TECHNOLOGY CORPORATION, 2019010 8 ACIS 7.0 24
Mon Jan 27 14:06:01 2025 
1 0.0066358665660389456 1e-10 
-0 body $-1 $1 $-1 $2 #
-1 lump $-1 $-1 $3 $0 #
-2 transform $-1 1 0 0 0 1 0 0 0 1 0 0 0 1 rotate no_reflect no_shear #
-3 shell $-1 $-1 $-1 $4 $-1 $1 #
-4 face $-1 $5 $6 $3 $-1 $7 forward single #
-5 face $-1 $8 $9 $3 $-1 $10 reversed single #
-6 loop $-1 $11 $12 $4 #
-7 plane-surface $-1 26.697769324404419 -23.941081640791904 12.850000000000001
0 1 0 -1 0 0 forward_v F -0.54000000000000004 F 27.539999999999999 F
-12.369999999999999 F 1.6699999999999999 #
-8 face $-1 $13 $14 $3 $-1 $15 reversed single #
-9 loop $-1 $-1 $16 $5 #
-10 cone-surface $-1 5.697769324404419 -29.941081640791904 8.7999999999999989 0
-1 0 1.5999999999999999 0 0 1 I I 0 1 1 forward I I I I #
-11 loop $-1 $17 $18 $4 #
-12 coedge $-1 $19 $20 $21 $22 reversed $6 $-1 #
-13 face $-1 $23 $24 $3 $-1 $25 forward single #
-14 loop $-1 $-1 $26 $8 #
-15 cone-surface $-1 5.697769324404419 -29.941081640791904 8.7999999999999989 0
-1 0 1.5999999999999999 0 0 1 I I 0 1 1 forward I I I I #
-16 coedge $-1 $27 $28 $29 $30 forward $9 $-1 #
-17 loop $-1 $-1 $31 $4 #
-18 coedge $-1 $32 $32 $33 $34 forward $11 $-1 #
-19 coedge $-1 $35 $12 $36 $37 reversed $6 $-1 #
-20 coedge $-1 $12 $35 $38 $39 reversed $6 $-1 #
-21 coedge $-1 $40 $41 $12 $22 forward $42 $-1 #
-22 edge $43 $44 0 $45 1 $21 $46 forward 7 unknown #
-23 face $-1 $47 $48 $3 $-1 $49 reversed single #
-24 loop $-1 $50 $51 $13 #
-25 plane-surface $-1 -0.30223067559558103 15.058918359208093
12.850000000000001 0 -1 0 1 0 0 forward_v F -0.54000000000000004 F
27.539999999999999 F -12.369999999999999 F 1.6699999999999999 #
-26 coedge $-1 $52 $53 $54 $55 forward $14 $-1 #
-27 coedge $-1 $56 $16 $57 $58 reversed $9 $-1 #
-28 coedge $-1 $16 $56 $59 $60 forward $9 $-1 #
-29 coedge $-1 $61 $62 $16 $30 reversed $48 $-1 #
-30 edge $63 $64 0 $65 1 $29 $66 forward 7 unknown #
-31 coedge $-1 $67 $67 $68 $69 forward $17 $-1 #
-32 coedge $-1 $18 $18 $70 $71 forward $11 $-1 #
-33 coedge $-1 $72 $73 $18 $34 reversed $74 $-1 #
-34 edge $75 $76 0 $77 3.1415926535897953 $33 $78 forward 7 unknown #
-35 coedge $-1 $20 $19 $79 $80 reversed $6 $-1 #
-36 coedge $-1 $81 $82 $19 $37 forward $83 $-1 #
-37 edge $84 $85 0 $44 1 $36 $86 forward 7 unknown #
-38 coedge $-1 $87 $88 $20 $39 forward $89 $-1 #
-39 edge $90 $45 0 $91 1 $38 $92 forward 7 unknown #
-40 coedge $-1 $93 $21 $88 $94 forward $42 $-1 #
-41 coedge $-1 $21 $95 $81 $96 reversed $42 $-1 #
-42 loop $-1 $-1 $40 $97 #
-43 ptlist-eye-attrib $-1 $-1 $-1 $22 #
-44 vertex $-1 $37 $98 #
-45 vertex $-1 $39 $99 #
-46 straight-curve $-1 -0.30223067559558103 -23.941081640791907
0.75000000000000111 27 0 0 F 0 F 1 #
-47 face $-1 $100 $101 $3 $-1 $102 reversed single #
-48 loop $-1 $-1 $103 $23 #
-49 cone-surface $-1 5.697769324404419 -29.941081640791904 8.7999999999999989 0
-1 0 1.5999999999999999 0 0 1 I I 0 1 1 forward I I I I #
-50 loop $-1 $104 $105 $13 #
-51 coedge $-1 $106 $107 $108 $109 forward $24 $-1 #
-52 coedge $-1 $110 $26 $67 $111 reversed $14 $-1 #
-53 coedge $-1 $26 $110 $112 $113 forward $14 $-1 #
-54 coedge $-1 $114 $68 $26 $55 reversed $101 $-1 #
-55 edge $115 $116 0 $117 1 $54 $118 forward 7 unknown #
-56 coedge $-1 $28 $27 $103 $119 reversed $9 $-1 #
-57 coedge $-1 $120 $120 $27 $58 forward $121 $-1 #
-58 edge $122 $123 0 $65 3.1415926535897909 $57 $124 forward 7 unknown #
-59 coedge $-1 $125 $125 $28 $60 reversed $104 $-1 #
-60 edge $126 $127 0 $64 3.1415926535897909 $59 $128 forward 7 unknown #
-61 coedge $-1 $103 $29 $125 $129 forward $48 $-1 #
-62 coedge $-1 $29 $103 $120 $130 reversed $48 $-1 #
-63 ptlist-eye-attrib $-1 $-1 $-1 $30 #
-64 vertex $-1 $60 $131 #
-65 vertex $-1 $58 $132 #
-66 straight-curve $-1 4.0977693244044184 15.058918359208095 8.7999999999999989
0 5.9999999999999947 0 F 0 F 1 #
-67 coedge $-1 $31 $31 $52 $111 forward $17 $-1 #
-68 coedge $-1 $54 $133 $31 $69 reversed $101 $-1 #
-69 edge $134 $117 0 $135 3.1415926535897953 $68 $136 forward 7 unknown #
-70 coedge $-1 $137 $138 $32 $71 reversed $139 $-1 #
-71 edge $140 $77 0 $76 3.1415926535897909 $70 $141 forward 7 unknown #
-72 coedge $-1 $142 $33 $138 $143 reversed $74 $-1 #
-73 coedge $-1 $33 $142 $137 $144 forward $74 $-1 #
-74 loop $-1 $-1 $73 $145 #
-75 ptlist-eye-attrib $-1 $-1 $-1 $34 #
-76 vertex $-1 $71 $146 #
-77 vertex $-1 $71 $147 #
-78 ellipse-curve $-1 20.697769324404419 -23.941081640791904 8.7999999999999989
0 -1 0 -1.6000000000000014 0 1.7763568394002505e-15 1 F 0 F 3.1415926535897953
#
-79 coedge $-1 $148 $149 $35 $80 forward $150 $-1 #
-80 edge $151 $91 0 $85 1 $79 $152 forward 7 unknown #
-81 coedge $-1 $153 $36 $41 $96 forward $83 $-1 #
-82 coedge $-1 $36 $154 $148 $155 reversed $83 $-1 #
-83 loop $-1 $-1 $82 $156 #
-84 ptlist-eye-attrib $-1 $-1 $-1 $37 #
-85 vertex $-1 $80 $157 #
-86 straight-curve $-1 -0.30223067559558103 -23.941081640791907 14.25 0 0
-13.499999999999998 F 0 F 1 #
-87 coedge $-1 $158 $38 $149 $159 reversed $89 $-1 #
-88 coedge $-1 $38 $160 $40 $94 reversed $89 $-1 #
-89 loop $-1 $-1 $161 $162 #
-90 ptlist-eye-attrib $-1 $-1 $-1 $39 #
-91 vertex $-1 $39 $163 #
-92 straight-curve $-1 26.697769324404419 -23.941081640791907
0.75000000000000111 0 0 13.499999999999998 F 0 F 1 #
-93 coedge $-1 $164 $40 $165 $166 reversed $42 $-1 #
-94 edge $167 $45 0 $168 1 $40 $169 forward 7 unknown #
-95 coedge $-1 $41 $170 $171 $172 forward $42 $-1 #
-96 edge $173 $44 0 $174 1 $41 $175 forward 7 unknown #
-97 face $-1 $176 $42 $3 $-1 $177 forward single #
-98 point $-1 -0.30223067559558103 -23.941081640791907 0.75000000000000111 #
-99 point $-1 26.697769324404419 -23.941081640791907 0.75000000000000111 #
-100 face $-1 $178 $179 $3 $-1 $180 forward single #
-101 loop $-1 $-1 $133 $47 #
-102 cone-surface $-1 5.697769324404419 -29.941081640791904 8.7999999999999989
0 -1 0 1.5999999999999999 0 0 1 I I 0 1 1 forward I I I I #
-103 coedge $-1 $62 $61 $56 $119 forward $48 $-1 #
-104 loop $-1 $-1 $125 $13 #
-105 coedge $-1 $181 $181 $182 $183 reversed $50 $-1 #
-106 coedge $-1 $184 $51 $185 $186 forward $24 $-1 #
-107 coedge $-1 $51 $184 $187 $188 reversed $24 $-1 #
-108 coedge $-1 $189 $190 $51 $109 reversed $191 $-1 #
-109 edge $192 $193 0 $194 1 $108 $195 forward 7 unknown #
-110 coedge $-1 $53 $52 $133 $196 reversed $14 $-1 #
-111 edge $197 $135 0 $117 3.1415926535897909 $52 $198 forward 7 unknown #
-112 coedge $-1 $199 $199 $53 $113 reversed $200 $-1 #
-113 edge $201 $202 0 $116 3.1415926535897909 $112 $203 forward 7 unknown #
-114 coedge $-1 $133 $54 $199 $204 forward $101 $-1 #
-115 ptlist-eye-attrib $-1 $-1 $-1 $55 #
-116 vertex $-1 $113 $205 #
-117 vertex $-1 $111 $206 #
-118 straight-curve $-1 4.0977693244044184 -29.9410816407919 8.7999999999999989
8.8817841970012523e-16 6 0 F 0 F 1 #
-119 edge $207 $127 0 $123 1 $103 $208 forward 7 unknown #
-120 coedge $-1 $57 $57 $62 $130 forward $121 $-1 #
-121 loop $-1 $-1 $120 $100 #
-122 ptlist-eye-attrib $-1 $-1 $-1 $58 #
-123 vertex $-1 $119 $209 #
-124 ellipse-curve $-1 5.697769324404419 21.058918359208096 8.7999999999999989
0 -1 0 1.5999999999999996 0 1.7763568394002505e-15 1 F 0 F 3.1415926535897909
#
-125 coedge $-1 $59 $59 $61 $129 reversed $104 $-1 #
-126 ptlist-eye-attrib $-1 $-1 $-1 $60 #
-127 vertex $-1 $60 $210 #
-128 ellipse-curve $-1 5.697769324404419 15.058918359208096 8.7999999999999989
0 -1 0 1.5999999999999996 0 1.7763568394002505e-15 1 F 0 F 3.1415926535897909
#
-129 edge $211 $64 0 $127 3.1415926535897953 $61 $212 forward 7 unknown #
-130 edge $213 $65 0 $123 3.1415926535897953 $120 $214 forward 7 unknown #
-131 point $-1 4.0977693244044193 15.058918359208096 8.8000000000000007 #
-132 point $-1 4.0977693244044193 21.058918359208096 8.8000000000000007 #
-133 coedge $-1 $68 $114 $110 $196 forward $101 $-1 #
-134 ptlist-eye-attrib $-1 $-1 $-1 $69 #
-135 vertex $-1 $111 $215 #
-136 ellipse-curve $-1 5.697769324404419 -23.941081640791904 8.7999999999999989
0 -1 0 -1.5999999999999996 0 1.7763568394002505e-15 1 F 0 F 3.1415926535897953
#
-137 coedge $-1 $216 $70 $73 $144 reversed $139 $-1 #
-138 coedge $-1 $70 $216 $72 $143 forward $139 $-1 #
-139 loop $-1 $-1 $138 $217 #
-140 ptlist-eye-attrib $-1 $-1 $-1 $71 #
-141 ellipse-curve $-1 20.697769324404419 -23.941081640791904
8.7999999999999989 0 -1 0 1.6000000000000014 0 1.7763568394002505e-15 1 F 0 F
3.1415926535897909 #
-142 coedge $-1 $73 $72 $218 $219 forward $74 $-1 #
-143 edge $220 $221 0 $76 1 $72 $222 forward 7 unknown #
-144 edge $223 $224 0 $77 1 $73 $225 forward 7 unknown #
-145 face $-1 $226 $74 $3 $-1 $227 reversed single #
-146 point $-1 19.097769324404418 -23.941081640791904 8.8000000000000007 #
-147 point $-1 22.29776932440442 -23.941081640791904 8.8000000000000007 #
-148 coedge $-1 $228 $79 $82 $155 forward $150 $-1 #
-149 coedge $-1 $79 $229 $87 $159 forward $150 $-1 #
-150 loop $-1 $230 $231 $232 #
-151 ptlist-eye-attrib $-1 $-1 $-1 $80 #
-152 straight-curve $-1 26.697769324404419 -23.941081640791907 14.25 -27 0 0 F
0 F 1 #
-153 coedge $-1 $233 $81 $234 $235 forward $83 $-1 #
-154 coedge $-1 $82 $236 $237 $238 reversed $83 $-1 #
-155 edge $239 $85 0 $240 1 $148 $241 forward 7 unknown #
-156 face $-1 $242 $83 $3 $-1 $243 forward single #
-157 point $-1 -0.30223067559558103 -23.941081640791907 14.25 #
-158 coedge $-1 $161 $87 $244 $245 forward $89 $-1 #
-159 edge $246 $247 0 $91 1 $87 $248 forward 7 unknown #
-160 coedge $-1 $88 $249 $250 $251 reversed $89 $-1 #
-161 coedge $-1 $252 $158 $253 $254 forward $89 $-1 #
-162 face $-1 $97 $89 $3 $-1 $255 forward single #
-163 point $-1 26.697769324404419 -23.941081640791907 14.25 #
-164 coedge $-1 $256 $93 $257 $258 forward $42 $-1 #
-165 coedge $-1 $250 $259 $93 $166 forward $260 $-1 #
-166 edge $261 $262 0 $168 1 $165 $263 forward 7 unknown #
-167 ptlist-eye-attrib $-1 $-1 $-1 $94 #
-168 vertex $-1 $94 $264 #
-169 straight-curve $-1 26.697769324404419 -23.941081640791907
0.75000000000000111 0 2.6999006409088899 -8.8817841970012523e-16 F 0 F 1 #
-170 coedge $-1 $95 $265 $266 $267 forward $42 $-1 #
-171 coedge $-1 $268 $234 $95 $172 reversed $269 $-1 #
-172 edge $270 $271 0 $174 1 $171 $272 forward 7 unknown #
-173 ptlist-eye-attrib $-1 $-1 $-1 $96 #
-174 vertex $-1 $235 $273 #
-175 straight-curve $-1 -0.30223067559558103 -23.941081640791907
0.75000000000000111 1.6653345369377348e-16 3.199900640908826
-8.8817841970012523e-16 F 0 F 1 #
-176 face $-1 $274 $269 $3 $-1 $275 forward single #
-177 plane-surface $-1 13.197769324404419 -4.7974041042373301 0.75 0 0 1 1 0 0
forward_v F -14.039999999999999 F 14.039999999999999 F -19.227971819314607 F
-14.844669115793296 #
-178 face $-1 $217 $276 $3 $-1 $277 reversed single #
-179 loop $-1 $278 $279 $100 #
-180 plane-surface $-1 27.197769324404419 21.058918359208093 12.850000000000001
0 1 0 -1 0 0 forward_v F 3.6000000000000001 F 24.399999999999999 F
-9.5650000000000013 F 1.615 #
-181 coedge $-1 $105 $105 $280 $281 reversed $50 $-1 #
-182 coedge $-1 $282 $283 $105 $183 forward $284 $-1 #
-183 edge $285 $286 0 $287 3.1415926535897953 $182 $288 forward 7 unknown #
-184 coedge $-1 $107 $106 $289 $290 reversed $24 $-1 #
-185 coedge $-1 $291 $292 $106 $186 reversed $89 $-1 #
-186 edge $293 $194 0 $294 1 $185 $295 forward 7 unknown #
-187 coedge $-1 $296 $297 $107 $188 forward $83 $-1 #
-188 edge $298 $193 0 $299 1 $187 $300 forward 7 unknown #
-189 coedge $-1 $301 $108 $297 $302 reversed $191 $-1 #
-190 coedge $-1 $108 $303 $291 $304 forward $191 $-1 #
-191 loop $-1 $-1 $303 $305 #
-192 ptlist-eye-attrib $-1 $-1 $-1 $109 #
-193 vertex $-1 $188 $306 #
-194 vertex $-1 $186 $307 #
-195 straight-curve $-1 -0.30223067559558103 15.058918359208093
0.75000000000000111 27 -3.5527136788005009e-15 0 F 0 F 1 #
-196 edge $308 $202 0 $135 1 $133 $309 forward 7 unknown #
-197 ptlist-eye-attrib $-1 $-1 $-1 $111 #
-198 ellipse-curve $-1 5.697769324404419 -23.941081640791904 8.7999999999999989
0 -1 0 1.5999999999999996 0 1.7763568394002505e-15 1 F 0 F 3.1415926535897909
#
-199 coedge $-1 $112 $112 $114 $204 reversed $200 $-1 #
-200 loop $-1 $-1 $199 $226 #
-201 ptlist-eye-attrib $-1 $-1 $-1 $113 #
-202 vertex $-1 $113 $310 #
-203 ellipse-curve $-1 5.697769324404419 -29.941081640791904 8.7999999999999989
0 -1 0 1.5999999999999996 0 1.7763568394002505e-15 1 F 0 F 3.1415926535897909
#
-204 edge $311 $116 0 $202 3.1415926535897953 $199 $312 forward 7 unknown #
-205 point $-1 4.0977693244044193 -29.941081640791904 8.8000000000000007 #
-206 point $-1 4.0977693244044193 -23.941081640791904 8.8000000000000007 #
-207 ptlist-eye-attrib $-1 $-1 $-1 $119 #
-208 straight-curve $-1 7.2977693244044186 15.058918359208095
8.7999999999999989 0 5.9999999999999947 0 F 0 F 1 #
-209 point $-1 7.2977693244044186 21.058918359208096 8.8000000000000007 #
-210 point $-1 7.2977693244044186 15.058918359208096 8.8000000000000007 #
-211 ptlist-eye-attrib $-1 $-1 $-1 $129 #
-212 ellipse-curve $-1 5.697769324404419 15.058918359208096 8.7999999999999989
0 -1 0 -1.5999999999999996 0 1.7763568394002505e-15 1 F 0 F 3.1415926535897953
#
-213 ptlist-eye-attrib $-1 $-1 $-1 $130 #
-214 ellipse-curve $-1 5.697769324404419 21.058918359208096 8.7999999999999989
0 -1 0 -1.5999999999999996 0 1.7763568394002505e-15 1 F 0 F 3.1415926535897953
#
-215 point $-1 7.2977693244044186 -23.941081640791904 8.8000000000000007 #
-216 coedge $-1 $138 $137 $313 $314 forward $139 $-1 #
-217 face $-1 $315 $139 $3 $-1 $316 reversed single #
-218 coedge $-1 $313 $313 $142 $219 reversed $317 $-1 #
-219 edge $318 $221 0 $224 3.1415926535897953 $218 $319 forward 7 unknown #
-220 ptlist-eye-attrib $-1 $-1 $-1 $143 #
-221 vertex $-1 $314 $320 #
-222 straight-curve $-1 19.097769324404418 -29.9410816407919 8.7999999999999989
0 6 0 F 0 F 1 #
-223 ptlist-eye-attrib $-1 $-1 $-1 $144 #
-224 vertex $-1 $314 $321 #
-225 straight-curve $-1 22.297769324404417 -29.9410816407919 8.7999999999999989
0 6 0 F 0 F 1 #
-226 face $-1 $322 $323 $3 $-1 $324 forward single #
-227 cone-surface $-1 20.697769324404419 -29.941081640791904 8.7999999999999989
0 -1 0 1.5999999999999999 0 0 1 I I 0 1 1 forward I I I I #
-228 coedge $-1 $231 $148 $325 $326 reversed $150 $-1 #
-229 coedge $-1 $149 $327 $328 $329 reversed $150 $-1 #
-230 loop $-1 $-1 $330 $232 #
-231 coedge $-1 $331 $228 $332 $333 forward $150 $-1 #
-232 face $-1 $334 $150 $3 $-1 $335 forward single #
-233 coedge $-1 $336 $153 $337 $338 forward $83 $-1 #
-234 coedge $-1 $171 $339 $153 $235 reversed $269 $-1 #
-235 edge $340 $174 0 $341 1 $234 $342 forward 7 unknown #
-236 coedge $-1 $154 $343 $344 $345 reversed $83 $-1 #
-237 coedge $-1 $346 $325 $154 $238 forward $347 $-1 #
-238 edge $348 $240 0 $349 1 $154 $350 forward 7 unknown #
-239 ptlist-eye-attrib $-1 $-1 $-1 $155 #
-240 vertex $-1 $238 $351 #
-241 straight-curve $-1 -0.30223067559558103 -23.941081640791907 14.25 0 12.5 0
F 0 F 1 #
-242 face $-1 $352 $353 $3 $-1 $354 reversed single #
-243 plane-surface $-1 -0.30223067559558103 -23.941081640791907
12.850000000000001 1 0 0 0 1 0 forward_v F -0.78000000000000358 F
39.780000000000001 F -12.369999999999999 F 1.6699999999999999 #
-244 coedge $-1 $328 $355 $158 $245 reversed $356 $-1 #
-245 edge $357 $247 0 $358 1 $158 $359 forward 7 unknown #
-246 ptlist-eye-attrib $-1 $-1 $-1 $159 #
-247 vertex $-1 $245 $360 #
-248 straight-curve $-1 26.697769324404419 -11.441081640791907 14.25 0 -12.5 0
F 0 F 1 #
-249 coedge $-1 $160 $361 $362 $363 reversed $89 $-1 #
-250 coedge $-1 $364 $165 $160 $251 forward $260 $-1 #
-251 edge $365 $168 0 $366 1 $250 $367 forward 7 unknown #
-252 coedge $-1 $292 $161 $368 $369 reversed $89 $-1 #
-253 coedge $-1 $370 $371 $161 $254 reversed $372 $-1 #
-254 edge $373 $358 0 $374 1 $161 $375 forward 7 unknown #
-255 plane-surface $-1 26.697769324404419 15.058918359208093 12.850000000000001
-1 0 0 0 -1 0 forward_v F -0.78000000000000358 F 39.780000000000001 F
-12.369999999999999 F 1.6699999999999999 #
-256 coedge $-1 $376 $164 $377 $378 forward $42 $-1 #
-257 coedge $-1 $379 $380 $164 $258 reversed $381 $-1 #
-258 edge $382 $262 0 $383 1.5707963267949823 $257 $384 forward 7 unknown #
-259 coedge $-1 $165 $364 $379 $385 reversed $260 $-1 #
-260 loop $-1 $-1 $259 $386 #
-261 ptlist-eye-attrib $-1 $-1 $-1 $166 #
-262 vertex $-1 $258 $387 #
-263 straight-curve $-1 26.460983102858211 -21.236796069854385
0.74999999999996414 0.23678622154620754 -0.0043849300286318282
3.6082248300317588e-14 F 0 F 1 #
-264 point $-1 26.697769324404419 -21.241180999883017 0.75000000000000022 #
-265 coedge $-1 $170 $388 $389 $390 forward $42 $-1 #
-266 coedge $-1 $389 $391 $170 $267 reversed $392 $-1 #
-267 edge $393 $394 0 $271 0.8039145654654235 $266 $395 forward 7 unknown #
-268 coedge $-1 $339 $171 $391 $396 reversed $269 $-1 #
-269 loop $-1 $-1 $234 $176 #
-270 ptlist-eye-attrib $-1 $-1 $-1 $172 #
-271 vertex $-1 $172 $397 #
-272 straight-curve $-1 -0.11158782070458872 -20.744711423121799
0.74999999999996647 -0.19064285489099214 0.0035304232387218804
3.3750779948604759e-14 F 0 F 1 #
-273 point $-1 -0.30223067559558087 -20.741180999883081 0.75000000000000022 #
-274 face $-1 $398 $399 $3 $-1 $400 forward single #
-275 plane-surface $-1 -1.5295893884481053 -20.718452134830279
3.7497962188927367 -0.018515344006018571 -0.99982857632513134
-6.8845629297532674e-15 1.2747005097546639e-16 6.8833827526759848e-15
-1.0000000000000002 forward_v F 2.3756642855632952 F 3.0794298030285701 F
1.1479355631310715 F 1.497878272595734 #
-276 loop $-1 $-1 $401 $178 #
-277 cone-surface $-1 20.697769324404419 -29.941081640791904 8.7999999999999989
0 -1 0 1.5999999999999999 0 0 1 I I 0 1 1 forward I I I I #
-278 loop $-1 $121 $402 $100 #
-279 coedge $-1 $403 $404 $405 $406 reversed $179 $-1 #
-280 coedge $-1 $401 $407 $181 $281 forward $276 $-1 #
-281 edge $408 $287 0 $286 3.1415926535897909 $280 $409 forward 7 unknown #
-282 coedge $-1 $410 $182 $407 $411 forward $284 $-1 #
-283 coedge $-1 $182 $410 $401 $412 reversed $284 $-1 #
-284 loop $-1 $-1 $282 $315 #
-285 ptlist-eye-attrib $-1 $-1 $-1 $183 #
-286 vertex $-1 $281 $413 #
-287 vertex $-1 $281 $414 #
-288 ellipse-curve $-1 20.697769324404419 15.058918359208096 8.7999999999999989
0 -1 0 -1.6000000000000014 0 1.7763568394002505e-15 1 F 0 F 3.1415926535897953
#
-289 coedge $-1 $415 $416 $184 $290 forward $417 $-1 #
-290 edge $418 $299 0 $294 1 $289 $419 forward 7 unknown #
-291 coedge $-1 $420 $185 $190 $304 reversed $89 $-1 #
-292 coedge $-1 $185 $252 $415 $421 reversed $89 $-1 #
-293 ptlist-eye-attrib $-1 $-1 $-1 $186 #
-294 vertex $-1 $290 $422 #
-295 straight-curve $-1 26.697769324404419 15.058918359208089
0.75000000000000111 0 3.5527136788005009e-15 13.499999999999998 F 0 F 1 #
-296 coedge $-1 $343 $187 $416 $423 reversed $83 $-1 #
-297 coedge $-1 $187 $424 $189 $302 forward $83 $-1 #
-298 ptlist-eye-attrib $-1 $-1 $-1 $188 #
-299 vertex $-1 $188 $425 #
-300 straight-curve $-1 -0.30223067559558103 15.058918359208093
0.75000000000000111 0 0 13.499999999999998 F 0 F 1 #
-301 coedge $-1 $426 $189 $427 $428 forward $191 $-1 #
-302 edge $429 $430 0 $193 1 $189 $431 forward 7 unknown #
-303 coedge $-1 $190 $432 $433 $434 forward $191 $-1 #
-304 edge $435 $436 0 $194 1 $190 $437 forward 7 unknown #
-305 face $-1 $438 $191 $3 $-1 $439 forward single #
-306 point $-1 -0.30223067559558103 15.058918359208093 0.75000000000000111 #
-307 point $-1 26.697769324404419 15.058918359208089 0.75000000000000111 #
-308 ptlist-eye-attrib $-1 $-1 $-1 $196 #
-309 straight-curve $-1 7.2977693244044186 -29.9410816407919 8.7999999999999989
0 6 0 F 0 F 1 #
-310 point $-1 7.2977693244044186 -29.941081640791904 8.8000000000000007 #
-311 ptlist-eye-attrib $-1 $-1 $-1 $204 #
-312 ellipse-curve $-1 5.697769324404419 -29.941081640791904 8.7999999999999989
0 -1 0 -1.5999999999999996 0 1.7763568394002505e-15 1 F 0 F 3.1415926535897953
#
-313 coedge $-1 $218 $218 $216 $314 reversed $317 $-1 #
-314 edge $440 $224 0 $221 3.1415926535897909 $313 $441 forward 7 unknown #
-315 face $-1 $145 $284 $3 $-1 $442 reversed single #
-316 cone-surface $-1 20.697769324404419 -29.941081640791904 8.7999999999999989
0 -1 0 1.5999999999999999 0 0 1 I I 0 1 1 forward I I I I #
-317 loop $-1 $200 $218 $226 #
-318 ptlist-eye-attrib $-1 $-1 $-1 $219 #
-319 ellipse-curve $-1 20.697769324404419 -29.941081640791904
8.7999999999999989 0 -1 0 -1.6000000000000014 0 1.7763568394002505e-15 1 F 0 F
3.1415926535897953 #
-320 point $-1 19.097769324404418 -29.941081640791904 8.8000000000000007 #
-321 point $-1 22.29776932440442 -29.941081640791904 8.8000000000000007 #
-322 face $-1 $443 $444 $3 $-1 $445 forward single #
-323 loop $-1 $317 $446 $226 #
-324 plane-surface $-1 -0.80223067559558103 -29.941081640791904
12.850000000000001 0 -1 0 1 0 0 forward_v F 3.5999999999999996 F
24.399999999999999 F -9.5650000000000013 F 1.615 #
-325 coedge $-1 $237 $447 $228 $326 forward $347 $-1 #
-326 edge $448 $449 0 $240 1 $228 $450 forward 7 unknown #
-327 coedge $-1 $229 $451 $452 $453 forward $150 $-1 #
-328 coedge $-1 $454 $244 $229 $329 forward $356 $-1 #
-329 edge $455 $247 0 $456 1 $229 $457 forward 7 unknown #
-330 coedge $-1 $458 $458 $459 $460 forward $230 $-1 #
-331 coedge $-1 $461 $231 $462 $463 forward $150 $-1 #
-332 coedge $-1 $464 $465 $231 $333 reversed $466 $-1 #
-333 edge $467 $449 0 $468 1 $231 $469 forward 7 unknown #
-334 face $-1 $470 $417 $3 $-1 $471 forward single #
-335 plane-surface $-1 0 0 14.25 0 0 1 1 0 0 forward_v F -2.4022306755955811 F
28.79776932440442 F -30.961081640791903 F 22.078918359208092 #
-336 coedge $-1 $472 $233 $473 $474 forward $83 $-1 #
-337 coedge $-1 $475 $476 $233 $338 reversed $477 $-1 #
-338 edge $478 $341 0 $479 0.027349430558373408 $337 $480 forward 7 unknown #
-339 coedge $-1 $234 $268 $475 $481 reversed $269 $-1 #
-340 ptlist-eye-attrib $-1 $-1 $-1 $235 #
-341 vertex $-1 $338 $482 #
-342 straight-curve $-1 -0.30223067559558087 -20.741180999883085
0.75000000000000022 -5.5511151231257827e-17 0 0.54449834919361506 F 0 F 1 #
-343 coedge $-1 $236 $296 $483 $484 forward $83 $-1 #
-344 coedge $-1 $485 $486 $236 $345 forward $353 $-1 #
-345 edge $487 $349 0 $488 1 $344 $489 forward 7 unknown #
-346 coedge $-1 $447 $237 $486 $490 forward $347 $-1 #
-347 loop $-1 $-1 $346 $491 #
-348 ptlist-eye-attrib $-1 $-1 $-1 $238 #
-349 vertex $-1 $238 $492 #
-350 straight-curve $-1 -0.30223067559558103 -11.441081640791907 14.25 0 0 -3 F
0 F 1 #
-351 point $-1 -0.30223067559558103 -11.441081640791907 14.25 #
-352 face $-1 $493 $372 $3 $-1 $494 reversed single #
-353 loop $-1 $-1 $485 $242 #
-354 plane-surface $-1 28.197769324404419 -11.441081640791907 11.25 0 0 -1 0 1
0 forward_v F -0.28000000000000003 F 14.279999999999999 F -30.600000000000001 F
0.59999999999999998 #
-355 coedge $-1 $244 $454 $370 $495 forward $356 $-1 #
-356 loop $-1 $-1 $328 $496 #
-357 ptlist-eye-attrib $-1 $-1 $-1 $245 #
-358 vertex $-1 $245 $497 #
-359 straight-curve $-1 26.697769324404419 -11.441081640791907 14.25 0 0 -3 F 0
F 1 #
-360 point $-1 26.697769324404419 -11.441081640791907 14.25 #
-361 coedge $-1 $249 $498 $499 $500 reversed $89 $-1 #
-362 coedge $-1 $501 $502 $249 $363 forward $503 $-1 #
-363 edge $504 $366 0 $505 0.027364493782584091 $362 $506 forward 7 unknown #
-364 coedge $-1 $259 $250 $502 $507 reversed $260 $-1 #
-365 ptlist-eye-attrib $-1 $-1 $-1 $251 #
-366 vertex $-1 $251 $508 #
-367 straight-curve $-1 26.697769324404419 -21.241180999883017
0.75000000000000022 0 -3.5527136788005009e-15 0.47715295538788438 F 0 F 1 #
-368 coedge $-1 $509 $510 $252 $369 forward $511 $-1 #
-369 edge $512 $513 0 $374 1 $252 $514 forward 7 unknown #
-370 coedge $-1 $515 $253 $355 $495 reversed $372 $-1 #
-371 coedge $-1 $253 $515 $509 $516 forward $372 $-1 #
-372 loop $-1 $-1 $370 $352 #
-373 ptlist-eye-attrib $-1 $-1 $-1 $254 #
-374 vertex $-1 $254 $517 #
-375 straight-curve $-1 26.697769324404419 -11.441081640791907 11.25 0 14 0 F 0
F 1 #
-376 coedge $-1 $518 $256 $519 $520 forward $42 $-1 #
-377 coedge $-1 $521 $522 $256 $378 reversed $523 $-1 #
-378 edge $524 $383 0 $525 1 $377 $526 forward 7 unknown #
-379 coedge $-1 $527 $257 $259 $385 forward $381 $-1 #
-380 coedge $-1 $257 $527 $521 $528 forward $381 $-1 #
-381 loop $-1 $-1 $380 $529 #
-382 ptlist-eye-attrib $-1 $-1 $-1 $258 #
-383 vertex $-1 $378 $530 #
-384 ellipse-curve $-1 26.479498446864191 -20.236967493529249
0.74999999999990052 1.2747005097546637e-16 6.8833827526759706e-15 -1
-0.018515344005912482 -0.99982857632513245 -6.8833827526759706e-15 1 F 0 F
1.5707963267949823 #
-385 edge $531 $262 0 $532 1 $259 $533 forward 7 unknown #
-386 face $-1 $534 $260 $3 $-1 $535 forward single #
-387 point $-1 26.460983102858211 -21.236796069854385 0.74999999999996414 #
-388 coedge $-1 $265 $536 $537 $538 forward $42 $-1 #
-389 coedge $-1 $539 $266 $265 $390 reversed $392 $-1 #
-390 edge $540 $541 0 $394 0.80391456546546314 $389 $542 forward 7 unknown #
-391 coedge $-1 $266 $543 $268 $396 forward $392 $-1 #
-392 loop $-1 $-1 $391 $544 #
-393 ptlist-eye-attrib $-1 $-1 $-1 $267 #
-394 vertex $-1 $267 $545 #
-395 ellipse-curve $-1 -0.093072476698544446 -19.744882846796674
0.74999999999990408 -1.27557508986435e-16 6.8881054852678694e-15 -1
0.70710678118654469 -0.70710678118654968 -4.9960036108132044e-15 1 F 0 F
0.8039145654654235 #
-396 edge $546 $547 0 $271 1 $391 $548 forward 7 unknown #
-397 point $-1 -0.11158782070458872 -20.744711423121799 0.74999999999996647 #
-398 face $-1 $549 $477 $3 $-1 $550 forward single #
-399 loop $-1 $-1 $551 $274 #
-400 cone-surface $-1 -0.30223067559558103 -6.2410816407919043 -108.25 1 0 0 0
110.5 0 1 I I 0 1 1 forward I I I I #
-401 coedge $-1 $552 $280 $283 $412 forward $276 $-1 #
-402 coedge $-1 $553 $553 $410 $554 forward $278 $-1 #
-403 coedge $-1 $555 $279 $556 $557 forward $179 $-1 #
-404 coedge $-1 $279 $555 $558 $559 forward $179 $-1 #
-405 coedge $-1 $560 $561 $279 $406 forward $417 $-1 #
-406 edge $562 $563 0 $564 1 $405 $565 forward 7 unknown #
-407 coedge $-1 $280 $552 $282 $411 reversed $276 $-1 #
-408 ptlist-eye-attrib $-1 $-1 $-1 $281 #
-409 ellipse-curve $-1 20.697769324404419 15.058918359208096 8.7999999999999989
0 -1 0 1.6000000000000014 0 1.7763568394002505e-15 1 F 0 F 3.1415926535897909
#
-410 coedge $-1 $283 $282 $402 $554 reversed $284 $-1 #
-411 edge $566 $287 0 $567 1 $282 $568 forward 7 unknown #
-412 edge $569 $286 0 $570 1 $283 $571 forward 7 unknown #
-413 point $-1 19.097769324404418 15.058918359208096 8.8000000000000007 #
-414 point $-1 22.29776932440442 15.058918359208096 8.8000000000000007 #
-415 coedge $-1 $572 $289 $292 $421 forward $417 $-1 #
-416 coedge $-1 $289 $573 $296 $423 forward $417 $-1 #
-417 loop $-1 $574 $416 $334 #
-418 ptlist-eye-attrib $-1 $-1 $-1 $290 #
-419 straight-curve $-1 -0.30223067559558103 15.058918359208093 14.25 27 0 0 F
0 F 1 #
-420 coedge $-1 $575 $291 $576 $577 reversed $89 $-1 #
-421 edge $578 $294 0 $513 1 $292 $579 forward 7 unknown #
-422 point $-1 26.697769324404419 15.058918359208093 14.25 #
-423 edge $580 $581 0 $299 1 $416 $582 forward 7 unknown #
-424 coedge $-1 $297 $583 $584 $585 reversed $83 $-1 #
-425 point $-1 -0.30223067559558103 15.058918359208093 14.25 #
-426 coedge $-1 $586 $301 $587 $588 forward $191 $-1 #
-427 coedge $-1 $584 $589 $301 $428 reversed $590 $-1 #
-428 edge $591 $430 0 $592 1.3330909045453541 $427 $593 forward 7 unknown #
-429 ptlist-eye-attrib $-1 $-1 $-1 $302 #
-430 vertex $-1 $302 $594 #
-431 straight-curve $-1 -0.30223067559558103 7.2673923883199976
0.75000000000000056 0 7.7915259708880917 5.5511151231257827e-16 F 0 F 1 #
-432 coedge $-1 $303 $595 $596 $597 forward $191 $-1 #
-433 coedge $-1 $598 $576 $303 $434 reversed $599 $-1 #
-434 edge $600 $601 0 $436 1.3426056027985964 $433 $602 forward 7 unknown #
-435 ptlist-eye-attrib $-1 $-1 $-1 $304 #
-436 vertex $-1 $577 $603 #
-437 straight-curve $-1 26.697769324404419 6.7673923883200686
0.75000000000000056 0 8.2915259708880242 5.5511151231257827e-16 F 0 F 1 #
-438 face $-1 $604 $605 $3 $-1 $606 reversed single #
-439 plane-surface $-1 13.197769324404419 -4.7974041042373301 0.75 0 0 1 1 0 0
forward_v F -14.039999999999999 F 14.039999999999999 F 10.42019089527915 F
20.041344651056519 #
-440 ptlist-eye-attrib $-1 $-1 $-1 $314 #
-441 ellipse-curve $-1 20.697769324404419 -29.941081640791904
8.7999999999999989 0 -1 0 1.6000000000000014 0 1.7763568394002505e-15 1 F 0 F
3.1415926535897909 #
-442 cone-surface $-1 20.697769324404419 -29.941081640791904 8.7999999999999989
0 -1 0 1.5999999999999999 0 0 1 I I 0 1 1 forward I I I I #
-443 face $-1 $491 $466 $3 $-1 $607 forward single #
-444 loop $-1 $-1 $608 $322 #
-445 cone-surface $-1 3.1977693244044185 -24.941081640791904 36.107600000000048
0 0 -1 0 -5 0 1 I I 0 1 1 forward I I I I #
-446 coedge $-1 $609 $610 $611 $612 reversed $323 $-1 #
-447 coedge $-1 $325 $346 $464 $613 reversed $347 $-1 #
-448 ptlist-eye-attrib $-1 $-1 $-1 $326 #
-449 vertex $-1 $613 $614 #
-450 straight-curve $-1 -1.802230675595581 -11.441081640791907 14.25 1.5 0 0 F
0 F 1 #
-451 coedge $-1 $327 $461 $615 $616 forward $150 $-1 #
-452 coedge $-1 $617 $618 $327 $453 reversed $619 $-1 #
-453 edge $620 $621 0 $456 1 $452 $622 forward 7 unknown #
-454 coedge $-1 $355 $328 $618 $623 forward $356 $-1 #
-455 ptlist-eye-attrib $-1 $-1 $-1 $329 #
-456 vertex $-1 $623 $624 #
-457 straight-curve $-1 26.697769324404419 -11.441081640791907 14.25 1.5 0 0 F
0 F 1 #
-458 coedge $-1 $330 $330 $625 $626 forward $230 $-1 #
-459 coedge $-1 $627 $628 $330 $460 reversed $629 $-1 #
-460 edge $630 $631 0 $632 3.1415926535897931 $459 $633 forward 7 unknown #
-461 coedge $-1 $451 $331 $634 $635 forward $150 $-1 #
-462 coedge $-1 $636 $637 $331 $463 reversed $444 $-1 #
-463 edge $638 $468 0 $639 1.5707963267948959 $331 $640 forward 7 unknown #
-464 coedge $-1 $641 $332 $447 $613 forward $466 $-1 #
-465 coedge $-1 $332 $642 $636 $643 reversed $466 $-1 #
-466 loop $-1 $-1 $641 $443 #
-467 ptlist-eye-attrib $-1 $-1 $-1 $333 #
-468 vertex $-1 $643 $644 #
-469 straight-curve $-1 -1.802230675595581 -11.441081640791907 14.25 0 -13.5 0
F 0 F 1 #
-470 face $-1 $645 $646 $3 $-1 $647 reversed single #
-471 plane-surface $-1 0 0 14.25 0 0 1 1 0 0 forward_v F -2.4022306755955811 F
28.79776932440442 F -30.961081640791903 F 22.078918359208092 #
-472 coedge $-1 $648 $336 $649 $650 forward $83 $-1 #
-473 coedge $-1 $651 $652 $336 $474 reversed $653 $-1 #
-474 edge $654 $479 0 $655 1 $473 $656 forward 7 unknown #
-475 coedge $-1 $657 $337 $339 $481 forward $477 $-1 #
-476 coedge $-1 $337 $658 $651 $659 reversed $477 $-1 #
-477 loop $-1 $-1 $657 $398 #
-478 ptlist-eye-attrib $-1 $-1 $-1 $338 #
-479 vertex $-1 $474 $660 #
-480 ellipse-curve $-1 -0.30223067559558103 -6.2410816407919043 -108.25 -1 0 0
0 -14.50009935909118 109.54449834919362 1 F 0 F 0.027349430558373408 #
-481 edge $661 $341 1.7023984890853119 $547 1.7024307173653523 $475 $662
forward 7 unknown #
-482 point $-1 -0.30223067559552419 -20.741180999883085 1.2944983491936171 #
-483 coedge $-1 $663 $664 $343 $484 reversed $665 $-1 #
-484 edge $666 $581 0 $488 1 $483 $667 forward 7 unknown #
-485 coedge $-1 $668 $344 $664 $669 forward $353 $-1 #
-486 coedge $-1 $344 $668 $346 $490 reversed $353 $-1 #
-487 ptlist-eye-attrib $-1 $-1 $-1 $345 #
-488 vertex $-1 $345 $670 #
-489 straight-curve $-1 -0.30223067559558103 -11.441081640791907 11.25 0 14 0 F
0 F 1 #
-490 edge $671 $349 0 $672 1 $486 $673 forward 7 unknown #
-491 face $-1 $496 $347 $3 $-1 $674 reversed single #
-492 point $-1 -0.30223067559558103 -11.441081640791907 11.25 #
-493 face $-1 $675 $665 $3 $-1 $676 reversed single #
-494 plane-surface $-1 28.197769324404419 -11.441081640791907 11.25 0 0 -1 0 1
0 forward_v F -0.28000000000000003 F 14.279999999999999 F -30.600000000000001 F
0.59999999999999998 #
-495 edge $677 $678 0 $358 1 $370 $679 forward 7 unknown #
-496 face $-1 $156 $356 $3 $-1 $680 reversed single #
-497 point $-1 26.697769324404419 -11.441081640791907 11.25 #
-498 coedge $-1 $361 $681 $682 $683 reversed $89 $-1 #
-499 coedge $-1 $684 $685 $361 $500 forward $686 $-1 #
-500 edge $687 $505 0 $688 1 $499 $689 forward 7 unknown #
-501 coedge $-1 $690 $362 $685 $691 reversed $503 $-1 #
-502 coedge $-1 $362 $692 $364 $507 forward $503 $-1 #
-503 loop $-1 $-1 $692 $693 #
-504 ptlist-eye-attrib $-1 $-1 $-1 $363 #
-505 vertex $-1 $363 $694 #
-506 ellipse-curve $-1 26.697769324404419 -6.2410816407919043 -108.25 -1 0 0 0
-15.000099359091116 109.47715295538787 1 F 0 F 0.027364493782584091 #
-507 edge $695 $532 1.7069241865381577 $366 1.7069642398084461 $364 $696
forward 7 unknown #
-508 point $-1 26.697769324404419 -21.241180999883021 1.2271529553878651 #
-509 coedge $-1 $697 $368 $371 $516 reversed $511 $-1 #
-510 coedge $-1 $368 $697 $572 $698 reversed $511 $-1 #
-511 loop $-1 $-1 $509 $675 #
-512 ptlist-eye-attrib $-1 $-1 $-1 $369 #
-513 vertex $-1 $369 $699 #
-514 straight-curve $-1 26.697769324404419 2.5589183592080929 14.25 0 0 -3 F 0
F 1 #
-515 coedge $-1 $371 $370 $700 $701 forward $372 $-1 #
-516 edge $702 $703 0 $374 1 $509 $704 forward 7 unknown #
-517 point $-1 26.697769324404419 2.5589183592080929 11.25 #
-518 coedge $-1 $705 $376 $706 $707 forward $42 $-1 #
-519 coedge $-1 $708 $706 $376 $520 reversed $709 $-1 #
-520 edge $710 $525 0 $711 0.28040764120624834 $519 $712 forward 7 unknown #
-521 coedge $-1 $713 $377 $380 $528 reversed $523 $-1 #
-522 coedge $-1 $377 $714 $708 $715 reversed $523 $-1 #
-523 loop $-1 $-1 $716 $717 #
-524 ptlist-eye-attrib $-1 $-1 $-1 $378 #
-525 vertex $-1 $520 $718 #
-526 straight-curve $-1 25.479669870539063 -20.218452149523237
0.7499999999999668 -0.0133852021285783 -0.72280091494353371
3.3195668436292181e-14 F 0 F 1 #
-527 coedge $-1 $380 $379 $692 $719 forward $381 $-1 #
-528 edge $720 $721 0 $383 1 $380 $722 forward 7 unknown #
-529 face $-1 $386 $381 $3 $-1 $723 forward single #
-530 point $-1 25.479669870539063 -20.218452149523237 0.7499999999999668 #
-531 ptlist-eye-attrib $-1 $-1 $-1 $385 #
-532 vertex $-1 $507 $724 #
-533 straight-curve $-1 26.460983102858208 -21.236796069854385
0.74999999999996414 -3.907985046680551e-14 0 0.47775367060658691 F 0 F 1 #
-534 face $-1 $725 $726 $3 $-1 $727 reversed single #
-535 plane-surface $-1 -1.5295893884481053 -20.718452134830279
3.7497962188927367 -0.018515344006018571 -0.99982857632513134
-6.8845629297532674e-15 1.2747005097546639e-16 6.8833827526759848e-15
-1.0000000000000002 forward_v F 2.4424089641503541 F 3.0794298030285701 F
27.91573797664271 F 28.311831964184293 #
-536 coedge $-1 $388 $728 $729 $730 forward $42 $-1 #
-537 coedge $-1 $731 $732 $388 $538 reversed $733 $-1 #
-538 edge $734 $735 0 $541 1 $537 $736 forward 7 unknown #
-539 coedge $-1 $543 $389 $732 $737 forward $392 $-1 #
-540 ptlist-eye-attrib $-1 $-1 $-1 $390 #
-541 vertex $-1 $390 $738 #
-542 ellipse-curve $-1 -0.093072476698544446 -19.744882846796674
0.74999999999990052 -1.27557508986435e-16 6.8881054852678694e-15 -1
0.99982857632513111 0.018515344006022616 0 1 F 0 F 0.80391456546546314 #
-543 coedge $-1 $391 $539 $657 $739 forward $392 $-1 #
-544 face $-1 $740 $392 $3 $-1 $741 forward single #
-545 point $-1 0.61403430448800023 -20.451989627983224 0.74999999999989553 #
-546 ptlist-eye-attrib $-1 $-1 $-1 $396 #
-547 vertex $-1 $481 $742 #
-548 straight-curve $-1 -0.11158782070458108 -20.744711423121807
1.2940309790410827 -7.6466610821057657e-15 7.1054273576010019e-15
-0.54403097904111619 F 0 F 1 #
-549 face $-1 $743 $744 $3 $-1 $745 forward single #
-550 cone-surface $-1 -0.30223067559558103 -6.2410816407919043 -108.25 1 0 0 0
110.5 0 1 I I 0 1 1 forward I I I I #
-551 coedge $-1 $746 $747 $748 $749 reversed $399 $-1 #
-552 coedge $-1 $407 $401 $553 $750 reversed $276 $-1 #
-553 coedge $-1 $402 $402 $552 $750 forward $278 $-1 #
-554 edge $751 $570 0 $567 3.1415926535897953 $410 $752 forward 7 unknown #
-555 coedge $-1 $404 $403 $753 $754 reversed $179 $-1 #
-556 coedge $-1 $755 $756 $403 $557 reversed $757 $-1 #
-557 edge $758 $563 0 $759 1 $556 $760 forward 7 unknown #
-558 coedge $-1 $761 $762 $404 $559 reversed $763 $-1 #
-559 edge $764 $765 0 $564 1 $558 $766 forward 7 unknown #
-560 coedge $-1 $767 $405 $762 $768 forward $417 $-1 #
-561 coedge $-1 $405 $769 $755 $770 forward $417 $-1 #
-562 ptlist-eye-attrib $-1 $-1 $-1 $406 #
-563 vertex $-1 $557 $771 #
-564 vertex $-1 $559 $772 #
-565 straight-curve $-1 23.197769324404419 21.058918359208093 14.25 -20 0 0 F 0
F 1 #
-566 ptlist-eye-attrib $-1 $-1 $-1 $411 #
-567 vertex $-1 $750 $773 #
-568 straight-curve $-1 22.297769324404417 15.058918359208095
8.7999999999999989 0 5.9999999999999947 0 F 0 F 1 #
-569 ptlist-eye-attrib $-1 $-1 $-1 $412 #
-570 vertex $-1 $750 $774 #
-571 straight-curve $-1 19.097769324404418 15.058918359208095
8.7999999999999989 0 5.9999999999999947 0 F 0 F 1 #
-572 coedge $-1 $769 $415 $510 $698 forward $417 $-1 #
-573 coedge $-1 $416 $767 $663 $775 forward $417 $-1 #
-574 loop $-1 $-1 $776 $334 #
-575 coedge $-1 $777 $420 $778 $779 reversed $89 $-1 #
-576 coedge $-1 $433 $780 $420 $577 forward $599 $-1 #
-577 edge $781 $782 0 $436 1 $576 $783 forward 7 unknown #
-578 ptlist-eye-attrib $-1 $-1 $-1 $421 #
-579 straight-curve $-1 26.697769324404419 15.058918359208093 14.25 0 -12.5 0 F
0 F 1 #
-580 ptlist-eye-attrib $-1 $-1 $-1 $423 #
-581 vertex $-1 $484 $784 #
-582 straight-curve $-1 -0.30223067559558103 2.5589183592080929 14.25 0 12.5 0
F 0 F 1 #
-583 coedge $-1 $424 $785 $786 $787 forward $83 $-1 #
-584 coedge $-1 $788 $427 $424 $585 forward $590 $-1 #
-585 edge $789 $430 0 $790 1 $584 $791 forward 7 unknown #
-586 coedge $-1 $792 $426 $793 $794 forward $191 $-1 #
-587 coedge $-1 $795 $796 $426 $588 reversed $797 $-1 #
-588 edge $798 $592 0 $799 1 $426 $800 forward 7 unknown #
-589 coedge $-1 $427 $788 $795 $801 forward $590 $-1 #
-590 loop $-1 $-1 $589 $802 #
-591 ptlist-eye-attrib $-1 $-1 $-1 $428 #
-592 vertex $-1 $801 $803 #
-593 ellipse-curve $-1 -0.51966879386340348 6.2913182801068217 0.75 0 0 -1
0.21743811826782244 0.97607410821317586 0 1 F 0 F 1.3330909045453541 #
-594 point $-1 -0.30223067559558103 7.2673923883199976 0.75000000000000056 #
-595 coedge $-1 $432 $804 $805 $806 forward $191 $-1 #
-596 coedge $-1 $807 $808 $432 $597 reversed $809 $-1 #
-597 edge $810 $811 0 $601 1 $432 $812 forward 7 unknown #
-598 coedge $-1 $780 $433 $808 $813 forward $599 $-1 #
-599 loop $-1 $-1 $576 $814 #
-600 ptlist-eye-attrib $-1 $-1 $-1 $434 #
-601 vertex $-1 $597 $815 #
-602 ellipse-curve $-1 26.905910689978523 5.7892936346469313 0.75 0 0 -1
-0.99982857632512889 0.018515344005992418 0 1 F 0 F 1.3426056027985964 #
-603 point $-1 26.697769324404419 6.7673923883200686 0.75000000000000056 #
-604 face $-1 $816 $817 $3 $-1 $818 reversed single #
-605 loop $-1 $-1 $819 $438 #
-606 plane-surface $-1 26.597769324404414 12.058918359208086 60.108007561625499
1 3.7726441939864137e-15 0 3.7726441939864137e-15 -1 0 forward_v F
-0.079633584135832769 F 3.8464491078086227 F 59.278373977489665 F
60.937641145761333 #
-607 plane-surface $-1 -1.802230675595581 20.058918359208093 12.850000000000001
-1 0 0 0 -1 0 forward_v F -0.98000000000000131 F 49.979999999999997 F -13.9 F
1.7 #
-608 coedge $-1 $637 $636 $820 $821 reversed $444 $-1 #
-609 coedge $-1 $634 $446 $822 $823 reversed $323 $-1 #
-610 coedge $-1 $446 $634 $637 $824 forward $323 $-1 #
-611 coedge $-1 $820 $825 $446 $612 forward $826 $-1 #
-612 edge $827 $828 0 $829 1 $611 $830 forward 7 unknown #
-613 edge $831 $449 0 $672 1 $447 $832 forward 7 unknown #
-614 point $-1 -1.802230675595581 -11.441081640791907 14.25 #
-615 coedge $-1 $822 $833 $451 $616 reversed $834 $-1 #
-616 edge $835 $836 0 $621 1.5707963267948959 $615 $837 forward 7 unknown #
-617 coedge $-1 $838 $452 $833 $839 forward $619 $-1 #
-618 coedge $-1 $452 $700 $454 $623 reversed $619 $-1 #
-619 loop $-1 $-1 $452 $840 #
-620 ptlist-eye-attrib $-1 $-1 $-1 $453 #
-621 vertex $-1 $453 $841 #
-622 straight-curve $-1 28.197769324404419 -24.941081640791907 14.25 0 13.5 0 F
0 F 1 #
-623 edge $842 $456 0 $678 1 $618 $843 forward 7 unknown #
-624 point $-1 28.197769324404419 -11.441081640791907 14.25 #
-625 coedge $-1 $844 $845 $458 $626 reversed $846 $-1 #
-626 edge $847 $632 0 $631 3.1415926535897931 $625 $848 forward 7 unknown #
-627 coedge $-1 $849 $459 $845 $850 reversed $629 $-1 #
-628 coedge $-1 $459 $849 $844 $851 reversed $629 $-1 #
-629 loop $-1 $-1 $849 $852 #
-630 ptlist-eye-attrib $-1 $-1 $-1 $460 #
-631 vertex $-1 $626 $853 #
-632 vertex $-1 $626 $854 #
-633 ellipse-curve $-1 13.197769324404423 -27.041081640791905
14.250000000000002 0 0 -1 -1.5999999999999996 0 0 1 F 0 F 3.1415926535897931 #
-634 coedge $-1 $610 $609 $461 $635 reversed $323 $-1 #
-635 edge $855 $639 0 $836 1 $461 $856 forward 7 unknown #
-636 coedge $-1 $608 $462 $465 $643 forward $444 $-1 #
-637 coedge $-1 $462 $608 $610 $824 reversed $444 $-1 #
-638 ptlist-eye-attrib $-1 $-1 $-1 $463 #
-639 vertex $-1 $824 $857 #
-640 ellipse-curve $-1 3.1977693244044185 -24.941081640791904 14.25 0 0 1 -5
-3.5527136788005009e-15 0 1 F 0 F 1.5707963267948959 #
-641 coedge $-1 $858 $464 $668 $859 forward $466 $-1 #
-642 coedge $-1 $465 $860 $861 $862 forward $466 $-1 #
-643 edge $863 $468 0 $864 1 $465 $865 forward 7 unknown #
-644 point $-1 -1.802230675595581 -24.941081640791907 14.25 #
-645 face $-1 $866 $867 $3 $-1 $868 reversed single #
-646 loop $-1 $-1 $869 $470 #
-647 cone-surface $-1 13.197769324404423 18.158918359208101 12.850000000000001
0 0 1 -1.5999999999999999 0 0 1 I I 0 1 1 forward I I I I #
-648 coedge $-1 $870 $472 $871 $872 forward $83 $-1 #
-649 coedge $-1 $873 $874 $472 $650 reversed $875 $-1 #
-650 edge $876 $655 0 $877 1 $649 $878 forward 7 unknown #
-651 coedge $-1 $879 $473 $476 $659 forward $653 $-1 #
-652 coedge $-1 $473 $879 $873 $880 forward $653 $-1 #
-653 loop $-1 $-1 $879 $881 #
-654 ptlist-eye-attrib $-1 $-1 $-1 $474 #
-655 vertex $-1 $650 $882 #
-656 straight-curve $-1 -0.30223067559558103 -17.740152193298684
1.6500517580791307 1.1102230246251565e-16 0 -0.90005175807913007 F 0 F 1 #
-657 coedge $-1 $883 $475 $543 $739 reversed $477 $-1 #
-658 coedge $-1 $476 $883 $884 $885 reversed $477 $-1 #
-659 edge $886 $479 -1.4665435950628489 $887 -1.4665083549030322 $651 $888
forward 7 unknown #
-660 point $-1 -0.30223067559529682 -17.740152193298687 1.6500517580791296 #
-661 ptlist-eye-attrib $-1 $-1 $-1 $481 #
-662 ellipse-curve $-1 -783.30759606657921 -6.2410816407919043 -108.25
0.018515344006018571 0.99982857632513134 6.8845629297532674e-15
-5967.0000000007667 110.49999999999999 7.673861546209082e-13
0.018515344006018571 F 1.7023984890853119 F 1.7024307173653523 #
-663 coedge $-1 $889 $483 $573 $775 reversed $665 $-1 #
-664 coedge $-1 $483 $889 $485 $669 reversed $665 $-1 #
-665 loop $-1 $-1 $663 $493 #
-666 ptlist-eye-attrib $-1 $-1 $-1 $484 #
-667 straight-curve $-1 -0.30223067559558103 2.5589183592080929 14.25 0 0 -3 F
0 F 1 #
-668 coedge $-1 $486 $485 $641 $859 reversed $353 $-1 #
-669 edge $890 $488 0 $891 1 $664 $892 forward 7 unknown #
-670 point $-1 -0.30223067559558103 2.5589183592080929 11.25 #
-671 ptlist-eye-attrib $-1 $-1 $-1 $490 #
-672 vertex $-1 $613 $893 #
-673 straight-curve $-1 -0.30223067559558103 -11.441081640791907 11.25 -1.5 0 0
F 0 F 1 #
-674 plane-surface $-1 28.197769324404419 -11.441081640791907 14.25 0 -1 0 0 0
-1 forward_v F -0.079633584135832769 F 3.0796335841358329 F -30.600000000000001
F 0.59999999999999998 #
-675 face $-1 $232 $511 $3 $-1 $894 reversed single #
-676 plane-surface $-1 28.197769324404419 2.5589183592080929 11.25 0 1 0 0 0 1
forward_v F -0.079633584135832769 F 3.0796335841358329 F -30.600000000000001 F
0.59999999999999998 #
-677 ptlist-eye-attrib $-1 $-1 $-1 $495 #
-678 vertex $-1 $495 $895 #
-679 straight-curve $-1 28.197769324404419 -11.441081640791907 11.25 -1.5 0 0 F
0 F 1 #
-680 plane-surface $-1 28.197769324404419 -11.441081640791907 14.25 0 -1 0 0 0
-1 forward_v F -0.079633584135832769 F 3.0796335841358329 F -30.600000000000001
F 0.59999999999999998 #
-681 coedge $-1 $498 $896 $897 $898 reversed $89 $-1 #
-682 coedge $-1 $899 $900 $498 $683 forward $901 $-1 #
-683 edge $902 $688 0 $903 1 $682 $904 forward 7 unknown #
-684 coedge $-1 $905 $499 $900 $906 reversed $686 $-1 #
-685 coedge $-1 $499 $905 $501 $691 forward $686 $-1 #
-686 loop $-1 $-1 $499 $907 #
-687 ptlist-eye-attrib $-1 $-1 $-1 $500 #
-688 vertex $-1 $500 $908 #
-689 straight-curve $-1 26.697769324404419 -18.24015219329862
1.5965853173232034 0 0 -0.84658531732320275 F 0 F 1 #
-690 coedge $-1 $909 $501 $910 $911 reversed $503 $-1 #
-691 edge $912 $913 -1.4620234603374567 $505 -1.4619929075639253 $685 $914
forward 7 unknown #
-692 coedge $-1 $502 $909 $527 $719 reversed $503 $-1 #
-693 face $-1 $915 $503 $3 $-1 $916 forward single #
-694 point $-1 26.697769324404476 -18.24015219329862 1.5965853173232034 #
-695 ptlist-eye-attrib $-1 $-1 $-1 $507 #
-696 ellipse-curve $-1 -783.30759606657921 -6.2410816407919043 -108.25
0.018515344006018571 0.99982857632513134 6.8845629297532674e-15
-5967.0000000007667 110.49999999999999 7.673861546209082e-13
0.018515344006018571 F 1.7069241865381577 F 1.7069642398084461 #
-697 coedge $-1 $510 $509 $917 $918 reversed $511 $-1 #
-698 edge $919 $513 0 $920 1 $572 $921 forward 7 unknown #
-699 point $-1 26.697769324404419 2.5589183592080929 14.25 #
-700 coedge $-1 $618 $917 $515 $701 reversed $619 $-1 #
-701 edge $922 $678 0 $703 1 $700 $923 forward 7 unknown #
-702 ptlist-eye-attrib $-1 $-1 $-1 $516 #
-703 vertex $-1 $516 $924 #
-704 straight-curve $-1 28.197769324404419 2.5589183592080929 11.25 -1.5 0 0 F
0 F 1 #
-705 coedge $-1 $925 $518 $926 $927 forward $42 $-1 #
-706 coedge $-1 $519 $928 $518 $707 reversed $709 $-1 #
-707 edge $929 $711 0 $930 1.3038939605198288 $706 $931 forward 7 unknown #
-708 coedge $-1 $932 $519 $522 $715 forward $709 $-1 #
-709 loop $-1 $-1 $708 $933 #
-710 ptlist-eye-attrib $-1 $-1 $-1 $520 #
-711 vertex $-1 $707 $934 #
-712 intcurve-curve $-1 forward { exactcur full nubs 3 open 2 0 3
0.28040764120624834 3 25.466284668410484 -20.941253064466775 0.75
25.4645540537642 -21.034706255366086 0.75 25.446712915357701
-21.128513652546108 0.75 25.418059691194994 -21.217482673342104 0.75 0
null_surface null_surface nullbs nullbs I I 0 0 0 I I } I I #
-713 coedge $-1 $935 $521 $909 $936 reversed $523 $-1 #
-714 coedge $-1 $522 $937 $938 $939 reversed $523 $-1 #
-715 edge $940 $525 0 $941 1 $522 $942 forward 7 unknown #
-716 coedge $-1 $943 $944 $945 $946 reversed $523 $-1 #
-717 face $-1 $947 $523 $3 $-1 $948 reversed single #
-718 point $-1 25.466284668410484 -20.941253064466775 0.75 #
-719 edge $949 $532 0 $721 1.5732302084755381 $527 $950 forward 7 unknown #
-720 ptlist-eye-attrib $-1 $-1 $-1 $528 #
-721 vertex $-1 $936 $951 #
-722 straight-curve $-1 25.479669870539063 -20.218452149523248
1.3624222598043247 0 1.0658141036401503e-14 -0.61242225980435794 F 0 F 1 #
-723 cone-surface $-1 26.479498446864191 -20.236967493529271 3.7497962188927438
1.2747005097546637e-16 6.8833827526759706e-15 -1 -0.018515344006019063
-0.99982857632513067 -7.1054273576009971e-15 1 I I 0 1 1 forward I I I I #
-724 point $-1 26.460983102858172 -21.236796069854385 1.2277536706065511 #
-725 face $-1 $952 $953 $3 $-1 $954 forward single #
-726 loop $-1 $-1 $955 $534 #
-727 plane-surface $-1 25.642624416474131 -10.275229132474045
60.108007561625499 0 1 0 1 0 0 forward_v F -0.00042358427279793888 F
0.021602797912694881 F 59.278373977489665 F 60.937641145761333 #
-728 coedge $-1 $536 $956 $957 $958 forward $42 $-1 #
-729 coedge $-1 $959 $960 $536 $730 reversed $961 $-1 #
-730 edge $962 $963 0 $735 1.5363203674706671 $729 $964 forward 7 unknown #
-731 coedge $-1 $965 $537 $960 $966 reversed $733 $-1 #
-732 coedge $-1 $537 $967 $539 $737 reversed $733 $-1 #
-733 loop $-1 $-1 $968 $969 #
-734 ptlist-eye-attrib $-1 $-1 $-1 $538 #
-735 vertex $-1 $538 $970 #
-736 straight-curve $-1 0.92925398039836438 -20.941253064466739
0.74999999999999045 -0.022497880771778056 1.2148855616761267
-2.2426505097428162e-14 F 0 F 1 #
-737 edge $971 $541 0 $972 1 $539 $973 forward 7 unknown #
-738 point $-1 0.90675609962658665 -19.726367502790652 0.74999999999990052 #
-739 edge $974 $972 0 $547 1.6094656730354997 $543 $975 forward 7 unknown #
-740 face $-1 $881 $976 $3 $-1 $977 forward single #
-741 cone-surface $-1 -0.093072476698540463 -19.744882846796887
31.928901890259127 1.27557508986435e-16 -6.8881054852678694e-15 1
0.70710678118654846 -0.70710678118654657 0 1 I I 0 1 1 forward I I I I #
-742 point $-1 -0.11158782070435791 -20.744711423121814 1.2940309790410964 #
-743 face $-1 $978 $979 $3 $-1 $980 forward single #
-744 loop $-1 $-1 $786 $549 #
-745 cone-surface $-1 -0.30223067559558103 -6.2410816407919043 -108.25 1 0 0 0
110.5 0 1 I I 0 1 1 forward I I I I #
-746 coedge $-1 $981 $551 $982 $983 reversed $399 $-1 #
-747 coedge $-1 $551 $981 $984 $985 reversed $399 $-1 #
-748 coedge $-1 $986 $987 $551 $749 forward $988 $-1 #
-749 edge $989 $990 1.5025450938838998 $991 1.5117861195089846 $748 $992
forward 7 unknown #
-750 edge $993 $567 0 $570 3.1415926535897909 $552 $994 forward 7 unknown #
-751 ptlist-eye-attrib $-1 $-1 $-1 $554 #
-752 ellipse-curve $-1 20.697769324404419 21.058918359208096 8.7999999999999989
0 -1 0 -1.6000000000000014 0 1.7763568394002505e-15 1 F 0 F 3.1415926535897953
#
-753 coedge $-1 $995 $996 $555 $754 forward $997 $-1 #
-754 edge $998 $765 0 $759 1 $753 $999 forward 7 unknown #
-755 coedge $-1 $1000 $556 $561 $770 reversed $757 $-1 #
-756 coedge $-1 $556 $1000 $995 $1001 reversed $757 $-1 #
-757 loop $-1 $-1 $756 $1002 #
-758 ptlist-eye-attrib $-1 $-1 $-1 $557 #
-759 vertex $-1 $754 $1003 #
-760 straight-curve $-1 23.197769324404419 21.058918359208093 14.25 0 0 -10.75
F 0 F 1 #
-761 coedge $-1 $1004 $558 $996 $1005 reversed $763 $-1 #
-762 coedge $-1 $558 $1004 $560 $768 reversed $763 $-1 #
-763 loop $-1 $-1 $558 $1006 #
-764 ptlist-eye-attrib $-1 $-1 $-1 $559 #
-765 vertex $-1 $559 $1007 #
-766 straight-curve $-1 3.197769324404419 21.058918359208093 3.5 0 0 10.75 F 0
F 1 #
-767 coedge $-1 $573 $560 $1008 $1009 forward $417 $-1 #
-768 edge $1010 $564 0 $1011 1.5707963267948968 $762 $1012 forward 7 unknown #
-769 coedge $-1 $561 $572 $1013 $1014 forward $417 $-1 #
-770 edge $1015 $1016 0 $563 1.5707963267948959 $755 $1017 forward 7 unknown #
-771 point $-1 23.197769324404419 21.058918359208093 14.25 #
-772 point $-1 3.197769324404419 21.058918359208093 14.25 #
-773 point $-1 22.29776932440442 21.058918359208096 8.8000000000000007 #
-774 point $-1 19.097769324404418 21.058918359208096 8.8000000000000007 #
-775 edge $1018 $1019 0 $581 1 $573 $1020 forward 7 unknown #
-776 coedge $-1 $1021 $1021 $1022 $1023 forward $574 $-1 #
-777 coedge $-1 $1024 $575 $1025 $1026 reversed $89 $-1 #
-778 coedge $-1 $1027 $1028 $575 $779 forward $1029 $-1 #
-779 edge $1030 $1031 0 $782 0.018213880255476426 $778 $1032 forward 7 unknown
#
-780 coedge $-1 $576 $598 $1027 $1033 forward $599 $-1 #
-781 ptlist-eye-attrib $-1 $-1 $-1 $577 #
-782 vertex $-1 $779 $1034 #
-783 straight-curve $-1 26.697769324404419 6.767392388320066 1.4816253567489934
0 2.6645352591003757e-15 -0.73162535674899287 F 0 F 1 #
-784 point $-1 -0.30223067559558103 2.5589183592080929 14.25 #
-785 coedge $-1 $583 $1035 $1036 $1037 reversed $83 $-1 #
-786 coedge $-1 $1038 $1039 $583 $787 reversed $744 $-1 #
-787 edge $1040 $1041 0 $790 0.018223140265808194 $786 $1042 forward 7 unknown
#
-788 coedge $-1 $589 $584 $1039 $1043 forward $590 $-1 #
-789 ptlist-eye-attrib $-1 $-1 $-1 $585 #
-790 vertex $-1 $585 $1044 #
-791 straight-curve $-1 -0.30223067559558103 7.2673923883199976
0.75000000000000056 0 4.4408920985006262e-15 0.67119553193905979 F 0 F 1 #
-792 coedge $-1 $1045 $586 $1046 $1047 reversed $191 $-1 #
-793 coedge $-1 $1048 $1049 $586 $794 reversed $1050 $-1 #
-794 edge $1051 $799 0 $1052 0.79996659345610222 $793 $1053 forward 7 unknown
#
-795 coedge $-1 $1054 $587 $589 $801 reversed $797 $-1 #
-796 coedge $-1 $587 $1055 $1048 $1056 reversed $797 $-1 #
-797 loop $-1 $-1 $796 $1057 #
-798 ptlist-eye-attrib $-1 $-1 $-1 $588 #
-799 vertex $-1 $588 $1058 #
-800 straight-curve $-1 0.48015978246172791 6.3098336241128319 0.75
-0.02818294575729019 1.5218790708938092 2.3314683517128287e-15 F 0 F 1 #
-801 edge $1059 $1060 0 $592 1 $589 $1061 forward 7 unknown #
-802 face $-1 $814 $590 $3 $-1 $1062 forward single #
-803 point $-1 0.4801597824617273 6.3098336241128141 0.75 #
-804 coedge $-1 $595 $1063 $1064 $1065 reversed $191 $-1 #
-805 coedge $-1 $1066 $1067 $595 $806 reversed $1068 $-1 #
-806 edge $1069 $1070 0 $811 0.79996659345615284 $595 $1071 forward 7 unknown
#
-807 coedge $-1 $1072 $596 $1067 $1073 reversed $809 $-1 #
-808 coedge $-1 $596 $1074 $598 $813 reversed $809 $-1 #
-809 loop $-1 $-1 $1075 $1076 #
-810 ptlist-eye-attrib $-1 $-1 $-1 $597 #
-811 vertex $-1 $1073 $1077 #
-812 straight-curve $-1 25.943561812104381 7.8317126950066474 0.75
-0.037479698450994192 -2.0239037163537059 0 F 0 F 1 #
-813 edge $1078 $601 0 $1079 1 $598 $1080 forward 7 unknown #
-814 face $-1 $1081 $599 $3 $-1 $1082 forward single #
-815 point $-1 25.906082113653394 5.8078089786529237 0.75 #
-816 face $-1 $1083 $1084 $3 $-1 $1085 reversed single #
-817 loop $-1 $-1 $1086 $604 #
-818 spline-surface $-1 forward { exactsur full nubs 3 3 open open none none 2
2 -0.028313100803202818 3 1.0281142822158795 3 59.278373977489665 3
60.937641145761333 3 25.566328570178175 13.212017986637489 0.82963358413583421
26.094787243467405 13.166431761873868 0.82963358413583421 26.626043570116728
12.545721035221542 0.82963358413583421 26.596599249774858 12.016483398121604
0.82963358413583421 25.566328570178175 13.212017986637489 0.27654452804527807
26.094787243467405 13.166431761873868 0.27654452804527807 26.626043570116728
12.545721035221542 0.27654452804527807 26.596599249774858 12.016483398121604
0.27654452804527807 25.566328570178175 13.212017986637489 -0.27654452804527807
26.094787243467405 13.166431761873868 -0.27654452804527807 26.626043570116728
12.545721035221542 -0.27654452804527807 26.596599249774858 12.016483398121604
-0.27654452804527807 25.566328570178175 13.212017986637489 -0.82963358413583421
26.094787243467405 13.166431761873868 -0.82963358413583421 26.626043570116728
12.545721035221542 -0.82963358413583421 26.596599249774858 12.016483398121604
-0.82963358413583421 0 0 0 0 0 0 0 F -0.028313100803202818 F 1.0281142822158795
F 59.278373977489665 F 60.937641145761333 } I I I I #
-819 coedge $-1 $1087 $1064 $1088 $1089 reversed $605 $-1 #
-820 coedge $-1 $861 $611 $608 $821 forward $826 $-1 #
-821 edge $1090 $829 0 $864 1.5707963267948968 $820 $1091 forward 7 unknown #
-822 coedge $-1 $1092 $615 $609 $823 forward $834 $-1 #
-823 edge $1093 $836 0 $828 1 $822 $1094 forward 7 unknown #
-824 edge $1095 $639 0 $829 1 $637 $1096 forward 7 unknown #
-825 coedge $-1 $611 $1097 $1092 $1098 forward $826 $-1 #
-826 loop $-1 $-1 $1099 $1100 #
-827 ptlist-eye-attrib $-1 $-1 $-1 $612 #
-828 vertex $-1 $823 $1101 #
-829 vertex $-1 $824 $1102 #
-830 straight-curve $-1 23.197769324404419 -29.9410816407919 3.5 -20 0 0 F 0 F
1 #
-831 ptlist-eye-attrib $-1 $-1 $-1 $613 #
-832 straight-curve $-1 -1.802230675595581 -11.441081640791907 14.25 0 0 -3 F 0
F 1 #
-833 coedge $-1 $615 $1092 $617 $839 reversed $834 $-1 #
-834 loop $-1 $-1 $1092 $1103 #
-835 ptlist-eye-attrib $-1 $-1 $-1 $616 #
-836 vertex $-1 $635 $1104 #
-837 ellipse-curve $-1 23.197769324404419 -24.941081640791904 14.25 0 0 1 0 -5
0 1 F 0 F 1.5707963267948959 #
-838 coedge $-1 $1105 $617 $1097 $1106 forward $619 $-1 #
-839 edge $1107 $621 0 $1108 1 $833 $1109 forward 7 unknown #
-840 face $-1 $1002 $619 $3 $-1 $1110 forward single #
-841 point $-1 28.197769324404419 -24.941081640791907 14.25 #
-842 ptlist-eye-attrib $-1 $-1 $-1 $623 #
-843 straight-curve $-1 28.197769324404419 -11.441081640791907 14.25 0 0 -3 F 0
F 1 #
-844 coedge $-1 $1111 $625 $628 $851 forward $846 $-1 #
-845 coedge $-1 $625 $1111 $627 $850 forward $846 $-1 #
-846 loop $-1 $-1 $1111 $1112 #
-847 ptlist-eye-attrib $-1 $-1 $-1 $626 #
-848 ellipse-curve $-1 13.197769324404423 -27.041081640791905
14.250000000000002 0 0 -1 1.5999999999999996 0 0 1 F 0 F 3.1415926535897931 #
-849 coedge $-1 $628 $627 $1113 $1114 reversed $629 $-1 #
-850 edge $1115 $1116 0 $631 1 $627 $1117 forward 7 unknown #
-851 edge $1118 $632 0 $1119 1 $628 $1120 forward 7 unknown #
-852 face $-1 $1121 $629 $3 $-1 $1122 reversed single #
-853 point $-1 11.597769324404423 -27.041081640791905 14.250000000000002 #
-854 point $-1 14.797769324404422 -27.041081640791905 14.250000000000002 #
-855 ptlist-eye-attrib $-1 $-1 $-1 $635 #
-856 straight-curve $-1 3.1977693244044181 -29.9410816407919 14.25 20 0 0 F 0 F
1 #
-857 point $-1 3.1977693244044185 -29.941081640791904 14.25 #
-858 coedge $-1 $1008 $641 $889 $1123 reversed $466 $-1 #
-859 edge $1124 $672 0 $891 1 $668 $1125 forward 7 unknown #
-860 coedge $-1 $642 $1126 $1127 $1128 reversed $466 $-1 #
-861 coedge $-1 $1129 $820 $642 $862 reversed $826 $-1 #
-862 edge $1130 $1131 0 $864 1 $861 $1132 forward 7 unknown #
-863 ptlist-eye-attrib $-1 $-1 $-1 $643 #
-864 vertex $-1 $643 $1133 #
-865 straight-curve $-1 -1.802230675595581 -24.941081640791907 14.25 0 0 -10.75
F 0 F 1 #
-866 face $-1 $1112 $1134 $3 $-1 $1135 forward single #
-867 loop $-1 $-1 $1136 $645 #
-868 cone-surface $-1 13.197769324404423 18.158918359208101 12.850000000000001
0 0 1 -1.5999999999999999 0 0 1 I I 0 1 1 forward I I I I #
-869 coedge $-1 $1137 $1138 $1139 $1140 reversed $646 $-1 #
-870 coedge $-1 $1141 $648 $1142 $1143 forward $83 $-1 #
-871 coedge $-1 $1144 $1145 $648 $872 reversed $1146 $-1 #
-872 edge $1147 $877 0 $1148 1 $871 $1149 forward 7 unknown #
-873 coedge $-1 $1150 $649 $652 $880 reversed $875 $-1 #
-874 coedge $-1 $649 $1151 $1144 $1152 forward $875 $-1 #
-875 loop $-1 $-1 $1153 $1154 #
-876 ptlist-eye-attrib $-1 $-1 $-1 $650 #
-877 vertex $-1 $872 $1155 #
-878 straight-curve $-1 -0.30223067559558092 -17.740152193298684
0.75000000000000067 -1.1102230246251565e-16 3.0010288065843582
-6.6613381477509392e-16 F 0 F 1 #
-879 coedge $-1 $652 $651 $1156 $1157 reversed $653 $-1 #
-880 edge $1158 $1159 0 $655 1 $873 $1160 forward 7 unknown #
-881 face $-1 $1154 $653 $3 $-1 $1161 forward single #
-882 point $-1 -0.30223067559558092 -17.740152193298684 0.75000000000000067 #
-883 coedge $-1 $658 $657 $967 $1162 reversed $477 $-1 #
-884 coedge $-1 $1163 $1156 $658 $885 forward $976 $-1 #
-885 edge $1164 $887 0 $1165 1.5341979097503833 $884 $1166 forward 7 unknown #
-886 ptlist-eye-attrib $-1 $-1 $-1 $659 #
-887 vertex $-1 $659 $1167 #
-888 ellipse-curve $-1 -621.25204051103515 -6.2410816407919043 -108.25
0.018515344006018571 0.99982857632513134 1.0566372262213871e-15
5967.0000000007667 -110.49999999999999 -1.1368683772161603e-13
0.018515344006018571 F -1.4665435950628489 F -1.4665083549030322 #
-889 coedge $-1 $664 $663 $858 $1123 forward $665 $-1 #
-890 ptlist-eye-attrib $-1 $-1 $-1 $669 #
-891 vertex $-1 $1123 $1168 #
-892 straight-curve $-1 -0.30223067559558103 2.5589183592080929 11.25 -1.5 0 0
F 0 F 1 #
-893 point $-1 -1.802230675595581 -11.441081640791907 11.25 #
-894 plane-surface $-1 28.197769324404419 2.5589183592080929 11.25 0 1 0 0 0 1
forward_v F -0.079633584135832769 F 3.0796335841358329 F -30.600000000000001 F
0.59999999999999998 #
-895 point $-1 28.197769324404419 -11.441081640791907 11.25 #
-896 coedge $-1 $681 $1169 $1170 $1171 reversed $89 $-1 #
-897 coedge $-1 $1172 $1173 $681 $898 forward $1174 $-1 #
-898 edge $1175 $903 0 $1176 1 $897 $1177 forward 7 unknown #
-899 coedge $-1 $1178 $682 $1173 $1179 reversed $901 $-1 #
-900 coedge $-1 $682 $1180 $684 $906 forward $901 $-1 #
-901 loop $-1 $-1 $1181 $1182 #
-902 ptlist-eye-attrib $-1 $-1 $-1 $683 #
-903 vertex $-1 $683 $1183 #
-904 straight-curve $-1 26.697769324404419 -18.240152193298627
0.75000000000000067 0 3.0010288065843582 -6.6613381477509392e-16 F 0 F 1 #
-905 coedge $-1 $685 $684 $1184 $1185 reversed $686 $-1 #
-906 edge $1186 $1187 0 $688 1 $684 $1188 forward 7 unknown #
-907 face $-1 $1189 $686 $3 $-1 $1190 forward single #
-908 point $-1 26.697769324404419 -18.240152193298627 0.75000000000000067 #
-909 coedge $-1 $692 $690 $713 $936 forward $503 $-1 #
-910 coedge $-1 $1184 $1191 $690 $911 forward $1192 $-1 #
-911 edge $1193 $1194 0 $913 1.5713071499854694 $910 $1195 forward 7 unknown #
-912 ptlist-eye-attrib $-1 $-1 $-1 $691 #
-913 vertex $-1 $911 $1196 #
-914 ellipse-curve $-1 -621.25204051103515 -6.2410816407919043 -108.25
0.018515344006018571 0.99982857632513134 1.0566372262213871e-15
5967.0000000007667 -110.49999999999999 -1.1368683772161603e-13
0.018515344006018571 F -1.4620234603374567 F -1.4619929075639253 #
-915 face $-1 $1197 $1198 $3 $-1 $1199 forward single #
-916 cone-surface $-1 -0.30223067559558103 -6.2410816407919043 -108.25 1 0 0 0
110.5 0 1 I I 0 1 1 forward I I I I #
-917 coedge $-1 $700 $1013 $697 $918 forward $619 $-1 #
-918 edge $1200 $920 0 $703 1 $917 $1201 forward 7 unknown #
-919 ptlist-eye-attrib $-1 $-1 $-1 $698 #
-920 vertex $-1 $698 $1202 #
-921 straight-curve $-1 26.697769324404419 2.5589183592080929 14.25 1.5 0 0 F 0
F 1 #
-922 ptlist-eye-attrib $-1 $-1 $-1 $701 #
-923 straight-curve $-1 28.197769324404419 -11.441081640791907 11.25 0 14 0 F 0
F 1 #
-924 point $-1 28.197769324404419 2.5589183592080929 11.25 #
-925 coedge $-1 $1203 $705 $1204 $1205 forward $42 $-1 #
-926 coedge $-1 $1206 $1207 $705 $927 reversed $1208 $-1 #
-927 edge $1209 $930 0 $1210 0.15721919425125896 $926 $1211 forward 7 unknown
#
-928 coedge $-1 $706 $932 $1206 $1212 forward $709 $-1 #
-929 ptlist-eye-attrib $-1 $-1 $-1 $707 #
-930 vertex $-1 $927 $1213 #
-931 intcurve-curve $-1 forward { exactcur full nubs 3 open 2 0 3
1.3038939605198288 3 25.418059691194994 -21.217482673342104 0.75
25.284822359378865 -21.631188121561106 0.75 24.890354070413608
-22.03569904988467 0.74999999999999289 24.460961630573706 -22.102978445570891
0.74999999999999289 0 null_surface null_surface nullbs nullbs I I 0 0 0 I I } I
I #
-932 coedge $-1 $928 $708 $1214 $1215 reversed $709 $-1 #
-933 face $-1 $717 $709 $3 $-1 $1216 reversed single #
-934 point $-1 25.418059691194994 -21.217482673342104 0.75 #
-935 coedge $-1 $1217 $713 $1191 $1218 reversed $523 $-1 #
-936 edge $1219 $1194 1.6885071331223127 $721 1.6976281367950292 $713 $1220
forward 7 unknown #
-937 coedge $-1 $714 $943 $1221 $1222 forward $523 $-1 #
-938 coedge $-1 $1223 $1214 $714 $939 forward $1224 $-1 #
-939 edge $1225 $941 0 $1226 1 $714 $1227 forward 7 unknown #
-940 ptlist-eye-attrib $-1 $-1 $-1 $715 #
-941 vertex $-1 $939 $1228 #
-942 straight-curve $-1 25.466284668410481 -20.941253064466775 0.75 0
-2.1316282072803006e-14 -1.5000000000000071 F 0 F 1 #
-943 coedge $-1 $937 $716 $1229 $1230 reversed $523 $-1 #
-944 coedge $-1 $716 $1231 $1232 $1233 reversed $523 $-1 #
-945 coedge $-1 $1234 $1235 $716 $946 forward $1236 $-1 #
-946 edge $1237 $1238 0 $1239 1 $945 $1240 forward 7 unknown #
-947 face $-1 $1241 $1242 $3 $-1 $1243 forward single #
-948 plane-surface $-1 25.663803630114032 -10.275229132474045
60.108007561625499 0.99982857632513134 -0.018515344006018803 0
-0.018515344006018803 -0.99982857632513134 0 forward_v F -0.21335705308995492 F
10.881209707587704 F 57.998860535453126 F 60.937641145761333 #
-949 ptlist-eye-attrib $-1 $-1 $-1 $719 #
-950 intcurve-curve $-1 forward { exactcur full nubs 3 open 7 0 3
0.25895026832980733 1 0.52331099638850631 1 0.78413106833439938 1
1.0454145959398109 1 1.3114504530544289 1 1.5732302084755381 3
26.460983102858172 -21.236796069854385 1.2277536706065511 26.374681421029599
-21.235197890561263 1.2279725812023805 26.199860603373839 -21.209110894018874
1.2315493364411827 25.957861324768636 -21.103650250432821 1.2459372239404394
25.75131407775315 -20.938861234193055 1.2682056768751488 25.594257446747644
-20.726431737762912 1.2965327265620394 25.497717796672596 -20.480707266921499
1.3287645942434267 25.478067196225389 -20.304996562461689 1.3513864364901198
25.479669870539063 -20.218452149523248 1.3624222598043247 0 null_surface
null_surface nullbs nullbs I I 0 0 0 I I } I I #
-951 point $-1 25.47966987053907 -20.21845214952323 1.3624222598043332 #
-952 face $-1 $1244 $1245 $3 $-1 $1246 reversed single #
-953 loop $-1 $-1 $1247 $725 #
-954 plane-surface $-1 13.197769324404419 -4.7974041042373301 0.75 0 0 1 1 0 0
forward_v F 12.331902940653428 F 13.579633584135832 F -8.5406983409890813 F
-2.3010549022328992 #
-955 coedge $-1 $1248 $1249 $1250 $1251 reversed $726 $-1 #
-956 coedge $-1 $728 $1203 $1252 $1253 forward $42 $-1 #
-957 coedge $-1 $1254 $1255 $728 $958 reversed $1256 $-1 #
-958 edge $1257 $1258 0 $963 0.15721919425141725 $957 $1259 forward 7 unknown
#
-959 coedge $-1 $1260 $729 $1255 $1261 forward $961 $-1 #
-960 coedge $-1 $729 $1260 $731 $966 forward $961 $-1 #
-961 loop $-1 $-1 $959 $1262 #
-962 ptlist-eye-attrib $-1 $-1 $-1 $730 #
-963 vertex $-1 $730 $1263 #
-964 intcurve-curve $-1 forward { exactcur full nubs 3 open 2 0 3
1.5363203674706671 3 1.9345770182344044 -22.102978445570777 0.74999999999998335
1.4286429691948972 -22.023706120494065 0.74999999999998335 0.93873581376742177
-21.453272066395904 0.74999999999999045 0.92925398039836438 -20.941253064466739
0.74999999999999045 0 null_surface null_surface nullbs nullbs I I 0 0 0 I I } I
I #
-965 coedge $-1 $1264 $731 $1265 $1266 reversed $733 $-1 #
-966 edge $1267 $1268 0 $735 1 $960 $1269 forward 7 unknown #
-967 coedge $-1 $732 $1270 $883 $1162 forward $733 $-1 #
-968 coedge $-1 $1271 $1272 $1273 $1274 reversed $733 $-1 #
-969 face $-1 $1275 $733 $3 $-1 $1276 reversed single #
-970 point $-1 0.92925398039836438 -20.941253064466739 0.74999999999999045 #
-971 ptlist-eye-attrib $-1 $-1 $-1 $737 #
-972 vertex $-1 $1162 $1277 #
-973 straight-curve $-1 0.90675609962658621 -19.726367502790612
0.74999999999996803 2.2204460492503131e-16 -2.4868995751603507e-14
0.67404918767330213 F 0 F 1 #
-974 ptlist-eye-attrib $-1 $-1 $-1 $739 #
-975 intcurve-curve $-1 forward { exactcur full nubs 3 open 7 0 3
0.2680463865396146 1 0.5407407443366834 1 0.80831440684332889 1
1.075205924808462 1 1.3451885070599368 1 1.6094656730354997 3
0.90675609962658632 -19.726367502790637 1.4240491876732702 0.90839806198348128
-19.815033470062712 1.4131470105060124 0.88766728115263449 -19.995202055355641
1.390767237653403 0.78618725624554175 -20.246211448148216 1.3589648541771364
0.62160454082901284 -20.46132219310087 1.3312344951762605 0.40633566357888617
-20.625177204034738 1.3098179486279375 0.1558921842978625 -20.725846466306791
1.2965325291458611 -0.023510797816824081 -20.746342479101216 1.2938150272282074
-0.11158782070458108 -20.744711423121807 1.2940309790410827 0 null_surface
null_surface nullbs nullbs I I 0 0 0 I I } I I #
-976 loop $-1 $-1 $1163 $740 #
-977 cone-surface $-1 -0.11161005427124682 -18.743853657870702
29.929003780812749 -1.9577424718807348e-17 1.0571809348156548e-15 -1
0.70710678118654813 0.70710678118654691 0 1 I I 0 1 1 forward I I I I #
-978 face $-1 $1278 $1279 $3 $-1 $1280 forward single #
-979 loop $-1 $-1 $1281 $743 #
-980 cone-surface $-1 -0.30223067559558103 -6.2410816407919043 -108.25 1 0 0 0
110.5 0 1 I I 0 1 1 forward I I I I #
-981 coedge $-1 $747 $746 $1282 $1283 reversed $399 $-1 #
-982 coedge $-1 $1284 $1285 $746 $983 forward $1286 $-1 #
-983 edge $1287 $1288 0 $990 1.4088449004126529 $982 $1289 forward 7 unknown #
-984 coedge $-1 $1290 $1291 $747 $985 forward $1292 $-1 #
-985 edge $1293 $991 0 $1294 1.4639189195635995 $984 $1295 forward 7 unknown #
-986 coedge $-1 $1296 $748 $1291 $1297 reversed $988 $-1 #
-987 coedge $-1 $748 $1298 $1284 $1299 reversed $988 $-1 #
-988 loop $-1 $-1 $986 $1300 #
-989 ptlist-eye-attrib $-1 $-1 $-1 $749 #
-990 vertex $-1 $983 $1301 #
-991 vertex $-1 $985 $1302 #
-992 ellipse-curve $-1 0.69406562070069378 -6.2410816407919043 -108.25
0.99982857632513134 0.018515344006019934 0 -2.0462962962961839 110.5 0
0.99982857632513134 F 1.5025450938838998 F 1.5117861195089846 #
-993 ptlist-eye-attrib $-1 $-1 $-1 $750 #
-994 ellipse-curve $-1 20.697769324404419 21.058918359208096 8.7999999999999989
0 -1 0 1.6000000000000014 0 1.7763568394002505e-15 1 F 0 F 3.1415926535897909
#
-995 coedge $-1 $1303 $753 $756 $1001 forward $997 $-1 #
-996 coedge $-1 $753 $1304 $761 $1005 forward $997 $-1 #
-997 loop $-1 $-1 $1304 $1305 #
-998 ptlist-eye-attrib $-1 $-1 $-1 $754 #
-999 straight-curve $-1 3.197769324404419 21.058918359208093 3.5 20 0 0 F 0 F 1
#
-1000 coedge $-1 $756 $755 $1306 $1307 forward $757 $-1 #
-1001 edge $1308 $759 0 $1309 1.5707963267948966 $756 $1310 forward 7 unknown
#
-1002 face $-1 $1311 $757 $3 $-1 $1312 forward single #
-1003 point $-1 23.197769324404419 21.058918359208093 3.5 #
-1004 coedge $-1 $762 $761 $1313 $1314 forward $763 $-1 #
-1005 edge $1315 $1316 0 $765 1.5707963267948968 $761 $1317 forward 7 unknown
#
-1006 face $-1 $1318 $763 $3 $-1 $1319 forward single #
-1007 point $-1 3.197769324404419 21.058918359208093 3.5 #
-1008 coedge $-1 $1313 $858 $767 $1009 reversed $466 $-1 #
-1009 edge $1320 $1011 0 $1019 1 $767 $1321 forward 7 unknown #
-1010 ptlist-eye-attrib $-1 $-1 $-1 $768 #
-1011 vertex $-1 $1314 $1322 #
-1012 ellipse-curve $-1 3.1977693244044185 16.058918359208093 14.25 0 0 1
4.4408920985006262e-16 5 0 1 F 0 F 1.5707963267948968 #
-1013 coedge $-1 $917 $1306 $769 $1014 reversed $619 $-1 #
-1014 edge $1323 $920 0 $1016 1 $1013 $1324 forward 7 unknown #
-1015 ptlist-eye-attrib $-1 $-1 $-1 $770 #
-1016 vertex $-1 $770 $1325 #
-1017 ellipse-curve $-1 23.197769324404419 16.058918359208093 14.25 0 0 1 5
3.5527136788005009e-15 0 1 F 0 F 1.5707963267948959 #
-1018 ptlist-eye-attrib $-1 $-1 $-1 $775 #
-1019 vertex $-1 $1009 $1326 #
-1020 straight-curve $-1 -1.802230675595581 2.5589183592080929 14.25 1.5 0 0 F
0 F 1 #
-1021 coedge $-1 $776 $776 $1327 $1328 forward $574 $-1 #
-1022 coedge $-1 $1329 $1330 $776 $1023 reversed $867 $-1 #
-1023 edge $1331 $1332 0 $1333 3.1415926535897931 $1022 $1334 forward 7 unknown
#
-1024 coedge $-1 $1335 $777 $1336 $1337 reversed $89 $-1 #
-1025 coedge $-1 $1338 $1339 $777 $1026 forward $1340 $-1 #
-1026 edge $1341 $1342 0 $1031 1 $1025 $1343 forward 7 unknown #
-1027 coedge $-1 $1344 $778 $780 $1033 reversed $1029 $-1 #
-1028 coedge $-1 $778 $1344 $1338 $1345 reversed $1029 $-1 #
-1029 loop $-1 $-1 $1344 $1278 #
-1030 ptlist-eye-attrib $-1 $-1 $-1 $779 #
-1031 vertex $-1 $1026 $1346 #
-1032 ellipse-curve $-1 26.697769324404419 -6.2410816407919043 -108.25 -1 0 0 0
11.007788158055675 109.95034606524607 1 F 0 F 0.018213880255476426 #
-1033 edge $1347 $1079 0 $782 1.3459177978360994 $780 $1348 forward 7 unknown
#
-1034 point $-1 26.697769324404419 6.767392388320066 1.4816253567489934 #
-1035 coedge $-1 $785 $1349 $1350 $1351 forward $83 $-1 #
-1036 coedge $-1 $1352 $1353 $785 $1037 forward $1354 $-1 #
-1037 edge $1355 $1041 0 $1356 1 $1036 $1357 forward 7 unknown #
-1038 coedge $-1 $1358 $786 $1353 $1359 reversed $744 $-1 #
-1039 coedge $-1 $786 $1358 $788 $1043 reversed $744 $-1 #
-1040 ptlist-eye-attrib $-1 $-1 $-1 $787 #
-1041 vertex $-1 $787 $1360 #
-1042 ellipse-curve $-1 -0.30223067559558103 -6.2410816407919043 -108.25 -1 0 0
0 11.507788158055611 109.89913926737241 1 F 0 F 0.018223140265808194 #
-1043 edge $1361 $790 0 $1060 1.3368408898432582 $788 $1362 forward 7 unknown
#
-1044 point $-1 -0.30223067559558103 7.267392388320002 1.4211955319390603 #
-1045 coedge $-1 $1363 $792 $1364 $1365 forward $191 $-1 #
-1046 coedge $-1 $1366 $1367 $792 $1047 forward $1368 $-1 #
-1047 edge $1369 $1370 0 $1052 1 $1046 $1371 forward 7 unknown #
-1048 coedge $-1 $1372 $793 $796 $1056 forward $1050 $-1 #
-1049 coedge $-1 $793 $1372 $1366 $1373 forward $1050 $-1 #
-1050 loop $-1 $-1 $1048 $1374 #
-1051 ptlist-eye-attrib $-1 $-1 $-1 $794 #
-1052 vertex $-1 $1047 $1375 #
-1053 intcurve-curve $-1 forward { exactcur full nubs 3 open 2 0 3
0.79996659345610222 3 0.45197683670443772 7.8317126950066411
0.75000000000000233 0.4470396178140551 8.0983225150876006 0.75000000000000233
-0.20223067559558583 8.0254473043832508 0.75000000000000233
-0.20223067559557856 8.2921028355352853 0.75000000000000233 0 null_surface
null_surface nullbs nullbs I I 0 0 0 I I } I I #
-1054 coedge $-1 $1376 $795 $1358 $1377 forward $797 $-1 #
-1055 coedge $-1 $796 $1378 $1379 $1380 reversed $797 $-1 #
-1056 edge $1381 $799 0 $1382 1 $1048 $1383 forward 7 unknown #
-1057 face $-1 $1384 $797 $3 $-1 $1385 reversed single #
-1058 point $-1 0.45197683670443772 7.8317126950066411 0.75000000000000233 #
-1059 ptlist-eye-attrib $-1 $-1 $-1 $801 #
-1060 vertex $-1 $1043 $1386 #
-1061 straight-curve $-1 0.48015978246172741 6.309833624112839
1.5349011750394639 5.5511151231257827e-16 -7.9936057773011271e-15
-0.78490117503946388 F 0 F 1 #
-1062 cone-surface $-1 -0.51966879386340348 6.2913182801068217 -0.5 0 0 -1
0.21743811826782244 0.97607410821317586 0 1 I I 0 1 1 forward I I I I #
-1063 coedge $-1 $804 $1387 $1388 $1389 forward $191 $-1 #
-1064 coedge $-1 $819 $1390 $804 $1065 forward $605 $-1 #
-1065 edge $1391 $1070 0 $1392 1 $1064 $1393 forward 7 unknown #
-1066 coedge $-1 $1394 $805 $1390 $1395 forward $1068 $-1 #
-1067 coedge $-1 $805 $1394 $807 $1073 forward $1068 $-1 #
-1068 loop $-1 $-1 $1066 $1396 #
-1069 ptlist-eye-attrib $-1 $-1 $-1 $806 #
-1070 vertex $-1 $806 $1397 #
-1071 intcurve-curve $-1 forward { exactcur full nubs 3 open 2 0 3
0.79996659345615284 3 26.597769324404418 8.2921028355353439 0.75
26.597769324404418 8.0254473043832935 0.75 25.948499030994764
8.0983225150876219 0.75 25.943561812104377 7.8317126950066456 0.75 0
null_surface null_surface nullbs nullbs I I 0 0 0 I I } I I #
-1072 coedge $-1 $1398 $807 $1399 $1400 reversed $809 $-1 #
-1073 edge $1401 $1402 0 $811 1 $1067 $1403 forward 7 unknown #
-1074 coedge $-1 $808 $1075 $1344 $1404 reversed $809 $-1 #
-1075 coedge $-1 $1074 $1405 $1406 $1407 reversed $809 $-1 #
-1076 face $-1 $1396 $809 $3 $-1 $1408 reversed single #
-1077 point $-1 25.943561812104381 7.8317126950066474 0.75 #
-1078 ptlist-eye-attrib $-1 $-1 $-1 $813 #
-1079 vertex $-1 $1033 $1409 #
-1080 straight-curve $-1 25.90608211365339 5.8078089786529405 0.75
-3.5527136788005009e-15 0 0.84113179879682187 F 0 F 1 #
-1081 face $-1 $1410 $1340 $3 $-1 $1411 forward single #
-1082 cone-surface $-1 26.905910689978523 5.7892936346469313 -0.5 0 0 1
-0.20814136557410379 0.97809875367313737 0 1 I I 0 1 1 forward I I I I #
-1083 face $-1 $1412 $1413 $3 $-1 $1414 reversed single #
-1084 loop $-1 $-1 $1415 $816 #
-1085 cone-surface $-1 13.697769324404284 -69.646081640791607
60.108007561625499 0 0 -1 11.911043774965883 82.853207911286063 0 1 I I 0 1 1
forward I I I I #
-1086 coedge $-1 $1416 $1388 $1417 $1418 forward $817 $-1 #
-1087 coedge $-1 $1390 $819 $1419 $1420 forward $605 $-1 #
-1088 coedge $-1 $1388 $1416 $819 $1089 forward $817 $-1 #
-1089 edge $1421 $1422 0 $1392 1 $1088 $1423 forward 7 unknown #
-1090 ptlist-eye-attrib $-1 $-1 $-1 $821 #
-1091 ellipse-curve $-1 3.1977693244044185 -24.941081640791904 3.5 0 0 -1
4.4408920985006262e-16 -5 0 1 F 0 F 1.5707963267948968 #
-1092 coedge $-1 $833 $822 $825 $1098 reversed $834 $-1 #
-1093 ptlist-eye-attrib $-1 $-1 $-1 $823 #
-1094 straight-curve $-1 23.197769324404419 -29.9410816407919 14.25 0 0 -10.75
F 0 F 1 #
-1095 ptlist-eye-attrib $-1 $-1 $-1 $824 #
-1096 straight-curve $-1 3.1977693244044181 -29.9410816407919 14.25
8.8817841970012523e-16 0 -10.75 F 0 F 1 #
-1097 coedge $-1 $825 $1424 $838 $1106 reversed $826 $-1 #
-1098 edge $1425 $1108 0 $828 1.5707963267948966 $1092 $1426 forward 7 unknown
#
-1099 coedge $-1 $1424 $1129 $1427 $1428 reversed $826 $-1 #
-1100 face $-1 $1429 $826 $3 $-1 $1430 forward single #
-1101 point $-1 23.197769324404419 -29.9410816407919 3.5 #
-1102 point $-1 3.197769324404419 -29.9410816407919 3.5 #
-1103 face $-1 $1006 $834 $3 $-1 $1431 forward single #
-1104 point $-1 23.197769324404419 -29.9410816407919 14.25 #
-1105 coedge $-1 $1432 $838 $1433 $1434 reversed $619 $-1 #
-1106 edge $1435 $1108 0 $1436 1 $1097 $1437 forward 7 unknown #
-1107 ptlist-eye-attrib $-1 $-1 $-1 $839 #
-1108 vertex $-1 $1106 $1438 #
-1109 straight-curve $-1 28.197769324404419 -24.941081640791907 14.25 0 0
-10.75 F 0 F 1 #
-1110 plane-surface $-1 28.197769324404419 -28.941081640791904
12.850000000000001 1 0 0 0 1 0 forward_v F -0.98000000000000131 F
49.979999999999997 F -13.9 F 1.7 #
-1111 coedge $-1 $845 $844 $1439 $1440 reversed $846 $-1 #
-1112 face $-1 $852 $846 $3 $-1 $1441 reversed single #
-1113 coedge $-1 $1439 $1439 $849 $1114 forward $1442 $-1 #
-1114 edge $1443 $1119 0 $1116 3.141592653589802 $1113 $1444 forward 7 unknown
#
-1115 ptlist-eye-attrib $-1 $-1 $-1 $850 #
-1116 vertex $-1 $850 $1445 #
-1117 straight-curve $-1 11.597769324404421 -27.041081640791905
4.8500000000000014 0 0 9.3999999999999986 F 0 F 1 #
-1118 ptlist-eye-attrib $-1 $-1 $-1 $851 #
-1119 vertex $-1 $851 $1446 #
-1120 straight-curve $-1 14.797769324404422 -27.041081640791905 14.25 0 0
-9.3999999999999986 F 0 F 1 #
-1121 face $-1 $162 $1442 $3 $-1 $1447 forward single #
-1122 cone-surface $-1 13.197769324404423 -27.041081640791905
12.850000000000001 0 0 1 -1.5999999999999999 0 0 1 I I 0 1 1 forward I I I I #
-1123 edge $1448 $1019 0 $891 1 $889 $1449 forward 7 unknown #
-1124 ptlist-eye-attrib $-1 $-1 $-1 $859 #
-1125 straight-curve $-1 -1.802230675595581 -11.441081640791907 11.25 0 14 0 F
0 F 1 #
-1126 coedge $-1 $860 $1450 $1451 $1452 reversed $466 $-1 #
-1127 coedge $-1 $1453 $1454 $860 $1128 forward $1455 $-1 #
-1128 edge $1456 $1131 0 $1457 1 $1127 $1458 forward 7 unknown #
-1129 coedge $-1 $1099 $861 $1454 $1459 forward $826 $-1 #
-1130 ptlist-eye-attrib $-1 $-1 $-1 $862 #
-1131 vertex $-1 $862 $1460 #
-1132 straight-curve $-1 -1.802230675595581 -28.941081640791907 3.5 0 4
-8.8817841970012523e-16 F 0 F 1 #
-1133 point $-1 -1.802230675595581 -24.941081640791907 3.5 #
-1134 loop $-1 $-1 $1461 $866 #
-1135 plane-surface $-1 13.197769324404424 18.158918359208094
4.8499999999999996 0 0 1 1 0 0 forward_v F -1.6796335841358343 F
1.6796335841358325 F -1.6796281638333848 F 1.6796281638333852 #
-1136 coedge $-1 $1330 $1329 $1461 $1462 reversed $867 $-1 #
-1137 coedge $-1 $1327 $869 $1329 $1463 forward $646 $-1 #
-1138 coedge $-1 $869 $1327 $1330 $1464 forward $646 $-1 #
-1139 coedge $-1 $1461 $1461 $869 $1140 forward $1134 $-1 #
-1140 edge $1465 $1466 0 $1467 3.1415926535897842 $1139 $1468 forward 7 unknown
#
-1141 coedge $-1 $1469 $870 $1470 $1471 forward $83 $-1 #
-1142 coedge $-1 $1472 $1473 $870 $1143 reversed $979 $-1 #
-1143 edge $1474 $1148 0 $1475 0.027214101592435407 $1142 $1476 forward 7
unknown #
-1144 coedge $-1 $1477 $871 $874 $1152 reversed $1146 $-1 #
-1145 coedge $-1 $871 $1477 $1472 $1478 reversed $1146 $-1 #
-1146 loop $-1 $-1 $871 $1479 #
-1147 ptlist-eye-attrib $-1 $-1 $-1 $872 #
-1148 vertex $-1 $1143 $1480 #
-1149 straight-curve $-1 -0.30223067559558103 -14.739123386714326 0.75 0
-1.0658141036401503e-14 1.1727429380087646 F 0 F 1 #
-1150 coedge $-1 $1481 $873 $1482 $1483 forward $875 $-1 #
-1151 coedge $-1 $874 $1153 $1484 $1485 forward $875 $-1 #
-1152 edge $1486 $1487 0 $877 1 $1144 $1488 forward 7 unknown #
-1153 coedge $-1 $1151 $1489 $1490 $1491 forward $875 $-1 #
-1154 face $-1 $1479 $875 $3 $-1 $1492 forward single #
-1155 point $-1 -0.30223067559558103 -14.739123386714326 0.75 #
-1156 coedge $-1 $884 $1482 $879 $1157 forward $976 $-1 #
-1157 edge $1493 $1159 0 $887 1 $879 $1494 forward 7 unknown #
-1158 ptlist-eye-attrib $-1 $-1 $-1 $880 #
-1159 vertex $-1 $1157 $1495 #
-1160 straight-curve $-1 -0.093094710265222869 -17.744025081545541
0.74999999999999423 -0.20913596533035805 0.0038728882468568315
6.4392935428259079e-15 F 0 F 1 #
-1161 plane-surface $-1 -1.4740338328925517 -17.718452134830223 -0.25
0.018515344006018571 0.99982857632513134 1.0566372262213871e-15
-1.9564001733054505e-17 -1.0564560935850651e-15 1.0000000000000002 forward_v F
0.92036641586416745 F 1.9796853422149634 F 1.0923704824051854 F
1.4608094730096677 #
-1162 edge $1496 $1165 1.6840177696018135 $972 1.6931400913857761 $967 $1497
forward 7 unknown #
-1163 coedge $-1 $1498 $884 $1270 $1499 forward $976 $-1 #
-1164 ptlist-eye-attrib $-1 $-1 $-1 $885 #
-1165 vertex $-1 $885 $1500 #
-1166 intcurve-curve $-1 forward { exactcur full nubs 3 open 7 0 3
0.25292597198423439 1 0.51048107668563192 1 0.76449570148033996 1
1.0190000572254521 1 1.2785276160545715 1 1.5341979097503833 3
-0.093094710265226602 -17.744025081545537 1.6496464607544699
-0.0088006637277286137 -17.745586082407343 1.6494830743815143
0.16170588074678821 -17.770498817592092 1.6468786459063276 0.39861661931835524
-17.871070549219894 1.6363001739005654 0.60254310298426283 -18.028467545769125
1.619552350362804 0.76045108962460117 -18.232319217188177 1.5975169264493214
0.86158402617799268 -18.469669705178745 1.571367566042444 0.88665068056610474
-18.640674873524599 1.5521281589654485 0.88821852205388385 -18.725338313864643
1.5425012709011849 0 null_surface null_surface nullbs nullbs I I 0 0 0 I I } I
I #
-1167 point $-1 -0.093094710265404501 -17.744025081545537 1.6496464607544681 #
-1168 point $-1 -1.802230675595581 2.5589183592080929 11.25 #
-1169 coedge $-1 $896 $1501 $1502 $1503 reversed $89 $-1 #
-1170 coedge $-1 $1504 $1505 $896 $1171 forward $1506 $-1 #
-1171 edge $1507 $1176 0 $1508 0.027222216368590697 $1170 $1509 forward 7
unknown #
-1172 coedge $-1 $1510 $897 $1505 $1511 reversed $1174 $-1 #
-1173 coedge $-1 $897 $1510 $899 $1179 forward $1174 $-1 #
-1174 loop $-1 $-1 $1510 $1241 #
-1175 ptlist-eye-attrib $-1 $-1 $-1 $898 #
-1176 vertex $-1 $898 $1512 #
-1177 straight-curve $-1 26.697769324404419 -15.239123386714269 0.75 0 0
1.1330343027860021 F 0 F 1 #
-1178 coedge $-1 $1513 $899 $1514 $1515 forward $901 $-1 #
-1179 edge $1516 $1517 0 $903 1 $899 $1518 forward 7 unknown #
-1180 coedge $-1 $900 $1181 $1519 $1520 forward $901 $-1 #
-1181 coedge $-1 $1180 $1521 $1522 $1523 forward $901 $-1 #
-1182 face $-1 $907 $901 $3 $-1 $1524 forward single #
-1183 point $-1 26.697769324404419 -15.239123386714269 0.75 #
-1184 coedge $-1 $1519 $910 $905 $1185 forward $1192 $-1 #
-1185 edge $1525 $913 0 $1187 1 $1184 $1526 forward 7 unknown #
-1186 ptlist-eye-attrib $-1 $-1 $-1 $906 #
-1187 vertex $-1 $906 $1527 #
-1188 straight-curve $-1 26.516538658413683 -18.23679606985435
0.74999999999999423 0.18123066599073567 -0.0033561234442700538
6.4392935428259079e-15 F 0 F 1 #
-1189 face $-1 $529 $1192 $3 $-1 $1528 forward single #
-1190 plane-surface $-1 -1.4740338328925517 -17.718452134830223 -0.25
0.018515344006018571 0.99982857632513134 1.0566372262213871e-15
-1.9564001733054505e-17 -1.0564560935850651e-15 1.0000000000000002 forward_v F
0.92036641586416745 F 1.9265854550747976 F 27.91573797664271 F
28.256266883458409 #
-1191 coedge $-1 $910 $1522 $935 $1218 forward $1192 $-1 #
-1192 loop $-1 $-1 $1184 $1189 #
-1193 ptlist-eye-attrib $-1 $-1 $-1 $911 #
-1194 vertex $-1 $936 $1529 #
-1195 intcurve-curve $-1 forward { exactcur full nubs 3 open 7 0 3
0.26233096316322407 1 0.52879423619103239 1 0.78974418099183807 1
1.0499251300200119 1 1.3131197874458893 1 1.5713071499854694 3
25.498194738082582 -19.218109302173442 1.4853486943734979 25.499802587531722
-19.131285431919828 1.4956162679435003 25.526102569954137 -18.955826994007744
1.5161490394062931 25.63231178245039 -18.713293291673928 1.5439493537075544
25.797741213081778 -18.506894748187893 1.5671704673861644 26.010269978884494
-18.350494078693767 1.5845003466748619 26.255468060876666 -18.254654374065503
1.5950051232573621 26.430491133268696 -18.235202597166474 1.5971258843548062
26.516538658413726 -18.236796069854343 1.5969518709389705 0 null_surface
null_surface nullbs nullbs I I 0 0 0 I I } I I #
-1196 point $-1 26.516538658413879 -18.23679606985435 1.5969518709389661 #
-1197 face $-1 $1300 $1292 $3 $-1 $1530 forward single #
-1198 loop $-1 $-1 $1531 $915 #
-1199 cone-surface $-1 -0.30223067559558103 -6.2410816407919043 -108.25 1 0 0 0
110.5 0 1 I I 0 1 1 forward I I I I #
-1200 ptlist-eye-attrib $-1 $-1 $-1 $918 #
-1201 straight-curve $-1 28.197769324404419 2.5589183592080929 14.25 0 0 -3 F 0
F 1 #
-1202 point $-1 28.197769324404419 2.5589183592080929 14.25 #
-1203 coedge $-1 $956 $925 $1532 $1533 forward $42 $-1 #
-1204 coedge $-1 $1534 $1535 $925 $1205 reversed $1536 $-1 #
-1205 edge $1537 $1210 0 $1538 0.00359550755481067 $1204 $1539 forward 7
unknown #
-1206 coedge $-1 $1540 $926 $928 $1212 reversed $1208 $-1 #
-1207 coedge $-1 $926 $1540 $1534 $1541 forward $1208 $-1 #
-1208 loop $-1 $-1 $1207 $1542 #
-1209 ptlist-eye-attrib $-1 $-1 $-1 $927 #
-1210 vertex $-1 $1205 $1543 #
-1211 ellipse-curve $-1 13.697769324404533 46.590168359207631
0.74999999999997868 0 0 -1 10.763192306169117 -68.693146804778536 0 1 F 0 F
0.15721919425125896 #
-1212 edge $1544 $1545 0 $930 1 $928 $1546 forward 7 unknown #
-1213 point $-1 24.460961630573706 -22.102978445570891 0.74999999999999289 #
-1214 coedge $-1 $938 $1547 $932 $1215 forward $1224 $-1 #
-1215 edge $1548 $1545 0 $941 1.5363203674712096 $932 $1549 forward 7 unknown
#
-1216 spline-surface $-1 forward { exactsur full nubs 3 3 open open none none 2
2 -0.027863296651658782 3 1.0276712629329665 3 59.278373977489665 3
60.937641145761354 3 25.465948254166811 -20.898601394816168 0.82963358413583421
25.484579679462549 -21.4351687283296 0.82963358413583421 24.953526915581396
-22.053880430845627 0.82963358413583421 24.418935152566789 -22.108419251442342
0.82963358413583421 25.465948254166811 -20.898601394816168 0.27654452804527097
25.484579679462549 -21.4351687283296 0.27654452804527097 24.953526915581396
-22.053880430845627 0.27654452804527097 24.418935152566789 -22.108419251442342
0.27654452804527097 25.465948254166811 -20.898601394816168 -0.27654452804529228
25.484579679462549 -21.4351687283296 -0.27654452804529228 24.953526915581396
-22.053880430845627 -0.27654452804529228 24.418935152566789 -22.108419251442342
-0.27654452804529228 25.465948254166811 -20.898601394816168
-0.82963358413585553 25.484579679462549 -21.4351687283296 -0.82963358413585553
24.953526915581396 -22.053880430845627 -0.82963358413585553 24.418935152566789
-22.108419251442342 -0.82963358413585553 0 0 0 0 0 0 0 F -0.027863296651658782
F 1.0276712629329665 F 59.278373977489665 F 60.937641145761354 } I I I I #
-1217 coedge $-1 $1231 $935 $1521 $1550 reversed $523 $-1 #
-1218 edge $1551 $1552 0 $1194 1 $1191 $1553 forward 7 unknown #
-1219 ptlist-eye-attrib $-1 $-1 $-1 $936 #
-1220 ellipse-curve $-1 25.738510065145174 -6.2410816407919043 -108.25
0.99982857632513134 -0.018515344006018803 0 2.0462962962960596 110.5 0
0.99982857632513134 F 1.6885071331223127 F 1.6976281367950292 #
-1221 coedge $-1 $1249 $1248 $937 $1222 reversed $726 $-1 #
-1222 edge $1554 $1555 0 $1226 1 $1221 $1556 forward 7 unknown #
-1223 coedge $-1 $1557 $938 $1248 $1558 reversed $1224 $-1 #
-1224 loop $-1 $-1 $1559 $1384 #
-1225 ptlist-eye-attrib $-1 $-1 $-1 $939 #
-1226 vertex $-1 $1558 $1560 #
-1227 straight-curve $-1 25.466284668410481 -20.9412530644668
-0.75000000000000711 0.19751896170354399 10.666023931992754
7.1054273576010019e-15 F 0 F 1 #
-1228 point $-1 25.466284668410481 -20.941253064466796 -0.75000000000000711 #
-1229 coedge $-1 $1561 $1247 $943 $1230 forward $953 $-1 #
-1230 edge $1562 $1555 0 $1238 1 $1229 $1563 forward 7 unknown #
-1231 coedge $-1 $944 $1217 $1564 $1565 reversed $523 $-1 #
-1232 coedge $-1 $1566 $1567 $944 $1233 forward $1506 $-1 #
-1233 edge $1568 $1239 1.6339788780510469 $1569 1.6430525832362191 $944 $1570
forward 7 unknown #
-1234 coedge $-1 $1571 $945 $1567 $1572 forward $1236 $-1 #
-1235 coedge $-1 $945 $1573 $1561 $1574 reversed $1236 $-1 #
-1236 loop $-1 $-1 $1571 $1575 #
-1237 ptlist-eye-attrib $-1 $-1 $-1 $946 #
-1238 vertex $-1 $1230 $1576 #
-1239 vertex $-1 $1233 $1577 #
-1240 straight-curve $-1 25.609305849193674 -13.218109302173469
0.74999999999999878 0 5.3290705182007514e-15 1.2795134420365351 F 0 F 1 #
-1241 face $-1 $1182 $1174 $3 $-1 $1578 forward single #
-1242 loop $-1 $-1 $1564 $947 #
-1243 cone-surface $-1 26.590609557975291 -14.236967493529392
32.288128566598722 9.8100303812632451e-17 5.2974164058827668e-15 -1
-0.72007789164624969 -0.69389324104093408 -1.0048591735576183e-14 1 I I 0 1 1
forward I I I I #
-1244 face $-1 $1579 $1580 $3 $-1 $1581 reversed single #
-1245 loop $-1 $-1 $1582 $952 #
-1246 plane-surface $-1 25.776873710816545 -3.1694447745374887
60.108007561625499 0.99982857632513134 -0.018515344006018803 0
-0.018515344006018803 -0.99982857632513134 0 forward_v F -0.14214103860272811 F
7.2491929687391359 F 57.778376543365198 F 60.937641145761347 #
-1247 coedge $-1 $1229 $1583 $1249 $1584 reversed $953 $-1 #
-1248 coedge $-1 $1221 $955 $1223 $1558 forward $726 $-1 #
-1249 coedge $-1 $955 $1221 $1247 $1584 forward $726 $-1 #
-1250 coedge $-1 $1585 $1586 $955 $1251 forward $1245 $-1 #
-1251 edge $1587 $1588 0 $1589 1 $1250 $1590 forward 7 unknown #
-1252 coedge $-1 $1591 $1592 $956 $1253 reversed $1593 $-1 #
-1253 edge $1594 $1595 0 $1258 0.0035955075545864379 $1252 $1596 forward 7
unknown #
-1254 coedge $-1 $1597 $957 $1592 $1598 forward $1256 $-1 #
-1255 coedge $-1 $957 $1597 $959 $1261 reversed $1256 $-1 #
-1256 loop $-1 $-1 $1254 $1599 #
-1257 ptlist-eye-attrib $-1 $-1 $-1 $958 #
-1258 vertex $-1 $958 $1600 #
-1259 ellipse-curve $-1 12.697769324404533 46.590168359207631
0.74999999999997868 0 0 -1 0.12500000000059686 -69.531137640358182 0 1 F 0 F
0.15721919425141725 #
-1260 coedge $-1 $960 $959 $1601 $1602 reversed $961 $-1 #
-1261 edge $1603 $963 0 $1604 1 $1255 $1605 forward 7 unknown #
-1262 face $-1 $1599 $961 $3 $-1 $1606 reversed single #
-1263 point $-1 1.9345770182344044 -22.102978445570777 0.74999999999998335 #
-1264 coedge $-1 $1607 $965 $1608 $1609 forward $733 $-1 #
-1265 coedge $-1 $1601 $1610 $965 $1266 forward $1224 $-1 #
-1266 edge $1611 $1612 0 $1268 1 $965 $1613 forward 7 unknown #
-1267 ptlist-eye-attrib $-1 $-1 $-1 $966 #
-1268 vertex $-1 $1602 $1614 #
-1269 straight-curve $-1 0.92925398039836438 -20.941253064466739
-0.74999999999999756 1.1102230246251565e-16 0 1.499999999999988 F 0 F 1 #
-1270 coedge $-1 $967 $1271 $1163 $1499 reversed $733 $-1 #
-1271 coedge $-1 $1270 $968 $1489 $1615 reversed $733 $-1 #
-1272 coedge $-1 $968 $1616 $1617 $1618 forward $733 $-1 #
-1273 coedge $-1 $1619 $1490 $968 $1274 forward $1620 $-1 #
-1274 edge $1621 $1622 0 $1623 1 $1273 $1624 forward 7 unknown #
-1275 face $-1 $1625 $1626 $3 $-1 $1627 forward single #
-1276 plane-surface $-1 0.92925398039836482 -20.941253064466743
60.108007561625499 -0.99982857632513134 -0.018515344006019934 0
-0.018515344006019934 0.99982857632513134 0 forward_v F -0.21335705308995384 F
10.881209707587645 F 57.968547646709553 F 60.937641145761333 #
-1277 point $-1 0.90675609962658688 -19.726367502790673 1.4240491876732619 #
-1278 face $-1 $1628 $1029 $3 $-1 $1629 forward single #
-1279 loop $-1 $-1 $1630 $978 #
-1280 cone-surface $-1 -0.30223067559558103 -6.2410816407919043 -108.25 1 0 0 0
110.5 0 1 I I 0 1 1 forward I I I I #
-1281 coedge $-1 $1473 $1617 $1631 $1632 reversed $979 $-1 #
-1282 coedge $-1 $1349 $1633 $981 $1283 forward $83 $-1 #
-1283 edge $1634 $1294 0 $1288 0.027214243598087082 $981 $1635 forward 7
unknown #
-1284 coedge $-1 $1636 $982 $987 $1299 forward $1286 $-1 #
-1285 coedge $-1 $982 $1636 $1349 $1637 forward $1286 $-1 #
-1286 loop $-1 $-1 $1284 $1638 #
-1287 ptlist-eye-attrib $-1 $-1 $-1 $983 #
-1288 vertex $-1 $1637 $1639 #
-1289 intcurve-curve $-1 forward { exactcur full nubs 3 open 9 0 3
0.16931770353862835 1 0.34047891171836053 1 0.51105781385139271 1
0.67955652298330094 1 0.8449173536658553 1 1.0169115797960173 1
1.2027426717744778 1 1.4088449004126529 3 -0.30223067559558103
2.266020646207525 1.9220436893068085 -0.24637559623898025 2.2579454679537463
1.9226672265045424 -0.13521491078572381 2.2321209807924944 1.9246600870299087
0.022437776136609397 2.1656875558810622 1.9297546770245058 0.16624095908271047
2.0735746226329512 1.9367509181675526 0.29091978329679424 1.9598884165264336
1.9452773148339468 0.39521315857888661 1.8267908118664691 1.955109325996822
0.47846263345500717 1.6729637798578976 1.9662735238338453 0.53732284405453101
1.4938308835640703 1.9790048199827437 0.55324272278096442 1.3633548468739032
1.9880481679833761 0.55451178015401115 1.2948257487293766 1.9927326394649882 0
null_surface null_surface nullbs nullbs I I 0 0 0 I I } I I #
-1290 coedge $-1 $1640 $984 $1633 $1641 forward $1292 $-1 #
-1291 coedge $-1 $984 $1640 $986 $1297 forward $1292 $-1 #
-1292 loop $-1 $-1 $1290 $1197 #
-1293 ptlist-eye-attrib $-1 $-1 $-1 $985 #
-1294 vertex $-1 $1283 $1642 #
-1295 intcurve-curve $-1 forward { exactcur full nubs 3 open 9 0 3
0.21499567755714166 1 0.40826107254315469 1 0.58691208900515668 1
0.75849468049080737 1 0.93343847154452386 1 1.1105250893320417 1
1.2882116730470643 1 1.4639189195635995 3 0.57338332062861375
0.27576256310074904 2.0576640203308405 0.57470791811897348 0.20423429862132181
2.0618898242215051 0.56253602427503846 0.067654843740301229 2.069823492016285
0.50572263541205964 -0.1204453364550539 2.0804027919610641 0.42185428262949304
-0.28189223376121864 2.0892287349904342 0.31488772848757357
-0.42134669095593691 2.0966637338746374 0.18579326927284245
-0.53997610516766315 2.102848904758591 0.036112979944672136
-0.63527711397818987 2.1077236474765497 -0.12826911824708248
-0.70274799488250206 2.1111241971051227 -0.24411630466097828
-0.72773316612357763 2.1123714934313504 -0.30223067559558103
-0.73500816037688743 2.1127344479479153 0 null_surface null_surface nullbs
nullbs I I 0 0 0 I I } I I #
-1296 coedge $-1 $1643 $986 $1644 $1645 reversed $988 $-1 #
-1297 edge $1646 $1647 0 $991 1 $986 $1648 forward 7 unknown #
-1298 coedge $-1 $987 $1649 $1650 $1651 reversed $988 $-1 #
-1299 edge $1652 $990 0 $1653 1 $1284 $1654 forward 7 unknown #
-1300 face $-1 $1638 $988 $3 $-1 $1655 reversed single #
-1301 point $-1 0.55451178015401115 1.2948257487293766 1.9927326394649882 #
-1302 point $-1 0.57338332062861375 0.27576256310074904 2.0576640203308405 #
-1303 coedge $-1 $1656 $995 $1657 $1658 reversed $997 $-1 #
-1304 coedge $-1 $996 $1659 $1660 $1661 reversed $997 $-1 #
-1305 face $-1 $1662 $997 $3 $-1 $1663 forward single #
-1306 coedge $-1 $1013 $1657 $1000 $1307 reversed $619 $-1 #
-1307 edge $1664 $1016 0 $1309 1 $1000 $1665 forward 7 unknown #
-1308 ptlist-eye-attrib $-1 $-1 $-1 $1001 #
-1309 vertex $-1 $1658 $1666 #
-1310 ellipse-curve $-1 23.197769324404419 16.058918359208093 3.5 0 0 -1 0 5 0
1 F 0 F 1.5707963267948966 #
-1311 face $-1 $1100 $1667 $3 $-1 $1668 forward single #
-1312 cone-surface $-1 23.197769324404419 16.058918359208093 36.107600000000048
0 0 -1 0 5 0 1 I I 0 1 1 forward I I I I #
-1313 coedge $-1 $1660 $1008 $1004 $1314 reversed $466 $-1 #
-1314 edge $1669 $1316 0 $1011 1 $1004 $1670 forward 7 unknown #
-1315 ptlist-eye-attrib $-1 $-1 $-1 $1005 #
-1316 vertex $-1 $1661 $1671 #
-1317 ellipse-curve $-1 3.1977693244044185 16.058918359208093
3.4999999999999964 0 0 -1 -5 0 0 1 F 0 F 1.5707963267948968 #
-1318 face $-1 $-1 $1354 $3 $-1 $1672 forward single #
-1319 cone-surface $-1 3.1977693244044185 16.058918359208093
-21.607600000000083 0 0 1 4.4408920985006257e-16 5 0 1 I I 0 1 1 forward I I I
I #
-1320 ptlist-eye-attrib $-1 $-1 $-1 $1009 #
-1321 straight-curve $-1 -1.802230675595581 16.058918359208093 14.25 0 -13.5 0
F 0 F 1 #
-1322 point $-1 -1.8022306755955815 16.058918359208093 14.25 #
-1323 ptlist-eye-attrib $-1 $-1 $-1 $1014 #
-1324 straight-curve $-1 28.197769324404419 2.5589183592080929 14.25 0 13.5 0 F
0 F 1 #
-1325 point $-1 28.197769324404419 16.058918359208093 14.25 #
-1326 point $-1 -1.802230675595581 2.5589183592080929 14.25 #
-1327 coedge $-1 $1138 $1137 $1021 $1328 reversed $646 $-1 #
-1328 edge $1673 $1333 0 $1332 3.1415926535897931 $1327 $1674 forward 7 unknown
#
-1329 coedge $-1 $1136 $1022 $1137 $1463 reversed $867 $-1 #
-1330 coedge $-1 $1022 $1136 $1138 $1464 reversed $867 $-1 #
-1331 ptlist-eye-attrib $-1 $-1 $-1 $1023 #
-1332 vertex $-1 $1328 $1675 #
-1333 vertex $-1 $1328 $1676 #
-1334 ellipse-curve $-1 13.197769324404423 18.158918359208101
14.250000000000002 0 0 -1 -1.5999999999999996 0 0 1 F 0 F 3.1415926535897931 #
-1335 coedge $-1 $1677 $1024 $1678 $1679 reversed $89 $-1 #
-1336 coedge $-1 $1680 $1681 $1024 $1337 forward $1682 $-1 #
-1337 edge $1683 $1684 0 $1342 1 $1336 $1685 forward 7 unknown #
-1338 coedge $-1 $1406 $1025 $1028 $1345 forward $1340 $-1 #
-1339 coedge $-1 $1025 $1406 $1680 $1686 reversed $1340 $-1 #
-1340 loop $-1 $-1 $1406 $1081 #
-1341 ptlist-eye-attrib $-1 $-1 $-1 $1026 #
-1342 vertex $-1 $1337 $1687 #
-1343 straight-curve $-1 26.697769324404419 4.7667065172637724
0.75000000000000888 0 -1.7763568394002505e-15 0.95034606524604492 F 0 F 1 #
-1344 coedge $-1 $1028 $1027 $1074 $1404 forward $1029 $-1 #
-1345 edge $1688 $1031 0 $1689 1.3831728410090849 $1338 $1690 forward 7 unknown
#
-1346 point $-1 26.697769324404419 4.7667065172637706 1.7003460652460538 #
-1347 ptlist-eye-attrib $-1 $-1 $-1 $1033 #
-1348 intcurve-curve $-1 forward { exactcur full nubs 3 open 9 0 3
0.19565598501478207 1 0.37251089985132935 1 0.53671295655326312 1
0.69500453239596371 1 0.85629166547935542 1 1.0195414758924244 1
1.1834488751904608 1 1.3459177978360994 3 25.906082113653387 5.8078089786529405
1.5911317987968219 25.907282461932787 5.8726277857405371 1.5840215778450573
25.92165416297961 5.9961526782397554 1.5703592930437804 25.974719216265751
6.1668310114481617 1.55119346781543 26.05021470670356 6.3150576005744012
1.5343327572079051 26.145430953816152 6.4451657702330571 1.5193676905588702
26.259992163041439 6.55843423403262 1.5062120327379644 26.393014756507799
6.652937365395462 1.4951439587875734 26.540106525174423 6.7247707048478906
1.4866749945645432 26.644815225421954 6.7561236504410278 1.4829612440427773
26.697769324404419 6.767392388320066 1.4816253567489934 0 null_surface
null_surface nullbs nullbs I I 0 0 0 I I } I I #
-1349 coedge $-1 $1035 $1282 $1285 $1637 reversed $83 $-1 #
-1350 coedge $-1 $1691 $1692 $1035 $1351 reversed $1693 $-1 #
-1351 edge $1694 $1695 0 $1356 1 $1350 $1696 forward 7 unknown #
-1352 coedge $-1 $1697 $1036 $1692 $1698 reversed $1354 $-1 #
-1353 coedge $-1 $1036 $1697 $1038 $1359 forward $1354 $-1 #
-1354 loop $-1 $-1 $1036 $1318 #
-1355 ptlist-eye-attrib $-1 $-1 $-1 $1037 #
-1356 vertex $-1 $1037 $1699 #
-1357 straight-curve $-1 -0.30223067559558103 5.266706517263704
1.6491392673724041 0 4.4408920985006262e-15 -0.89913926737239458 F 0 F 1 #
-1358 coedge $-1 $1039 $1038 $1054 $1377 reversed $744 $-1 #
-1359 edge $1700 $1701 0 $1041 1.3741618846859411 $1353 $1702 forward 7 unknown
#
-1360 point $-1 -0.30223067559558103 5.2667065172637049 1.6491392673724041 #
-1361 ptlist-eye-attrib $-1 $-1 $-1 $1043 #
-1362 intcurve-curve $-1 forward { exactcur full nubs 3 open 9 0 3
0.16097339949220837 1 0.32356734195979897 1 0.48560182961371123 1
0.64568726523598996 1 0.80291690203454746 1 0.96611421068635106 1
1.1420143744127422 1 1.3368408898432582 3 -0.30223067559558103
7.267392388320002 1.4211955319390603 -0.24987546022092066 7.2557293194845709
1.4226321011466723 -0.14636267555103241 7.2237432883607084 1.4265685361906937
-0.0010379865974035202 7.1514479229198678 1.4354252804851284
0.13036110561261433 7.0568985918677649 1.4469343346456609 0.24351519344096426
6.9439448481995214 1.4605737816128714 0.3375811651494352 6.8144318186565611
1.476067382283043 0.41221337296344762 6.6669877201731644 1.4935193812287124
0.46472761290639053 6.4972123371291035 1.5133681222172692 0.47896513465149032
6.3743446058656392 1.5275261001706137 0.4801597824617273 6.3098336241128381
1.5349011750394639 0 null_surface null_surface nullbs nullbs I I 0 0 0 I I } I
I #
-1363 coedge $-1 $1703 $1045 $1704 $1705 forward $191 $-1 #
-1364 coedge $-1 $1706 $1707 $1045 $1365 reversed $1708 $-1 #
-1365 edge $1709 $1370 0 $1710 1.5153929597868452 $1364 $1711 forward 7 unknown
#
-1366 coedge $-1 $1712 $1046 $1049 $1373 reversed $1368 $-1 #
-1367 coedge $-1 $1046 $1712 $1706 $1713 reversed $1368 $-1 #
-1368 loop $-1 $-1 $1366 $1714 #
-1369 ptlist-eye-attrib $-1 $-1 $-1 $1047 #
-1370 vertex $-1 $1365 $1715 #
-1371 straight-curve $-1 -0.20223067559552771 12.058918359208102
0.74999999999999523 -5.084821452783217e-14 -3.7668155236728165
7.1054273576010019e-15 F 0 F 1 #
-1372 coedge $-1 $1049 $1048 $1716 $1717 reversed $1050 $-1 #
-1373 edge $1718 $1719 0 $1052 1 $1049 $1720 forward 7 unknown #
-1374 face $-1 $802 $1050 $3 $-1 $1721 reversed single #
-1375 point $-1 -0.20223067559557872 8.2921028355352853 0.75000000000000233 #
-1376 coedge $-1 $1722 $1054 $1697 $1723 reversed $797 $-1 #
-1377 edge $1724 $1060 1.4569677305282724 $1701 1.4574080229247348 $1054 $1725
forward 7 unknown #
-1378 coedge $-1 $1055 $1722 $1726 $1727 forward $797 $-1 #
-1379 coedge $-1 $1728 $1716 $1055 $1380 forward $1224 $-1 #
-1380 edge $1729 $1382 0 $1730 1 $1379 $1731 forward 7 unknown #
-1381 ptlist-eye-attrib $-1 $-1 $-1 $1056 #
-1382 vertex $-1 $1380 $1732 #
-1383 straight-curve $-1 0.45197683670443772 7.8317126950066411
0.75000000000000233 -4.4408920985006262e-16 2.6645352591003757e-15
-1.4999999999999976 F 0 F 1 #
-1384 face $-1 $1733 $1734 $3 $-1 $1735 reversed single #
-1385 plane-surface $-1 0.51850417768873847 4.23923628185414 60.108007561625499
-0.99982857632513134 -0.018515344006019934 0 -0.018515344006019934
0.99982857632513134 0 forward_v F -1.1625636877502237 F 3.6863405119342447 F
58.48795737137624 F 60.937641145761347 #
-1386 point $-1 0.4801597824617273 6.3098336241128381 1.5349011750394639 #
-1387 coedge $-1 $1063 $1736 $1737 $1738 forward $191 $-1 #
-1388 coedge $-1 $1086 $1088 $1063 $1389 reversed $817 $-1 #
-1389 edge $1739 $1740 0 $1392 1.5153929597879308 $1388 $1741 forward 7 unknown
#
-1390 coedge $-1 $1064 $1087 $1066 $1395 reversed $605 $-1 #
-1391 ptlist-eye-attrib $-1 $-1 $-1 $1065 #
-1392 vertex $-1 $1065 $1742 #
-1393 straight-curve $-1 26.597769324404425 8.2921028355353457 0.75
-1.0658141036401503e-14 3.7668155236727081 0 F 0 F 1 #
-1394 coedge $-1 $1067 $1066 $1743 $1744 reversed $1068 $-1 #
-1395 edge $1745 $1070 0 $1746 1 $1390 $1747 forward 7 unknown #
-1396 face $-1 $305 $1068 $3 $-1 $1748 reversed single #
-1397 point $-1 26.597769324404418 8.2921028355353439 0.75 #
-1398 coedge $-1 $1405 $1072 $1749 $1750 forward $809 $-1 #
-1399 coedge $-1 $1743 $1751 $1072 $1400 forward $1224 $-1 #
-1400 edge $1752 $1753 0 $1402 1 $1072 $1754 forward 7 unknown #
-1401 ptlist-eye-attrib $-1 $-1 $-1 $1073 #
-1402 vertex $-1 $1744 $1755 #
-1403 straight-curve $-1 25.943561812104377 7.8317126950066553 -0.75 0
-9.7699626167013776e-15 1.5 F 0 F 1 #
-1404 edge $1756 $1079 1.4615393540677335 $1689 1.4619427831974032 $1074 $1757
forward 7 unknown #
-1405 coedge $-1 $1075 $1398 $1758 $1759 reversed $809 $-1 #
-1406 coedge $-1 $1339 $1338 $1075 $1407 forward $1340 $-1 #
-1407 edge $1760 $1689 0 $1761 1 $1406 $1762 forward 7 unknown #
-1408 plane-surface $-1 25.943561812104381 7.8317126950066367
60.108007561625499 0.99982857632513134 -0.018515344006018803 0
-0.018515344006018803 -0.99982857632513134 0 forward_v F -0.093248157686239688
F 4.7556560419982281 F 58.432390243968641 F 60.937641145761347 #
-1409 point $-1 25.906082113653387 5.8078089786529405 1.5911317987968219 #
-1410 face $-1 $1763 $1764 $3 $-1 $1765 forward single #
-1411 cone-surface $-1 26.905090058654256 5.7449795431364592 1.8504346365252218
4.5367503738231389e-17 2.4498452018647795e-15 -1 -0.2073207342498371
-0.97827302587268861 -2.2204460492503107e-15 1 I I 0 1 1 forward I I I I #
-1412 face $-1 $1766 $1767 $3 $-1 $1768 reversed single #
-1413 loop $-1 $-1 $1769 $1083 #
-1414 cone-surface $-1 13.447769324404284 -69.646081640791607
-5.6571504862502344 0 0 1 11.911043774965883 82.853207911286063 0 1 I I 0 1 1
forward I I I I #
-1415 coedge $-1 $1770 $1737 $1771 $1772 forward $1084 $-1 #
-1416 coedge $-1 $1088 $1086 $1773 $1774 reversed $817 $-1 #
-1417 coedge $-1 $1737 $1770 $1086 $1418 reversed $1084 $-1 #
-1418 edge $1775 $1740 0 $1776 1 $1417 $1777 forward 7 unknown #
-1419 coedge $-1 $1773 $1743 $1087 $1420 reversed $1224 $-1 #
-1420 edge $1778 $1422 0 $1746 1 $1087 $1779 forward 7 unknown #
-1421 ptlist-eye-attrib $-1 $-1 $-1 $1089 #
-1422 vertex $-1 $1774 $1780 #
-1423 straight-curve $-1 26.597769324404414 12.058918359208072 -0.75 0
-1.7763568394002505e-14 1.5 F 0 F 1 #
-1424 coedge $-1 $1097 $1099 $1781 $1782 forward $826 $-1 #
-1425 ptlist-eye-attrib $-1 $-1 $-1 $1098 #
-1426 ellipse-curve $-1 23.197769324404419 -24.941081640791904 3.5 0 0 -1 5 0 0
1 F 0 F 1.5707963267948966 #
-1427 coedge $-1 $1783 $1784 $1099 $1428 forward $1785 $-1 #
-1428 edge $1786 $1787 0 $1788 1 $1427 $1789 forward 7 unknown #
-1429 face $-1 $1790 $1455 $3 $-1 $1791 forward single #
-1430 plane-surface $-1 28.197769324404419 -29.941081640791904 3.5 0 0 1 -1 0 0
forward_v F -0.6000000000000002 F 30.600000000000001 F -5.1399999999999997 F
2.1400000000000001 #
-1431 cone-surface $-1 23.197769324404419 -24.941081640791904
36.107600000000048 0 0 -1 5 -3.5527136788005005e-15 0 1 I I 0 1 1 forward I I I
I #
-1432 coedge $-1 $1792 $1105 $1793 $1794 reversed $619 $-1 #
-1433 coedge $-1 $1781 $1795 $1105 $1434 forward $1667 $-1 #
-1434 edge $1796 $1797 0 $1436 1 $1433 $1798 forward 7 unknown #
-1435 ptlist-eye-attrib $-1 $-1 $-1 $1106 #
-1436 vertex $-1 $1434 $1799 #
-1437 straight-curve $-1 28.197769324404419 -24.9410816407919
3.4999999999999991 0 -4 8.8817841970012523e-16 F 0 F 1 #
-1438 point $-1 28.197769324404419 -24.941081640791907 3.5 #
-1439 coedge $-1 $1113 $1113 $1111 $1440 forward $1442 $-1 #
-1440 edge $1800 $1116 0 $1119 3.1415926535897842 $1439 $1801 forward 7 unknown
#
-1441 cone-surface $-1 13.197769324404423 -27.041081640791905
12.850000000000001 0 0 1 -1.5999999999999999 0 0 1 I I 0 1 1 forward I I I I #
-1442 loop $-1 $-1 $1113 $1121 #
-1443 ptlist-eye-attrib $-1 $-1 $-1 $1114 #
-1444 ellipse-curve $-1 13.197769324404423 -27.041081640791905
4.8500000000000023 0 0 1 1.5999999999999996 -7.1054273576010019e-15 0 1 F 0 F
3.141592653589802 #
-1445 point $-1 11.597769324404423 -27.041081640791912 4.8500000000000023 #
-1446 point $-1 14.797769324404422 -27.041081640791912 4.8500000000000023 #
-1447 plane-surface $-1 13.197769324404424 -27.041081640791912
4.8499999999999996 0 0 1 1 0 0 forward_v F -1.6796335841358343 F
1.6796335841358325 F -1.6796281638333852 F 1.6796281638333852 #
-1448 ptlist-eye-attrib $-1 $-1 $-1 $1123 #
-1449 straight-curve $-1 -1.802230675595581 2.5589183592080929 14.25 0 0 -3 F 0
F 1 #
-1450 coedge $-1 $1126 $1660 $1802 $1803 reversed $466 $-1 #
-1451 coedge $-1 $1804 $1805 $1126 $1452 forward $1734 $-1 #
-1452 edge $1806 $1457 0 $1807 1 $1451 $1808 forward 7 unknown #
-1453 coedge $-1 $1809 $1127 $1805 $1810 reversed $1455 $-1 #
-1454 coedge $-1 $1127 $1809 $1129 $1459 reversed $1455 $-1 #
-1455 loop $-1 $-1 $1809 $1429 #
-1456 ptlist-eye-attrib $-1 $-1 $-1 $1128 #
-1457 vertex $-1 $1128 $1811 #
-1458 straight-curve $-1 -1.802230675595581 -28.941081640791907 3.5 0 0
-4.2499999999999991 F 0 F 1 #
-1459 edge $1812 $1131 0 $1788 1.5707963267948954 $1454 $1813 forward 7 unknown
#
-1460 point $-1 -1.802230675595581 -28.941081640791907 3.5 #
-1461 coedge $-1 $1139 $1139 $1136 $1462 forward $1134 $-1 #
-1462 edge $1814 $1467 0 $1466 3.141592653589802 $1461 $1815 forward 7 unknown
#
-1463 edge $1816 $1466 0 $1332 1 $1329 $1817 forward 7 unknown #
-1464 edge $1818 $1333 0 $1467 1 $1330 $1819 forward 7 unknown #
-1465 ptlist-eye-attrib $-1 $-1 $-1 $1140 #
-1466 vertex $-1 $1463 $1820 #
-1467 vertex $-1 $1464 $1821 #
-1468 ellipse-curve $-1 13.197769324404423 18.158918359208101
4.8500000000000023 0 0 1 -1.5999999999999996 -7.1054273576010019e-15 0 1 F 0 F
3.1415926535897842 #
-1469 coedge $-1 $1822 $1141 $1823 $1824 forward $83 $-1 #
-1470 coedge $-1 $1825 $1826 $1141 $1471 reversed $1827 $-1 #
-1471 edge $1828 $1475 0 $1829 1 $1470 $1830 forward 7 unknown #
-1472 coedge $-1 $1831 $1142 $1145 $1478 forward $979 $-1 #
-1473 coedge $-1 $1142 $1281 $1825 $1832 reversed $979 $-1 #
-1474 ptlist-eye-attrib $-1 $-1 $-1 $1143 #
-1475 vertex $-1 $1471 $1833 #
-1476 ellipse-curve $-1 -0.30223067559558103 -6.2410816407919043 -108.25 -1 0 0
0 -8.498041745922432 110.17274293800877 1 F 0 F 0.027214101592435407 #
-1477 coedge $-1 $1145 $1144 $1834 $1835 reversed $1146 $-1 #
-1478 edge $1836 $1148 1.647777693042475 $1837 1.6477910484246434 $1145 $1838
forward 7 unknown #
-1479 face $-1 $1839 $1146 $3 $-1 $1840 forward single #
-1480 point $-1 -0.30223067559552419 -14.739123386714338 1.9227429380087671 #
-1481 coedge $-1 $1489 $1150 $1498 $1841 forward $875 $-1 #
-1482 coedge $-1 $1156 $1498 $1150 $1483 reversed $976 $-1 #
-1483 edge $1842 $1159 0 $1843 0.76688176132943942 $1150 $1844 forward 7
unknown #
-1484 coedge $-1 $1490 $1834 $1151 $1485 reversed $1620 $-1 #
-1485 edge $1845 $1846 0 $1487 0.80391456546540496 $1484 $1847 forward 7
unknown #
-1486 ptlist-eye-attrib $-1 $-1 $-1 $1152 #
-1487 vertex $-1 $1152 $1848 #
-1488 straight-curve $-1 -0.22277516585410401 -14.740594785042875
0.74999999999997802 -0.079455509741477026 0.001471398328549256
2.19824158875781e-14 F 0 F 1 #
-1489 coedge $-1 $1153 $1481 $1271 $1615 forward $875 $-1 #
-1490 coedge $-1 $1273 $1484 $1153 $1491 reversed $1620 $-1 #
-1491 edge $1849 $1622 0 $1846 0.80391456546545337 $1490 $1850 forward 7
unknown #
-1492 plane-surface $-1 13.197769324404419 -4.7974041042373301 0.75 0 0 1 1 0 0
forward_v F -13.579633584135832 F -12.229917218214702 F -14.027995958610397 F
-8.8247850114913362 #
-1493 ptlist-eye-attrib $-1 $-1 $-1 $1157 #
-1494 straight-curve $-1 -0.093094710265222869 -17.744025081545541
0.74999999999999423 -3.7331249203020889e-15 3.5527136788005009e-15
0.89964646075447563 F 0 F 1 #
-1495 point $-1 -0.093094710265222869 -17.744025081545541 0.74999999999999423
#
-1496 ptlist-eye-attrib $-1 $-1 $-1 $1162 #
-1497 ellipse-curve $-1 0.65702858366366046 -6.2410816407919043 -108.25
0.99982857632513134 0.018515344006019934 0 -2.0462962962961839 110.5 0
0.99982857632513134 F 1.6840177696018135 F 1.6931400913857761 #
-1498 coedge $-1 $1482 $1163 $1481 $1841 reversed $976 $-1 #
-1499 edge $1851 $1165 0 $1852 1 $1163 $1853 forward 7 unknown #
-1500 point $-1 0.88821852205388363 -18.72533831386464 1.542501270901198 #
-1501 coedge $-1 $1169 $1854 $1855 $1856 reversed $89 $-1 #
-1502 coedge $-1 $1857 $1858 $1169 $1503 forward $1859 $-1 #
-1503 edge $1860 $1508 0 $1861 1 $1502 $1862 forward 7 unknown #
-1504 coedge $-1 $1567 $1170 $1858 $1863 reversed $1506 $-1 #
-1505 coedge $-1 $1170 $1566 $1172 $1511 forward $1506 $-1 #
-1506 loop $-1 $-1 $1505 $1864 #
-1507 ptlist-eye-attrib $-1 $-1 $-1 $1171 #
-1508 vertex $-1 $1171 $1865 #
-1509 ellipse-curve $-1 26.697769324404419 -6.2410816407919043 -108.25 -1 0 0 0
-8.9980417459223627 110.13303430278599 1 F 0 F 0.027222216368590697 #
-1510 coedge $-1 $1173 $1172 $1866 $1867 reversed $1174 $-1 #
-1511 edge $1868 $1869 1.6522956990006727 $1176 1.6523168308514906 $1172 $1870
forward 7 unknown #
-1512 point $-1 26.697769324404021 -15.239123386714265 1.8830343027860152 #
-1513 coedge $-1 $1521 $1178 $1871 $1872 forward $901 $-1 #
-1514 coedge $-1 $1866 $1871 $1178 $1515 reversed $1242 $-1 #
-1515 edge $1873 $1517 0 $1874 0.78539816339751178 $1178 $1875 forward 7
unknown #
-1516 ptlist-eye-attrib $-1 $-1 $-1 $1179 #
-1517 vertex $-1 $1867 $1876 #
-1518 straight-curve $-1 26.572094213969251 -15.236796069854359
0.74999999999998279 0.12567511043516788 -0.0023273168599100558
1.7208456881689926e-14 F 0 F 1 #
-1519 coedge $-1 $1522 $1184 $1180 $1520 reversed $1192 $-1 #
-1520 edge $1877 $1878 0 $1187 0.78539816339733803 $1519 $1879 forward 7
unknown #
-1521 coedge $-1 $1181 $1513 $1217 $1550 forward $901 $-1 #
-1522 coedge $-1 $1191 $1519 $1181 $1523 reversed $1192 $-1 #
-1523 edge $1880 $1552 0 $1878 0.78539816339742385 $1522 $1881 forward 7
unknown #
-1524 plane-surface $-1 13.197769324404419 -4.7974041042373301 0.75 0 0 1 1 0 0
forward_v F 12.220791829542327 F 13.579633584135832 F -14.520698340989107 F
-9.3210549022328983 #
-1525 ptlist-eye-attrib $-1 $-1 $-1 $1185 #
-1526 straight-curve $-1 26.516538658413726 -18.23679606985435
1.5969518709389705 -3.907985046680551e-14 0 -0.84695187093897628 F 0 F 1 #
-1527 point $-1 26.516538658413683 -18.23679606985435 0.74999999999999423 #
-1528 cone-surface $-1 26.498023314407707 -19.236624646179507
29.929003780812746 -1.9564001733054487e-17 -1.0564560935850647e-15 1
-0.69389324104093286 0.72007789164625091 0 1 I I 0 1 1 forward I I I I #
-1529 point $-1 25.498194738082582 -19.21810930217346 1.485348694373485 #
-1530 cone-surface $-1 -0.42644525569651659 0.25724721909471882
2.0096858869485481 4.3765470104868164e-17 -2.3633353856630107e-15 1
0.12421458010093556 -0.99225537947160802 -2.2204460492503095e-15 1 I I 0 1 1
forward I I I I #
-1531 coedge $-1 $1882 $1883 $1884 $1885 forward $1198 $-1 #
-1532 coedge $-1 $1886 $1887 $1203 $1533 reversed $1888 $-1 #
-1533 edge $1889 $1538 0 $1595 0.0035955075548511381 $1532 $1890 forward 7
unknown #
-1534 coedge $-1 $1891 $1204 $1207 $1541 reversed $1536 $-1 #
-1535 coedge $-1 $1204 $1891 $1886 $1892 forward $1536 $-1 #
-1536 loop $-1 $-1 $1891 $1893 #
-1537 ptlist-eye-attrib $-1 $-1 $-1 $1205 #
-1538 vertex $-1 $1533 $1894 #
-1539 ellipse-curve $-1 13.447769324404533 46.590168359207631
0.75000000000000089 0 0 -1 0.12500000000911982 -69.531137640358168 0 1 F 0 F
0.00359550755481067 #
-1540 coedge $-1 $1207 $1206 $1547 $1895 reversed $1208 $-1 #
-1541 edge $1896 $1897 0 $1210 1 $1207 $1898 forward 7 unknown #
-1542 face $-1 $933 $1208 $3 $-1 $1899 reversed single #
-1543 point $-1 13.572769324413652 -22.940969281150565 0.74999999999997868 #
-1544 ptlist-eye-attrib $-1 $-1 $-1 $1212 #
-1545 vertex $-1 $1215 $1900 #
-1546 straight-curve $-1 24.460961630573681 -22.102978445570898
-0.75000000000000711 2.4868995751603507e-14 7.1054273576010019e-15 1.5 F 0 F 1
#
-1547 coedge $-1 $1214 $1901 $1540 $1895 forward $1224 $-1 #
-1548 ptlist-eye-attrib $-1 $-1 $-1 $1215 #
-1549 intcurve-curve $-1 forward { exactcur full nubs 3 open 2 0 3
1.5363203674712096 3 24.460961630573681 -22.102978445570898
-0.75000000000000711 24.966895679613369 -22.023706120494182
-0.75000000000000711 25.456802835041415 -21.453272066396146
-0.75000000000000711 25.466284668410481 -20.9412530644668 -0.75000000000000711
0 null_surface null_surface nullbs nullbs I I 0 0 0 I I } I I #
-1550 edge $1902 $1903 0 $1552 1 $1521 $1904 forward 7 unknown #
-1551 ptlist-eye-attrib $-1 $-1 $-1 $1218 #
-1552 vertex $-1 $1550 $1905 #
-1553 straight-curve $-1 25.498194738082578 -19.218109302173463
0.749999999999994 0 2.4868995751603507e-14 0.73534869437350392 F 0 F 1 #
-1554 ptlist-eye-attrib $-1 $-1 $-1 $1222 #
-1555 vertex $-1 $1222 $1906 #
-1556 straight-curve $-1 25.663803630114025 -10.275229132474045 0.75 0 0 -1.5 F
0 F 1 #
-1557 coedge $-1 $1907 $1223 $1586 $1908 forward $1224 $-1 #
-1558 edge $1909 $1588 0 $1226 1 $1248 $1910 forward 7 unknown #
-1559 coedge $-1 $1911 $1912 $1913 $1914 forward $1224 $-1 #
-1560 point $-1 25.663803630114025 -10.275229132474045 -0.75 #
-1561 coedge $-1 $1915 $1229 $1235 $1574 forward $953 $-1 #
-1562 ptlist-eye-attrib $-1 $-1 $-1 $1230 #
-1563 straight-curve $-1 25.663803630114032 -10.275229132474045 0.75
-0.054497780920353733 -2.9428801696994231 -1.2212453270876722e-15 F 0 F 1 #
-1564 coedge $-1 $1871 $1916 $1231 $1565 forward $1242 $-1 #
-1565 edge $1917 $1569 0 $1903 1 $1564 $1918 forward 7 unknown #
-1566 coedge $-1 $1505 $1232 $1916 $1919 reversed $1506 $-1 #
-1567 coedge $-1 $1232 $1504 $1234 $1572 reversed $1506 $-1 #
-1568 ptlist-eye-attrib $-1 $-1 $-1 $1233 #
-1569 vertex $-1 $1919 $1920 #
-1570 ellipse-curve $-1 25.738510065145174 -6.2410816407919043 -108.25
0.99982857632513134 -0.018515344006018803 0 2.0462962962960596 110.5 0
0.99982857632513134 F 1.6339788780510469 F 1.6430525832362191 #
-1571 coedge $-1 $1573 $1234 $1921 $1922 forward $1236 $-1 #
-1572 edge $1923 $1239 0 $1924 1.5676668523395627 $1234 $1925 forward 7 unknown
#
-1573 coedge $-1 $1235 $1571 $1915 $1926 reversed $1236 $-1 #
-1574 edge $1927 $1238 0 $1928 0.78539816339740509 $1235 $1929 forward 7
unknown #
-1575 face $-1 $544 $1236 $3 $-1 $1930 forward single #
-1576 point $-1 25.609305849193678 -13.218109302173469 0.74999999999999878 #
-1577 point $-1 25.609305849193678 -13.218109302173456 2.0295134420365315 #
-1578 plane-surface $-1 -1.4184782773370053 -14.718452134830251
4.4682495715719526 -0.018515344006018571 -0.99982857632513134
-5.2983246641673475e-15 9.8100303812632475e-17 5.2974164058827683e-15
-1.0000000000000002 forward_v F 2.5053915639645341 F 3.7978831557077863 F
27.91573797664271 F 28.200701802732528 #
-1579 face $-1 $1931 $1932 $3 $-1 $1933 forward single #
-1580 loop $-1 $-1 $1934 $1244 #
-1581 plane-surface $-1 25.753891786855192 -3.1694447745374887
60.108007561625499 0 1 0 1 0 0 forward_v F -0.00045963847922699587 F
0.023441562440576789 F 59.278373977489665 F 60.937641145761333 #
-1582 coedge $-1 $1935 $1585 $1936 $1937 reversed $1245 $-1 #
-1583 coedge $-1 $1247 $1938 $1585 $1939 forward $953 $-1 #
-1584 edge $1940 $1555 0 $1589 1 $1247 $1941 forward 7 unknown #
-1585 coedge $-1 $1582 $1250 $1583 $1939 reversed $1245 $-1 #
-1586 coedge $-1 $1250 $1942 $1557 $1908 reversed $1245 $-1 #
-1587 ptlist-eye-attrib $-1 $-1 $-1 $1251 #
-1588 vertex $-1 $1908 $1943 #
-1589 vertex $-1 $1584 $1944 #
-1590 straight-curve $-1 25.643511010803227 -10.275245550887547
-0.75000000000000466 3.5527136788005009e-15 0 1.5 F 0 F 1 #
-1591 coedge $-1 $1945 $1252 $1887 $1946 forward $1593 $-1 #
-1592 coedge $-1 $1252 $1945 $1254 $1598 reversed $1593 $-1 #
-1593 loop $-1 $-1 $1252 $1947 #
-1594 ptlist-eye-attrib $-1 $-1 $-1 $1253 #
-1595 vertex $-1 $1253 $1948 #
-1596 ellipse-curve $-1 12.947769324404533 46.590168359207631
0.75000000000000089 0 0 -1 0.12499999999210587 -69.531137640358196 0 1 F 0 F
0.0035955075545864379 #
-1597 coedge $-1 $1255 $1254 $1949 $1950 reversed $1256 $-1 #
-1598 edge $1951 $1258 0 $1952 1 $1592 $1953 forward 7 unknown #
-1599 face $-1 $1947 $1256 $3 $-1 $1954 reversed single #
-1600 point $-1 12.82276932440513 -22.940969281150551 0.74999999999997868 #
-1601 coedge $-1 $1949 $1265 $1260 $1602 forward $1224 $-1 #
-1602 edge $1955 $1268 0 $1604 1.5363203674706374 $1260 $1956 forward 7 unknown
#
-1603 ptlist-eye-attrib $-1 $-1 $-1 $1261 #
-1604 vertex $-1 $1950 $1957 #
-1605 straight-curve $-1 1.9345770182344044 -22.102978445570773
0.74999999999998335 -3.730349362740526e-14 1.0658141036401503e-14
-1.4999999999999951 F 0 F 1 #
-1606 spline-surface $-1 forward { exactsur full nubs 3 3 open open none none 2
2 -0.027852456031941742 3 1.0276607179269301 3 59.278373977489665 3
60.937641145761347 3 1.9768788006730647 -22.108447287972769 0.82963358413583421
1.4422966698469226 -22.054103279351448 0.82963358413583421 0.91115964724913845
-21.435498307048032 0.82963358413583421 0.92957972812091461 -20.898910338707875
0.82963358413583421 1.9768788006730647 -22.108447287972769 0.2765445280452733
1.4422966698469226 -22.054103279351448 0.2765445280452733 0.91115964724913845
-21.435498307048032 0.2765445280452733 0.92957972812091461 -20.898910338707875
0.2765445280452733 1.9768788006730647 -22.108447287972769 -0.27654452804528751
1.4422966698469226 -22.054103279351448 -0.27654452804528751 0.91115964724913845
-21.435498307048032 -0.27654452804528751 0.92957972812091461
-20.898910338707875 -0.27654452804528751 1.9768788006730647 -22.108447287972769
-0.82963358413584842 1.4422966698469226 -22.054103279351448
-0.82963358413584842 0.91115964724913845 -21.435498307048032
-0.82963358413584842 0.92957972812091461 -20.898910338707875
-0.82963358413584842 0 0 0 0 0 0 0 F -0.027852456031941742 F 1.0276607179269301
F 59.278373977489665 F 60.937641145761347 } I I I I #
-1607 coedge $-1 $1616 $1264 $1958 $1959 reversed $733 $-1 #
-1608 coedge $-1 $1960 $1961 $1264 $1609 reversed $1962 $-1 #
-1609 edge $1963 $1612 0 $1964 1 $1264 $1965 forward 7 unknown #
-1610 coedge $-1 $1265 $1966 $1960 $1967 reversed $1224 $-1 #
-1611 ptlist-eye-attrib $-1 $-1 $-1 $1266 #
-1612 vertex $-1 $1266 $1968 #
-1613 straight-curve $-1 0.73173501869480662 -10.275229132474044 -0.75
0.19751896170355787 -10.666023931992695 2.4424906541753444e-15 F 0 F 1 #
-1614 point $-1 0.92925398039836438 -20.941253064466739 -0.74999999999999756 #
-1615 edge $1969 $1852 0 $1622 1 $1489 $1970 forward 7 unknown #
-1616 coedge $-1 $1272 $1607 $1971 $1972 reversed $733 $-1 #
-1617 coedge $-1 $1281 $1831 $1272 $1618 reversed $979 $-1 #
-1618 edge $1973 $1974 1.6294737937481929 $1623 1.6385510440840942 $1272 $1975
forward 7 unknown #
-1619 coedge $-1 $1834 $1273 $1831 $1976 forward $1620 $-1 #
-1620 loop $-1 $-1 $1834 $1839 #
-1621 ptlist-eye-attrib $-1 $-1 $-1 $1274 #
-1622 vertex $-1 $1615 $1977 #
-1623 vertex $-1 $1618 $1978 #
-1624 straight-curve $-1 0.79556875447698394 -13.722250864711768
0.74999999999998102 -5.5511151231257827e-16 1.7763568394002505e-14
1.2464607461077613 F 0 F 1 #
-1625 face $-1 $1262 $1827 $3 $-1 $1979 forward single #
-1626 loop $-1 $-1 $1971 $1275 #
-1627 cone-surface $-1 -0.2227973994208492 -12.739737019791832
29.929003780812756 -3.6842342707165919e-17 1.989486506187069e-15 -1
0.70710678118654813 0.70710678118654691 0 1 I I 0 1 1 forward I I I I #
-1628 face $-1 $1864 $1980 $3 $-1 $1981 forward single #
-1629 cone-surface $-1 -0.30223067559558103 -6.2410816407919043 -108.25 1 0 0 0
110.5 0 1 I I 0 1 1 forward I I I I #
-1630 coedge $-1 $1982 $1983 $1984 $1985 reversed $1279 $-1 #
-1631 coedge $-1 $1971 $1986 $1281 $1632 forward $1626 $-1 #
-1632 edge $1987 $1988 0 $1974 1.5307465910380058 $1631 $1989 forward 7 unknown
#
-1633 coedge $-1 $1282 $1990 $1290 $1641 reversed $83 $-1 #
-1634 ptlist-eye-attrib $-1 $-1 $-1 $1283 #
-1635 ellipse-curve $-1 -0.30223067559558103 -6.2410816407919043 -108.25 -1 0 0
0 5.5060734804150142 110.3627344479479 1 F 0 F 0.027214243598087082 #
-1636 coedge $-1 $1285 $1284 $1691 $1991 reversed $1286 $-1 #
-1637 edge $1992 $1695 0 $1288 1 $1285 $1993 forward 7 unknown #
-1638 face $-1 $1994 $1286 $3 $-1 $1995 forward single #
-1639 point $-1 -0.30223067559558103 2.266020646207525 1.9220436893068085 #
-1640 coedge $-1 $1291 $1290 $1996 $1997 reversed $1292 $-1 #
-1641 edge $1998 $1294 0 $1999 1 $1290 $2000 forward 7 unknown #
-1642 point $-1 -0.30223067559558103 -0.73500816037688743 2.1127344479479153 #
-1643 coedge $-1 $2001 $1296 $2002 $2003 forward $988 $-1 #
-1644 coedge $-1 $1996 $2004 $1296 $1645 forward $2005 $-1 #
-1645 edge $2006 $2007 0 $1647 1 $1644 $2008 forward 7 unknown #
-1646 ptlist-eye-attrib $-1 $-1 $-1 $1297 #
-1647 vertex $-1 $1297 $2009 #
-1648 straight-curve $-1 0.57338332062861375 0.27576256310074376
0.75000000000000056 0 5.2180482157382357e-15 1.3076640203308401 F 0 F 1 #
-1649 coedge $-1 $1298 $2001 $2010 $2011 forward $988 $-1 #
-1650 coedge $-1 $2012 $1691 $1298 $1651 forward $1693 $-1 #
-1651 edge $2013 $1653 0 $2014 1 $1650 $2015 forward 7 unknown #
-1652 ptlist-eye-attrib $-1 $-1 $-1 $1299 #
-1653 vertex $-1 $1299 $2016 #
-1654 straight-curve $-1 0.55451178015401115 1.2948257487293766
1.9927326394649882 -1.1102230246251565e-16 4.2188474935755949e-15
-1.2427326394649882 F 0 F 1 #
-1655 plane-surface $-1 0.58973771733805291 -0.60737485920899559
60.108007561625499 -0.99982857632513134 -0.018515344006019934 0
-0.018515344006019934 0.99982857632513134 0 forward_v F 0.8036552547926411 F
3.8577156835735105 F 57.970709957158817 F 60.937641145761333 #
-1656 coedge $-1 $2017 $1303 $2018 $2019 forward $997 $-1 #
-1657 coedge $-1 $1306 $1792 $1303 $1658 forward $619 $-1 #
-1658 edge $2020 $2021 0 $1309 1 $1657 $2022 forward 7 unknown #
-1659 coedge $-1 $1304 $2017 $2023 $2024 forward $997 $-1 #
-1660 coedge $-1 $1450 $1313 $1304 $1661 forward $466 $-1 #
-1661 edge $2025 $1316 0 $2026 1 $1304 $2027 forward 7 unknown #
-1662 face $-1 $2028 $2029 $3 $-1 $2030 forward single #
-1663 plane-surface $-1 -1.802230675595581 21.058918359208093 3.5 0 0 1 1 0 0
forward_v F -0.59999999999999998 F 30.600000000000001 F -5.1399999999999997 F
2.1400000000000001 #
-1664 ptlist-eye-attrib $-1 $-1 $-1 $1307 #
-1665 straight-curve $-1 28.197769324404419 16.058918359208093 14.25 0 0 -10.75
F 0 F 1 #
-1666 point $-1 28.197769324404419 16.058918359208093 3.5 #
-1667 loop $-1 $-1 $2031 $1311 #
-1668 cone-surface $-1 25.197769324404419 -28.941081640791904
-21.607600000000083 0 0 1 0 -3 0 1 I I 0 1 1 forward I I I I #
-1669 ptlist-eye-attrib $-1 $-1 $-1 $1314 #
-1670 straight-curve $-1 -1.802230675595581 16.058918359208093 3.5 0 0 10.75 F
0 F 1 #
-1671 point $-1 -1.802230675595581 16.058918359208093 3.5 #
-1672 cone-surface $-1 -0.51877363326681447 6.2429796078910158
1.8504346365251667 4.5367503738234162e-17 -2.4498452018647795e-15 1
0.21654295767123344 -0.97627309062730916 -2.2204460492503166e-15 1 I I 0 1 1
forward I I I I #
-1673 ptlist-eye-attrib $-1 $-1 $-1 $1328 #
-1674 ellipse-curve $-1 13.197769324404423 18.158918359208101
14.250000000000002 0 0 -1 1.5999999999999996 0 0 1 F 0 F 3.1415926535897931 #
-1675 point $-1 11.597769324404423 18.158918359208101 14.250000000000002 #
-1676 point $-1 14.797769324404422 18.158918359208101 14.250000000000002 #
-1677 coedge $-1 $2032 $1335 $2033 $2034 reversed $89 $-1 #
-1678 coedge $-1 $2035 $2036 $1335 $1679 forward $1764 $-1 #
-1679 edge $2037 $2038 0 $1684 1 $1678 $2039 forward 7 unknown #
-1680 coedge $-1 $1758 $1336 $1339 $1686 forward $1682 $-1 #
-1681 coedge $-1 $1336 $2040 $2035 $2041 forward $1682 $-1 #
-1682 loop $-1 $-1 $2042 $2043 #
-1683 ptlist-eye-attrib $-1 $-1 $-1 $1337 #
-1684 vertex $-1 $1679 $2044 #
-1685 straight-curve $-1 26.697769324404419 1.7660206462075827
0.75000000000000056 0 3.0006858710561897 8.3266726846886741e-15 F 0 F 1 #
-1686 edge $2045 $1342 0 $1761 1.3804773387621276 $1339 $2046 forward 7 unknown
#
-1687 point $-1 26.697769324404419 4.7667065172637724 0.75000000000000888 #
-1688 ptlist-eye-attrib $-1 $-1 $-1 $1345 #
-1689 vertex $-1 $1345 $2047 #
-1690 intcurve-curve $-1 forward { exactcur full nubs 3 open 9 0 3
0.16680044353736206 1 0.33511652295690897 1 0.50276662404198624 1
0.66841785366500173 1 0.83092820155828484 1 0.9996030752470304 1
1.1814261116084073 1 1.3831728410090849 3 26.697769324404419 4.7667065172637706
1.7003460652460538 26.64338891226237 4.778231098516577 1.6991922703415256
26.535872966872066 4.8105803753794998 1.695950417872522 26.385175137514395
4.8852524847391106 1.6884247054890498 26.249461545116098 4.9837732617005148
1.6784159386715614 26.133441127379648 5.1019136298815564 1.6662946663532781
26.038140274668386 5.2375056079260176 1.6522243031748118 25.964126200969673
5.3917140590171542 1.6360186935793657 25.914495929235574 5.5689456378815692
1.6171257074521361 25.904023712715734 5.6966553280193359 1.6032883301509246
25.905261482329127 5.7634948871424898 1.5959837335210303 0 null_surface
null_surface nullbs nullbs I I 0 0 0 I I } I I #
-1691 coedge $-1 $1650 $1350 $1636 $1991 forward $1693 $-1 #
-1692 coedge $-1 $1350 $2048 $1352 $1698 forward $1693 $-1 #
-1693 loop $-1 $-1 $1692 $1994 #
-1694 ptlist-eye-attrib $-1 $-1 $-1 $1351 #
-1695 vertex $-1 $1351 $2049 #
-1696 straight-curve $-1 -0.30223067559558103 2.2660206462075223
0.75000000000000056 0 3.0006858710561861 8.992806499463768e-15 F 0 F 1 #
-1697 coedge $-1 $1353 $1352 $1376 $1723 forward $1354 $-1 #
-1698 edge $2050 $2051 0 $1356 1.3710407182525801 $1352 $2052 forward 7 unknown
#
-1699 point $-1 -0.30223067559558103 5.2667065172637084 0.75000000000000955 #
-1700 ptlist-eye-attrib $-1 $-1 $-1 $1359 #
-1701 vertex $-1 $1377 $2053 #
-1702 intcurve-curve $-1 forward { exactcur full nubs 3 open 9 0 3
0.20093135602558809 1 0.38181546130536365 1 0.54949940574011247 1
0.71095718137054109 1 0.87541196934203658 1 1.0418497436362384 1
1.2088543484961436 1 1.3741618846859411 3 0.48105494305831742 6.261494951897026
1.5404166061134221 0.48228708673874848 6.1949591931537444 1.5479934825435844
0.47192697674325229 6.067902312550455 1.5623438509202543 0.42282177668845089
5.8915741544578708 1.5819517139424177 0.34965149414513486 5.7381533457519414
1.5987812459843527 0.25548962705122907 5.6031645620443271 1.613411428908613
0.14087438779014591 5.4853456262828839 1.6260433185376797 0.006789705421880711
5.3867786129066531 1.6365115602895532 -0.14213316873919662 5.3116337916778438
1.6444313633678829 -0.24844939967776841 5.2786355119951818 1.6478901552754075
-0.30223067559558103 5.2667065172637049 1.6491392673724041 0 null_surface
null_surface nullbs nullbs I I 0 0 0 I I } I I #
-1703 coedge $-1 $2054 $1363 $2055 $2056 reversed $191 $-1 #
-1704 coedge $-1 $2057 $2058 $1363 $1705 reversed $2059 $-1 #
-1705 edge $2060 $1710 0 $2061 0.1442758704301374 $1704 $2062 forward 7 unknown
#
-1706 coedge $-1 $2063 $1364 $1367 $1713 forward $1708 $-1 #
-1707 coedge $-1 $1364 $2063 $2057 $2064 forward $1708 $-1 #
-1708 loop $-1 $-1 $1706 $2065 #
-1709 ptlist-eye-attrib $-1 $-1 $-1 $1365 #
-1710 vertex $-1 $1705 $2066 #
-1711 intcurve-curve $-1 forward { exactcur full nubs 3 open 2 0 3
1.5153929597868452 3 -0.20223067559552771 12.058918359208102
0.74999999999999523 -0.2022306755955206 12.564049345803717 0.74999999999999523
0.28673483616051626 13.135247203611392 0.74999999999998812 0.78672554943737549
13.207126270494296 0.74999999999998812 0 null_surface null_surface nullbs
nullbs I I 0 0 0 I I } I I #
-1712 coedge $-1 $1367 $1366 $2067 $2068 forward $1368 $-1 #
-1713 edge $2069 $1370 0 $2070 1 $1367 $2071 forward 7 unknown #
-1714 face $-1 $1374 $1368 $3 $-1 $2072 reversed single #
-1715 point $-1 -0.20223067559552771 12.058918359208102 0.74999999999999523 #
-1716 coedge $-1 $1379 $2067 $1372 $1717 forward $1224 $-1 #
-1717 edge $2073 $1719 0 $1382 0.79996659345610144 $1372 $2074 forward 7
unknown #
-1718 ptlist-eye-attrib $-1 $-1 $-1 $1373 #
-1719 vertex $-1 $1717 $2075 #
-1720 straight-curve $-1 -0.20223067559557761 8.2921028355352888
-0.75000000000001177 -9.4368957093138306e-16 -3.5527136788005009e-15
1.5000000000000142 F 0 F 1 #
-1721 spline-surface $-1 forward { exactsur full nubs 3 3 open open none none 2
2 -0.0502148861955359 3 1.0575252730390554 3 59.278373977489657 3
60.937641145761368 3 0.44768268333126704 7.7888953037167052 0.82963358413584132
0.51750894140514725 8.123894079687684 0.82963358413584132 -0.2830277302921414
8.0004750998281349 0.82963358413584132 -0.19553881296527104 8.3416210714308807
0.82963358413584132 0.44768268333126704 7.7888953037167052 0.27654452804527097
0.51750894140514725 8.123894079687684 0.27654452804527097 -0.2830277302921414
8.0004750998281349 0.27654452804527097 -0.19553881296527104 8.3416210714308807
0.27654452804527097 0.44768268333126704 7.7888953037167052 -0.27654452804529939
0.51750894140514725 8.123894079687684 -0.27654452804529939 -0.2830277302921414
8.0004750998281349 -0.27654452804529939 -0.19553881296527104 8.3416210714308807
-0.27654452804529939 0.44768268333126704 7.7888953037167052
-0.82963358413586974 0.51750894140514725 8.123894079687684 -0.82963358413586974
-0.2830277302921414 8.0004750998281349 -0.82963358413586974
-0.19553881296527104 8.3416210714308807 -0.82963358413586974 0 0 0 0 0 0 0 F
-0.0502148861955359 F 1.0575252730390554 F 59.278373977489657 F
60.937641145761368 } I I I I #
-1722 coedge $-1 $1378 $1376 $2048 $2076 reversed $797 $-1 #
-1723 edge $2077 $2051 0 $1701 1 $1697 $2078 forward 7 unknown #
-1724 ptlist-eye-attrib $-1 $-1 $-1 $1377 #
-1725 ellipse-curve $-1 0.71258413921921004 -6.2410816407919043 -108.25
0.99982857632513134 0.018515344006019934 0 -2.0462962962961839 110.5 0
0.99982857632513134 F 1.4569677305282724 F 1.4574080229247348 #
-1726 coedge $-1 $2079 $2080 $1378 $1727 reversed $2081 $-1 #
-1727 edge $2082 $2083 0 $1730 1 $1726 $2084 forward 7 unknown #
-1728 coedge $-1 $2085 $1379 $2080 $2086 reversed $1224 $-1 #
-1729 ptlist-eye-attrib $-1 $-1 $-1 $1380 #
-1730 vertex $-1 $1380 $2087 #
-1731 straight-curve $-1 0.45197683670443728 7.8317126950066447
-0.74999999999999523 0.084725155914144368 -4.6616382840698467
-9.4368957093138306e-15 F 0 F 1 #
-1732 point $-1 0.45197683670443728 7.8317126950066438 -0.74999999999999523 #
-1733 face $-1 $2088 $2089 $3 $-1 $2090 reversed single #
-1734 loop $-1 $1224 $2091 $1384 #
-1735 plane-surface $-1 0 0 -0.75 0 0 1 1 0 0 forward_v F -2.4022306755955811 F
28.79776932440442 F -33.041081640791901 F 24.158918359208094 #
-1736 coedge $-1 $1387 $2054 $1769 $2092 reversed $191 $-1 #
-1737 coedge $-1 $1415 $1417 $1387 $1738 reversed $1084 $-1 #
-1738 edge $2093 $2094 0 $1740 0.14427587043025575 $1737 $2095 forward 7
unknown #
-1739 ptlist-eye-attrib $-1 $-1 $-1 $1389 #
-1740 vertex $-1 $1389 $2096 #
-1741 intcurve-curve $-1 forward { exactcur full nubs 3 open 2 0 3
1.5153929597879308 3 25.608813099370114 13.207126270494477 0.74999999999999289
26.108803812647331 13.135247203611524 0.74999999999999289 26.597769324404414
12.564049345804031 0.75 26.597769324404414 12.058918359208054 0.75 0
null_surface null_surface nullbs nullbs I I 0 0 0 I I } I I #
-1742 point $-1 26.597769324404414 12.058918359208054 0.75 #
-1743 coedge $-1 $1419 $1399 $1394 $1744 forward $1224 $-1 #
-1744 edge $2097 $1402 0 $1746 0.79996659345614529 $1394 $2098 forward 7
unknown #
-1745 ptlist-eye-attrib $-1 $-1 $-1 $1395 #
-1746 vertex $-1 $1420 $2099 #
-1747 straight-curve $-1 26.597769324404418 8.2921028355353457 0.75
7.1054273576010019e-15 0 -1.5000000000000071 F 0 F 1 #
-1748 spline-surface $-1 forward { exactsur full nubs 3 3 open open none none 2
2 -0.050113981665249469 3 1.057351402413788 3 59.278373977489665 3
60.937641145761354 3 26.592714761628617 8.3348359093746112 0.82963358413583421
26.668381015106579 7.9999480191721624 0.82963358413583421 25.868220767422063
8.1232225222898968 0.82963358413583421 25.949314356106864 7.7823633791829581
0.82963358413583421 26.592714761628617 8.3348359093746112 0.27654452804527097
26.668381015106579 7.9999480191721624 0.27654452804527097 25.868220767422063
8.1232225222898968 0.27654452804527097 25.949314356106864 7.7823633791829581
0.27654452804527097 26.592714761628617 8.3348359093746112 -0.27654452804529228
26.668381015106579 7.9999480191721624 -0.27654452804529228 25.868220767422063
8.1232225222898968 -0.27654452804529228 25.949314356106864 7.7823633791829581
-0.27654452804529228 26.592714761628617 8.3348359093746112 -0.82963358413585553
26.668381015106579 7.9999480191721624 -0.82963358413585553 25.868220767422063
8.1232225222898968 -0.82963358413585553 25.949314356106864 7.7823633791829581
-0.82963358413585553 0 0 0 0 0 0 0 F -0.050113981665249469 F 1.057351402413788
F 59.278373977489665 F 60.937641145761354 } I I I I #
-1749 coedge $-1 $2100 $2101 $1398 $1750 reversed $2102 $-1 #
-1750 edge $2103 $1753 0 $2104 1 $1398 $2105 forward 7 unknown #
-1751 coedge $-1 $1399 $2106 $2100 $2107 reversed $1224 $-1 #
-1752 ptlist-eye-attrib $-1 $-1 $-1 $1400 #
-1753 vertex $-1 $1400 $2108 #
-1754 straight-curve $-1 25.858836656190238 3.1700744109367975
-0.75000000000000466 0.084725155914142647 4.6616382840698574
4.6629367034256575e-15 F 0 F 1 #
-1755 point $-1 25.943561812104377 7.8317126950066553 -0.75 #
-1756 ptlist-eye-attrib $-1 $-1 $-1 $1404 #
-1757 ellipse-curve $-1 25.682954509589624 -6.2410816407919043 -108.25
0.99982857632513134 -0.018515344006018803 0 2.0462962962960596 110.5 0
0.99982857632513134 F 1.4615393540677335 F 1.4619427831974032 #
-1758 coedge $-1 $2042 $1680 $1405 $1759 forward $1682 $-1 #
-1759 edge $2109 $1761 0 $2104 1 $1405 $2110 forward 7 unknown #
-1760 ptlist-eye-attrib $-1 $-1 $-1 $1407 #
-1761 vertex $-1 $1759 $2111 #
-1762 straight-curve $-1 25.905261482329127 5.7634948871424898
1.5959837335210303 0 6.2172489379008766e-15 -0.8459837335210213 F 0 F 1 #
-1763 face $-1 $2112 $2113 $3 $-1 $2114 forward single #
-1764 loop $-1 $-1 $1678 $1410 #
-1765 cone-surface $-1 26.831572153652445 0.7750126730382334 -0.5 0 0 1
-0.133802829248026 0.9910079731693493 0 1 I I 0 1 1 forward I I I I #
-1766 face $-1 $2115 $2116 $3 $-1 $2117 reversed single #
-1767 loop $-1 $-1 $2118 $1412 #
-1768 cone-surface $-1 13.197769324404284 -69.646081640791579
-0.75000000000000178 0 0 1 11.911043774965883 82.853207911286063 0 1 I I 0 1 1
forward I I I I #
-1769 coedge $-1 $2119 $1771 $1736 $2092 forward $1413 $-1 #
-1770 coedge $-1 $1417 $1415 $2120 $2121 reversed $1084 $-1 #
-1771 coedge $-1 $1769 $2122 $1415 $1772 reversed $1413 $-1 #
-1772 edge $2123 $2094 0 $2124 1 $1771 $2125 forward 7 unknown #
-1773 coedge $-1 $2120 $1419 $1416 $1774 forward $1224 $-1 #
-1774 edge $2126 $1422 0 $1776 1.5153929597878708 $1416 $2127 forward 7 unknown
#
-1775 ptlist-eye-attrib $-1 $-1 $-1 $1418 #
-1776 vertex $-1 $2121 $2128 #
-1777 straight-curve $-1 25.608813099370117 13.207126270494477
0.74999999999999289 4.9737991503207013e-14 -1.2434497875801753e-14 -1.5 F 0 F 1
#
-1778 ptlist-eye-attrib $-1 $-1 $-1 $1420 #
-1779 straight-curve $-1 26.597769324404414 12.058918359208072 -0.75
3.5527136788005009e-15 -3.7668155236727259 -7.1054273576010019e-15 F 0 F 1 #
-1780 point $-1 26.597769324404414 12.058918359208072 -0.75 #
-1781 coedge $-1 $2031 $1433 $1424 $1782 reversed $1667 $-1 #
-1782 edge $2129 $1787 0 $1436 1.5707963267948979 $1424 $2130 forward 7 unknown
#
-1783 coedge $-1 $2131 $1427 $1809 $2132 forward $1785 $-1 #
-1784 coedge $-1 $1427 $2131 $2031 $2133 forward $1785 $-1 #
-1785 loop $-1 $-1 $2131 $1790 #
-1786 ptlist-eye-attrib $-1 $-1 $-1 $1428 #
-1787 vertex $-1 $1782 $2134 #
-1788 vertex $-1 $1459 $2135 #
-1789 straight-curve $-1 25.197769324404419 -31.9410816407919 3.5 -24 0 0 F 0 F
1 #
-1790 face $-1 $1103 $1785 $3 $-1 $2136 forward single #
-1791 cone-surface $-1 1.1977693244044187 -28.941081640791904
36.107600000000048 3.8147544003373953e-18 0 -1 0 -3 0 1 I I 0 1 1 forward I I I
I #
-1792 coedge $-1 $1657 $1432 $2137 $2138 reversed $619 $-1 #
-1793 coedge $-1 $2139 $2140 $1432 $1794 forward $1734 $-1 #
-1794 edge $2141 $2142 0 $1797 1 $1432 $2143 forward 7 unknown #
-1795 coedge $-1 $1433 $2031 $2139 $2144 reversed $1667 $-1 #
-1796 ptlist-eye-attrib $-1 $-1 $-1 $1434 #
-1797 vertex $-1 $2144 $2145 #
-1798 straight-curve $-1 28.197769324404419 -28.9410816407919
-0.74999999999999933 0 -7.1054273576010019e-15 4.2499999999999991 F 0 F 1 #
-1799 point $-1 28.197769324404419 -28.9410816407919 3.4999999999999964 #
-1800 ptlist-eye-attrib $-1 $-1 $-1 $1440 #
-1801 ellipse-curve $-1 13.197769324404423 -27.041081640791905
4.8500000000000023 0 0 1 -1.5999999999999996 -7.1054273576010019e-15 0 1 F 0 F
3.1415926535897842 #
-1802 coedge $-1 $2023 $2146 $1450 $1803 forward $2147 $-1 #
-1803 edge $2148 $1807 0 $2026 1 $1802 $2149 forward 7 unknown #
-1804 coedge $-1 $2091 $1451 $2146 $2150 forward $1734 $-1 #
-1805 coedge $-1 $1451 $2151 $1453 $1810 forward $1734 $-1 #
-1806 ptlist-eye-attrib $-1 $-1 $-1 $1452 #
-1807 vertex $-1 $1452 $2152 #
-1808 straight-curve $-1 -1.802230675595581 -28.941081640791907
-0.74999999999999933 0 49 0 F 0 F 1 #
-1809 coedge $-1 $1454 $1453 $1783 $2132 reversed $1455 $-1 #
-1810 edge $2153 $2154 0 $1457 1.5707963267948954 $1453 $2155 forward 7 unknown
#
-1811 point $-1 -1.802230675595581 -28.941081640791907 -0.75 #
-1812 ptlist-eye-attrib $-1 $-1 $-1 $1459 #
-1813 ellipse-curve $-1 1.197769324404419 -28.941081640791904 3.5
-3.8147544003373953e-18 0 1 -3 -3.5527136788005009e-15 0 1 F 0 F
1.5707963267948954 #
-1814 ptlist-eye-attrib $-1 $-1 $-1 $1462 #
-1815 ellipse-curve $-1 13.197769324404423 18.158918359208101
4.8500000000000023 0 0 1 1.5999999999999996 -7.1054273576010019e-15 0 1 F 0 F
3.141592653589802 #
-1816 ptlist-eye-attrib $-1 $-1 $-1 $1463 #
-1817 straight-curve $-1 11.597769324404421 18.158918359208098
4.8500000000000014 0 3.5527136788005009e-15 9.3999999999999986 F 0 F 1 #
-1818 ptlist-eye-attrib $-1 $-1 $-1 $1464 #
-1819 straight-curve $-1 14.797769324404422 18.158918359208101 14.25 0
-3.5527136788005009e-15 -9.3999999999999986 F 0 F 1 #
-1820 point $-1 11.597769324404423 18.158918359208094 4.8500000000000023 #
-1821 point $-1 14.797769324404422 18.158918359208094 4.8500000000000023 #
-1822 coedge $-1 $1984 $1469 $2156 $2157 reversed $83 $-1 #
-1823 coedge $-1 $2158 $2159 $1469 $1824 reversed $2160 $-1 #
-1824 edge $2161 $1829 0 $2162 1 $1823 $2163 forward 7 unknown #
-1825 coedge $-1 $2164 $1470 $1473 $1832 forward $1827 $-1 #
-1826 coedge $-1 $1470 $2164 $2158 $2165 forward $1827 $-1 #
-1827 loop $-1 $-1 $2164 $1625 #
-1828 ptlist-eye-attrib $-1 $-1 $-1 $1471 #
-1829 vertex $-1 $1824 $2166 #
-1830 straight-curve $-1 -0.30223067559558092 -11.738094580129964
2.1131861117861606 0 8.8817841970012523e-15 -1.3631861117861599 F 0 F 1 #
-1831 coedge $-1 $1617 $1472 $1619 $1976 reversed $979 $-1 #
-1832 edge $2167 $1475 -1.5210290621397504 $1988 -1.5210126267309596 $1825
$2168 forward 7 unknown #
-1833 point $-1 -0.30223067559603578 -11.738094580129953 2.113186111786149 #
-1834 coedge $-1 $1484 $1619 $1477 $1835 forward $1620 $-1 #
-1835 edge $2169 $1837 0 $1487 1 $1834 $2170 forward 7 unknown #
-1836 ptlist-eye-attrib $-1 $-1 $-1 $1478 #
-1837 vertex $-1 $1976 $2171 #
-1838 ellipse-curve $-1 -459.19648495543436 -6.2410816407919043 -108.25
0.018515344006018571 0.99982857632513134 5.2983246641673475e-15
-5967.0000000007667 110.49999999999999 5.8264504332328215e-13
0.018515344006018571 F 1.647777693042475 F 1.6477910484246434 #
-1839 face $-1 $2172 $1620 $3 $-1 $2173 forward single #
-1840 plane-surface $-1 -1.4184782773370053 -14.718452134830251
4.4682495715719526 -0.018515344006018571 -0.99982857632513134
-5.2983246641673475e-15 9.8100303812632475e-17 5.2974164058827683e-15
-1.0000000000000002 forward_v F 2.4658730494273526 F 3.7978831557077863 F
1.1148496031624955 F 1.1974975010999511 #
-1841 edge $2174 $1843 0 $1852 0.76688176132945918 $1481 $2175 forward 7
unknown #
-1842 ptlist-eye-attrib $-1 $-1 $-1 $1483 #
-1843 vertex $-1 $1483 $2176 #
-1844 ellipse-curve $-1 -0.11161005427124739 -18.74385365787067
0.74999999999998224 -1.9577424718807348e-17 1.0571809348156548e-15 -1
0.018515344006020562 0.99982857632513245 1.1102230246251565e-15 1 F 0 F
0.76688176132943942 #
-1845 ptlist-eye-attrib $-1 $-1 $-1 $1485 #
-1846 vertex $-1 $1485 $2177 #
-1847 ellipse-curve $-1 -0.20425982184814839 -13.740766208717744
0.74999999999994671 -9.8167611053676248e-17 5.3010509968988097e-15 -1
0.70710678118654913 -0.70710678118654613 -3.7747582837255322e-15 1 F 0 F
0.80391456546540496 #
-1848 point $-1 -0.22277516585410401 -14.740594785042875 0.74999999999997802 #
-1849 ptlist-eye-attrib $-1 $-1 $-1 $1491 #
-1850 ellipse-curve $-1 -0.20425982184814839 -13.740766208717744
0.74999999999994671 -9.8167611053676248e-17 5.3010509968988097e-15 -1
0.99982857632513156 0.018515344006019063 0 1 F 0 F 0.80391456546545337 #
-1851 ptlist-eye-attrib $-1 $-1 $-1 $1499 #
-1852 vertex $-1 $1499 $2178 #
-1853 straight-curve $-1 0.88821852205388385 -18.725338313864643
1.5425012709011849 5.5511151231257827e-16 -2.8421709430404007e-14
-0.79250127090118971 F 0 F 1 #
-1854 coedge $-1 $1501 $2179 $2180 $2181 reversed $89 $-1 #
-1855 coedge $-1 $2182 $2183 $1501 $1856 forward $953 $-1 #
-1856 edge $2184 $1861 0 $2185 1 $1855 $2186 forward 7 unknown #
-1857 coedge $-1 $1921 $1502 $2183 $2187 reversed $1859 $-1 #
-1858 coedge $-1 $1502 $1921 $1504 $1863 forward $1859 $-1 #
-1859 loop $-1 $-1 $1502 $2188 #
-1860 ptlist-eye-attrib $-1 $-1 $-1 $1503 #
-1861 vertex $-1 $1503 $2189 #
-1862 straight-curve $-1 26.697769324404419 -12.238094580129898
2.0871462192375696 0 0 -1.3371462192375689 F 0 F 1 #
-1863 edge $2190 $1924 -1.5165098076717367 $1508 -1.5164980391068901 $1858
$2191 forward 7 unknown #
-1864 face $-1 $693 $1506 $3 $-1 $2192 forward single #
-1865 point $-1 26.697769324403794 -12.238094580129886 2.0871462192375674 #
-1866 coedge $-1 $1916 $1514 $1510 $1867 forward $1242 $-1 #
-1867 edge $2193 $1517 0 $1869 1 $1510 $2194 forward 7 unknown #
-1868 ptlist-eye-attrib $-1 $-1 $-1 $1511 #
-1869 vertex $-1 $1919 $2195 #
-1870 ellipse-curve $-1 -459.19648495543436 -6.2410816407919043 -108.25
0.018515344006018571 0.99982857632513134 5.2983246641673475e-15
-5967.0000000007667 110.49999999999999 5.8264504332328215e-13
0.018515344006018571 F 1.6522956990006727 F 1.6523168308514906 #
-1871 coedge $-1 $1514 $1564 $1513 $1872 reversed $1242 $-1 #
-1872 edge $2196 $1874 0 $1903 0.78539816339741875 $1513 $2197 forward 7
unknown #
-1873 ptlist-eye-attrib $-1 $-1 $-1 $1515 #
-1874 vertex $-1 $1515 $2198 #
-1875 ellipse-curve $-1 26.590609557975295 -14.236967493529225
0.74999999999996092 9.8100303812632451e-17 5.2974164058827668e-15 -1
-0.018515344005958667 -0.99982857632513245 -5.3290705182007514e-15 1 F 0 F
0.78539816339751178 #
-1876 point $-1 26.572094213969251 -15.236796069854359 0.74999999999998279 #
-1877 ptlist-eye-attrib $-1 $-1 $-1 $1520 #
-1878 vertex $-1 $1520 $2199 #
-1879 ellipse-curve $-1 26.498023314407707 -19.236624646179475
0.74999999999998224 1.9564001733054487e-17 1.0564560935850647e-15 -1
-0.6938932410409322 0.7200778916462518 7.7715611723760958e-16 1 F 0 F
0.78539816339733803 #
-1880 ptlist-eye-attrib $-1 $-1 $-1 $1523 #
-1881 ellipse-curve $-1 26.498023314407707 -19.236624646179475
0.74999999999998224 1.9564001733054487e-17 1.0564560935850647e-15 -1
-0.99982857632513245 0.018515344006043932 0 1 F 0 F 0.78539816339742385 #
-1882 coedge $-1 $2033 $1531 $2200 $2201 reversed $1198 $-1 #
-1883 coedge $-1 $1531 $2033 $2036 $2202 reversed $1198 $-1 #
-1884 coedge $-1 $2203 $2204 $1531 $1885 reversed $2205 $-1 #
-1885 edge $2206 $2207 0 $2208 1.4063033717035416 $1884 $2209 forward 7 unknown
#
-1886 coedge $-1 $2210 $1532 $1535 $1892 reversed $1888 $-1 #
-1887 coedge $-1 $1532 $2210 $1591 $1946 reversed $1888 $-1 #
-1888 loop $-1 $-1 $2210 $2211 #
-1889 ptlist-eye-attrib $-1 $-1 $-1 $1533 #
-1890 ellipse-curve $-1 13.197769324404533 46.590168359207603
0.74999999999999822 0 0 -1 0.12500000000201972 -69.531137640358182 0 1 F 0 F
0.0035955075548511381 #
-1891 coedge $-1 $1535 $1534 $1901 $2212 forward $1536 $-1 #
-1892 edge $2213 $2214 0 $1538 1 $1535 $2215 forward 7 unknown #
-1893 face $-1 $1542 $1536 $3 $-1 $2216 reversed single #
-1894 point $-1 13.322769324406552 -22.940969281150551 0.75000000000000089 #
-1895 edge $2217 $1897 0 $1545 0.15721919425126646 $1540 $2218 forward 7
unknown #
-1896 ptlist-eye-attrib $-1 $-1 $-1 $1541 #
-1897 vertex $-1 $1895 $2219 #
-1898 straight-curve $-1 13.572769324407377 -22.940969281150547
-0.75000000000000677 1.971756091734278e-13 1.0658141036401503e-14 1.5 F 0 F 1
#
-1899 cone-surface $-1 13.697769324404533 46.590168359207631 60.108007561625499
0 0 -1 -10.763192306169969 -68.693146804778408 0 1 I I 0 1 1 forward I I I I #
-1900 point $-1 24.460961630573681 -22.102978445570898 -0.75000000000000711 #
-1901 coedge $-1 $1547 $2220 $1891 $2212 reversed $1224 $-1 #
-1902 ptlist-eye-attrib $-1 $-1 $-1 $1550 #
-1903 vertex $-1 $1565 $2221 #
-1904 straight-curve $-1 25.590780981650163 -14.218452149523259
0.74999999999998335 -0.092586243567584603 -4.9996571526502045
1.0658141036401503e-14 F 0 F 1 #
-1905 point $-1 25.498194738082574 -19.218109302173431 0.74999999999998224 #
-1906 point $-1 25.663803630114025 -10.275229132474045 0.75 #
-1907 coedge $-1 $2222 $1557 $2223 $2224 reversed $1224 $-1 #
-1908 edge $2225 $1588 0 $2226 1 $1586 $2227 forward 7 unknown #
-1909 ptlist-eye-attrib $-1 $-1 $-1 $1558 #
-1910 straight-curve $-1 25.643511010803227 -10.275245550887547
-0.75000000000000466 0.020292619310797733 1.6418413501639861e-05
4.6629367034256575e-15 F 0 F 1 #
-1911 coedge $-1 $2228 $1559 $2229 $2230 forward $1224 $-1 #
-1912 coedge $-1 $1559 $2085 $2231 $2232 reversed $1224 $-1 #
-1913 coedge $-1 $2233 $2234 $1559 $1914 reversed $2235 $-1 #
-1914 edge $2236 $2237 0 $2238 1 $1913 $2239 forward 7 unknown #
-1915 coedge $-1 $2183 $1561 $1573 $1926 forward $953 $-1 #
-1916 coedge $-1 $1564 $1866 $1566 $1919 forward $1242 $-1 #
-1917 ptlist-eye-attrib $-1 $-1 $-1 $1565 #
-1918 straight-curve $-1 25.590780981650163 -14.218452149523246
1.9616670764326245 0 -1.2434497875801753e-14 -1.2116670764326412 F 0 F 1 #
-1919 edge $2240 $1869 0 $1569 1.5686492783764971 $1916 $2241 forward 7 unknown
#
-1920 point $-1 25.590780981650163 -14.218452149523246 1.9616670764326245 #
-1921 coedge $-1 $1858 $1857 $1571 $1922 reversed $1859 $-1 #
-1922 edge $2242 $1924 0 $2243 1 $1571 $2244 forward 7 unknown #
-1923 ptlist-eye-attrib $-1 $-1 $-1 $1572 #
-1924 vertex $-1 $1572 $2245 #
-1925 intcurve-curve $-1 forward { exactcur full nubs 3 open 7 0 3
0.26056280381586394 1 0.52574179711035973 1 0.78596133414507197 1
1.0457478619919465 1 1.3090159666777821 1 1.5676668523395627 3
25.609305849193674 -13.218109302173463 2.0295134420365337 25.610910778138656
-13.131443139144343 2.0349965294921 25.637151565167741 -12.956145565412529
2.0458742600858955 25.743160410006698 -12.713743436271661 2.0603434251088042
25.908435714068482 -12.50729375331359 2.072235291220041 26.120923098217553
-12.350736402886879 2.0809903116816049 26.366250506352014 -12.254707798966137
2.0862468909073995 26.541447630896425 -12.235199733953817 2.0873035325815921
26.62764976952483 -12.236796069854346 2.0872167878324399 0 null_surface
null_surface nullbs nullbs I I 0 0 0 I I } I I #
-1926 edge $2246 $1928 0 $2243 0.785398163397385 $1573 $2247 forward 7 unknown
#
-1927 ptlist-eye-attrib $-1 $-1 $-1 $1574 #
-1928 vertex $-1 $1926 $2248 #
-1929 ellipse-curve $-1 26.609134425518803 -13.236624646179477
0.74999999999999289 3.681708227335691e-17 1.9881224427615034e-15 -1
-0.99982857632512889 0.018515344006068801 0 1 F 0 F 0.78539816339740509 #
-1930 cone-surface $-1 26.609134425518803 -13.236624646179536
29.929003780812746 -3.681708227335691e-17 -1.9881224427615034e-15 1
-0.69389324104093408 0.72007789164624969 5.0242958677880916e-15 1 I I 0 1 1
forward I I I I #
-1931 face $-1 $2249 $2250 $3 $-1 $2251 reversed single #
-1932 loop $-1 $-1 $2252 $1579 #
-1933 plane-surface $-1 13.197769324404419 -4.7974041042373301 0.75 0 0 1 1 0 0
forward_v F 12.443029619381116 F 13.579633584135832 F -1.5320624224734956 F
4.3022271208618363 #
-1934 coedge $-1 $2223 $2253 $2254 $2255 reversed $1580 $-1 #
-1935 coedge $-1 $2256 $1582 $2257 $2258 reversed $1245 $-1 #
-1936 coedge $-1 $2259 $2260 $1582 $1937 forward $2261 $-1 #
-1937 edge $2262 $2263 0 $2264 1 $1936 $2265 forward 7 unknown #
-1938 coedge $-1 $1583 $2182 $2259 $2266 forward $953 $-1 #
-1939 edge $2267 $2264 0 $1589 1 $1585 $2268 forward 7 unknown #
-1940 ptlist-eye-attrib $-1 $-1 $-1 $1584 #
-1941 straight-curve $-1 25.663803630114035 -10.275229132474045 0.75
-0.020292619310804838 -1.6418413501639861e-05 -4.7739590058881731e-15 F 0 F 1
#
-1942 coedge $-1 $1586 $2269 $2270 $2271 forward $1245 $-1 #
-1943 point $-1 25.643511010803227 -10.275245550887547 -0.75000000000000466 #
-1944 point $-1 25.64351101080323 -10.275245550887547 0.74999999999999523 #
-1945 coedge $-1 $1592 $1591 $2272 $2273 forward $1593 $-1 #
-1946 edge $2274 $1595 0 $2275 1 $1887 $2276 forward 7 unknown #
-1947 face $-1 $2211 $1593 $3 $-1 $2277 reversed single #
-1948 point $-1 13.072769324396639 -22.940969281150565 0.74999999999999822 #
-1949 coedge $-1 $2272 $1601 $1597 $1950 forward $1224 $-1 #
-1950 edge $2278 $1604 0 $1952 0.15721919425141057 $1597 $2279 forward 7
unknown #
-1951 ptlist-eye-attrib $-1 $-1 $-1 $1598 #
-1952 vertex $-1 $2273 $2280 #
-1953 straight-curve $-1 12.822769324404748 -22.940969281150547
0.74999999999999312 -1.936228954946273e-13 0 -1.5 F 0 F 1 #
-1954 cone-surface $-1 12.697769324404533 46.590168359207631 60.108007561625499
0 0 -1 -10.763192306169969 -68.693146804778408 0 1 I I 0 1 1 forward I I I I #
-1955 ptlist-eye-attrib $-1 $-1 $-1 $1602 #
-1956 intcurve-curve $-1 forward { exactcur full nubs 3 open 2 0 3
1.5363203674706374 3 0.92925398039836438 -20.941253064466739
-0.74999999999999756 0.93873581376742155 -21.453272066395897
-0.74999999999999756 1.4286429691948697 -22.023706120494058
-0.75000000000001177 1.9345770182343671 -22.10297844557077 -0.75000000000001177
0 null_surface null_surface nullbs nullbs I I 0 0 0 I I } I I #
-1957 point $-1 1.9345770182343671 -22.102978445570763 -0.75000000000001177 #
-1958 coedge $-1 $2281 $2282 $1607 $1959 forward $2160 $-1 #
-1959 edge $2283 $2284 0 $1964 1 $1607 $2285 forward 7 unknown #
-1960 coedge $-1 $2286 $1608 $1610 $1967 forward $1962 $-1 #
-1961 coedge $-1 $1608 $2286 $2281 $2287 forward $1962 $-1 #
-1962 loop $-1 $-1 $1608 $2288 #
-1963 ptlist-eye-attrib $-1 $-1 $-1 $1609 #
-1964 vertex $-1 $2287 $2289 #
-1965 straight-curve $-1 0.73173501869480639 -10.275229132474044 -0.75 0
-1.7763568394002505e-15 1.5 F 0 F 1 #
-1966 coedge $-1 $1610 $2290 $2291 $2292 forward $1224 $-1 #
-1967 edge $2293 $1612 0 $2294 1 $1960 $2295 forward 7 unknown #
-1968 point $-1 0.73173501869480662 -10.275229132474044 -0.75 #
-1969 ptlist-eye-attrib $-1 $-1 $-1 $1615 #
-1970 straight-curve $-1 0.88821852205388452 -18.725338313864672
0.74999999999999523 -0.092649767576900577 5.003087449152904
-1.4210854715202004e-14 F 0 F 1 #
-1971 coedge $-1 $2296 $1631 $1616 $1972 forward $1626 $-1 #
-1972 edge $2297 $1974 0 $2284 1 $1971 $2298 forward 7 unknown #
-1973 ptlist-eye-attrib $-1 $-1 $-1 $1618 #
-1974 vertex $-1 $1618 $2299 #
-1975 ellipse-curve $-1 0.65702858366366046 -6.2410816407919043 -108.25
0.99982857632513134 0.018515344006019934 0 -2.0462962962961839 110.5 0
0.99982857632513134 F 1.6294737937481929 F 1.6385510440840942 #
-1976 edge $2300 $1623 0 $1837 1.6050884029890811 $1619 $2301 forward 7 unknown
#
-1977 point $-1 0.79556875447698316 -13.722250864711725 0.74999999999994671 #
-1978 point $-1 0.79556875447698272 -13.722250864711722 1.9964607461077435 #
-1979 plane-surface $-1 -1.3629227217814588 -11.718452134830223 -0.25
0.018515344006018571 0.99982857632513134 1.9884633124498661e-15
-3.6817082273356917e-17 -1.9881224427615042e-15 1.0000000000000002 forward_v F
0.97273627776427718 F 2.3904498340218776 F 1.0589145968138209 F
1.1607986271366888 #
-1980 loop $-1 $-1 $2302 $1628 #
-1981 cone-surface $-1 -0.30223067559558103 -6.2410816407919043 -108.25 1 0 0 0
110.5 0 1 I I 0 1 1 forward I I I I #
-1982 coedge $-1 $2303 $1630 $2304 $2305 reversed $1279 $-1 #
-1983 coedge $-1 $1630 $2303 $2306 $2307 reversed $1279 $-1 #
-1984 coedge $-1 $2308 $1822 $1630 $1985 forward $83 $-1 #
-1985 edge $2309 $2310 0 $2311 0.027159466491304782 $1630 $2312 forward 7
unknown #
-1986 coedge $-1 $1631 $2313 $2164 $2314 forward $1626 $-1 #
-1987 ptlist-eye-attrib $-1 $-1 $-1 $1632 #
-1988 vertex $-1 $1832 $2315 #
-1989 intcurve-curve $-1 forward { exactcur full nubs 3 open 7 0 3
0.25334160503171593 1 0.51092845103459217 1 0.76454690672604941 1
1.0183565966452977 1 1.2766967692377702 1 1.5307465910380058 3
-0.2042820554148273 -11.739908443466648 2.1130957512255844 -0.11984936591551364
-11.741472011790711 2.1130178466384608 0.050807032928930781 -11.766438399939098
2.1117770099692956 0.2878313924110934 -11.867180720960155 2.106706112097473
0.49171891612970675 -12.024712937247916 2.0985864255010713 0.64949191085992752
-12.228605501533739 2.0877368072629663 0.75045058536579157 -12.465836326919938
2.0746270509634828 0.77546593450276935 -12.636698586104204 2.0647916314749417
0.7770311769042807 -12.721221675785756 2.0598263307801119 0 null_surface
null_surface nullbs nullbs I I 0 0 0 I I } I I #
-1990 coedge $-1 $1633 $2308 $2316 $2317 forward $83 $-1 #
-1991 edge $2318 $1695 0 $1653 1.4087010013487511 $1691 $2319 forward 7 unknown
#
-1992 ptlist-eye-attrib $-1 $-1 $-1 $1637 #
-1993 straight-curve $-1 -0.30223067559558103 2.2660206462075223
0.75000000000000056 0 2.6645352591003757e-15 1.172043689306808 F 0 F 1 #
-1994 face $-1 $1057 $1693 $3 $-1 $2320 forward single #
-1995 cone-surface $-1 -0.44531679617112019 1.2763104047233575 -0.5 0 0 -1
0.14308612057553916 0.98971024148416475 0 1 I I 0 1 1 forward I I I I #
-1996 coedge $-1 $2316 $1644 $1640 $1997 forward $2005 $-1 #
-1997 edge $2321 $1647 0 $1999 1.4647764871531979 $1996 $2322 forward 7 unknown
#
-1998 ptlist-eye-attrib $-1 $-1 $-1 $1641 #
-1999 vertex $-1 $1641 $2323 #
-2000 straight-curve $-1 -0.30223067559558103 -0.73500816037688743
2.1127344479479153 0 1.3322676295501878e-15 -1.3627344479479151 F 0 F 1 #
-2001 coedge $-1 $1649 $1643 $2085 $2324 reversed $988 $-1 #
-2002 coedge $-1 $2325 $2231 $1643 $2003 reversed $2089 $-1 #
-2003 edge $2326 $2007 0 $2327 1 $2002 $2328 forward 7 unknown #
-2004 coedge $-1 $1644 $2329 $2325 $2330 reversed $2005 $-1 #
-2005 loop $-1 $-1 $1996 $2331 #
-2006 ptlist-eye-attrib $-1 $-1 $-1 $1645 #
-2007 vertex $-1 $2003 $2332 #
-2008 straight-curve $-1 0.55943211387698866 1.0291277276885644 0.75
0.013951206751625089 -0.75336516458782066 5.5511151231257827e-16 F 0 F 1 #
-2009 point $-1 0.57338332062861275 0.27576256310074965 0.75000000000000155 #
-2010 coedge $-1 $2080 $2079 $1649 $2011 reversed $2081 $-1 #
-2011 edge $2333 $2334 0 $2014 1 $2010 $2335 forward 7 unknown #
-2012 coedge $-1 $2048 $1650 $2079 $2336 reversed $1693 $-1 #
-2013 ptlist-eye-attrib $-1 $-1 $-1 $1651 #
-2014 vertex $-1 $1651 $2337 #
-2015 straight-curve $-1 0.55451178015401104 1.2948257487293806 0.75
-0.034726552570032321 1.8752338387818592 0 F 0 F 1 #
-2016 point $-1 0.55451178015401159 1.294825748729389 0.75 #
-2017 coedge $-1 $1659 $1656 $2338 $2339 reversed $997 $-1 #
-2018 coedge $-1 $2137 $2340 $1656 $2019 reversed $2341 $-1 #
-2019 edge $2342 $2021 0 $2343 1.5707963267948954 $2018 $2344 forward 7 unknown
#
-2020 ptlist-eye-attrib $-1 $-1 $-1 $1658 #
-2021 vertex $-1 $2019 $2345 #
-2022 straight-curve $-1 28.197769324404419 20.058918359208093 3.5 0 -4
-8.8817841970012523e-16 F 0 F 1 #
-2023 coedge $-1 $2346 $1802 $1659 $2024 reversed $2147 $-1 #
-2024 edge $2347 $2348 0 $2026 1.5707963267948966 $1659 $2349 forward 7 unknown
#
-2025 ptlist-eye-attrib $-1 $-1 $-1 $1661 #
-2026 vertex $-1 $1803 $2350 #
-2027 straight-curve $-1 -1.802230675595581 16.058918359208093
3.4999999999999991 0 4 8.8817841970012523e-16 F 0 F 1 #
-2028 face $-1 $840 $2341 $3 $-1 $2351 forward single #
-2029 loop $-1 $-1 $2338 $1662 #
-2030 plane-surface $-1 0 23.058918359208093 0 0 1 0 -1 0 0 forward_v F
-25.677769324404419 F -0.71776932440441898 F -0.83499999999999996 F 3.585 #
-2031 coedge $-1 $1795 $1781 $1784 $2133 reversed $1667 $-1 #
-2032 coedge $-1 $2352 $1677 $2353 $2354 reversed $89 $-1 #
-2033 coedge $-1 $1883 $1882 $1677 $2034 forward $1198 $-1 #
-2034 edge $2355 $2356 0 $2038 0.027206684923668983 $2033 $2357 forward 7
unknown #
-2035 coedge $-1 $2358 $1678 $1681 $2041 reversed $1764 $-1 #
-2036 coedge $-1 $1678 $2358 $1883 $2202 forward $1764 $-1 #
-2037 ptlist-eye-attrib $-1 $-1 $-1 $1679 #
-2038 vertex $-1 $2034 $2359 #
-2039 straight-curve $-1 26.697769324404419 1.7660206462075809
1.9595109914091169 0 1.7763568394002505e-15 -1.2095109914091164 F 0 F 1 #
-2040 coedge $-1 $1681 $2042 $2360 $2361 forward $1682 $-1 #
-2041 edge $2362 $2363 0 $1684 1.4180745945093742 $2035 $2364 forward 7 unknown
#
-2042 coedge $-1 $2040 $1758 $2101 $2365 reversed $1682 $-1 #
-2043 face $-1 $1076 $1682 $3 $-1 $2366 forward single #
-2044 point $-1 26.697769324404419 1.7660206462075827 0.75000000000000056 #
-2045 ptlist-eye-attrib $-1 $-1 $-1 $1686 #
-2046 ellipse-curve $-1 26.905090058654256 5.7449795431364619
0.75000000000002709 4.5367503738231389e-17 2.4498452018647795e-15 -1
-0.2073207342498371 -0.97827302587268861 -2.4424906541753444e-15 1 F 0 F
1.3804773387621276 #
-2047 point $-1 25.905261482329124 5.7634948871424889 1.5959837335210381 #
-2048 coedge $-1 $1692 $2012 $1722 $2076 forward $1693 $-1 #
-2049 point $-1 -0.30223067559558103 2.2660206462075223 0.75000000000000056 #
-2050 ptlist-eye-attrib $-1 $-1 $-1 $1698 #
-2051 vertex $-1 $2076 $2367 #
-2052 ellipse-curve $-1 -0.51877363326681447 6.2429796078910185
0.75000000000002931 -4.5367503738234162e-17 2.4498452018647795e-15 -1
0.99982857632513311 0.018515344006016399 0 1 F 0 F 1.3710407182525801 #
-2053 point $-1 0.48105494305831653 6.2614949518970313 1.5404166061134248 #
-2054 coedge $-1 $1736 $1703 $2118 $2368 forward $191 $-1 #
-2055 coedge $-1 $2369 $2370 $1703 $2056 forward $2116 $-1 #
-2056 edge $2371 $2372 0 $2061 0.0029866805199280778 $2055 $2373 forward 7
unknown #
-2057 coedge $-1 $2374 $1704 $1707 $2064 reversed $2059 $-1 #
-2058 coedge $-1 $1704 $2374 $2369 $2375 forward $2059 $-1 #
-2059 loop $-1 $-1 $2057 $2115 #
-2060 ptlist-eye-attrib $-1 $-1 $-1 $1705 #
-2061 vertex $-1 $2056 $2376 #
-2062 ellipse-curve $-1 12.697769324404284 -69.646081640791607
0.74999999999997868 0 0 -1 -11.911043774966753 82.853207911285935 0 1 F 0 F
0.1442758704301374 #
-2063 coedge $-1 $1707 $1706 $2377 $2378 reversed $1708 $-1 #
-2064 edge $2379 $2380 0 $1710 1 $1707 $2381 forward 7 unknown #
-2065 face $-1 $1714 $1708 $3 $-1 $2382 reversed single #
-2066 point $-1 0.78672554943737549 13.207126270494296 0.74999999999998812 #
-2067 coedge $-1 $1716 $2377 $1712 $2068 reversed $1224 $-1 #
-2068 edge $2383 $1719 0 $2070 1 $1712 $2384 forward 7 unknown #
-2069 ptlist-eye-attrib $-1 $-1 $-1 $1713 #
-2070 vertex $-1 $2068 $2385 #
-2071 straight-curve $-1 -0.20223067559552771 12.058918359208102
0.74999999999999523 -2.7755575615628914e-16 -5.3290705182007514e-15 -1.5 F 0 F
1 #
-2072 plane-surface $-1 -0.20223067559557673 8.2921028355352959
60.108007561625499 -1 1.3204254678952461e-14 0 1.3204254678952461e-14 1 0
forward_v F -0.079633584135832769 F 3.8464491078086227 F 59.278373977489665 F
60.937641145761333 #
-2073 ptlist-eye-attrib $-1 $-1 $-1 $1717 #
-2074 intcurve-curve $-1 forward { exactcur full nubs 3 open 2 0 3
0.79996659345610144 3 -0.20223067559557761 8.2921028355352888
-0.75000000000001177 -0.20223067559558489 8.0254473043832544
-0.75000000000001177 0.44703961781405466 8.0983225150876041
-0.74999999999999523 0.45197683670443728 7.8317126950066438
-0.74999999999999523 0 null_surface null_surface nullbs nullbs I I 0 0 0 I I }
I I #
-2075 point $-1 -0.20223067559557761 8.2921028355352888 -0.75000000000001177 #
-2076 edge $2386 $2083 0 $2051 1 $1722 $2387 forward 7 unknown #
-2077 ptlist-eye-attrib $-1 $-1 $-1 $1723 #
-2078 straight-curve $-1 0.48105494305831764 6.2614949518970366
0.75000000000000977 -2.7755575615628914e-16 -1.0658141036401503e-14
0.79041660611341236 F 0 F 1 #
-2079 coedge $-1 $2010 $1726 $2012 $2336 forward $2081 $-1 #
-2080 coedge $-1 $1726 $2010 $1728 $2086 forward $2081 $-1 #
-2081 loop $-1 $-1 $2010 $2388 #
-2082 ptlist-eye-attrib $-1 $-1 $-1 $1727 #
-2083 vertex $-1 $2076 $2389 #
-2084 straight-curve $-1 0.53670199261858142 3.1700744109367975
0.74999999999999523 4.4408920985006262e-16 0 -1.5 F 0 F 1 #
-2085 coedge $-1 $1912 $1728 $2001 $2324 forward $1224 $-1 #
-2086 edge $2390 $2334 0 $1730 1 $2080 $2391 forward 7 unknown #
-2087 point $-1 0.53670199261858176 3.1700744109367975 -0.75000000000000466 #
-2088 face $-1 $2392 $2235 $3 $-1 $2393 reversed single #
-2089 loop $-1 $-1 $2325 $1733 #
-2090 plane-surface $-1 0 1.0291277276885644 0 0 -1 0 0 0 -1 forward_v F
-0.82963358413583277 F 0.82963358413583277 F 0.55844405829865817 F
0.60982294837184059 #
-2091 coedge $-1 $2140 $1804 $2394 $2395 reversed $1734 $-1 #
-2092 edge $2396 $2094 0 $2397 0.0029866805198001537 $1769 $2398 forward 7
unknown #
-2093 ptlist-eye-attrib $-1 $-1 $-1 $1738 #
-2094 vertex $-1 $1738 $2399 #
-2095 ellipse-curve $-1 13.697769324404284 -69.646081640791607
0.74999999999997868 0 0 -1 -0.12500000000001599 83.704906666216104 0 1 F 0 F
0.14427587043025575 #
-2096 point $-1 25.608813099370114 13.207126270494477 0.74999999999999289 #
-2097 ptlist-eye-attrib $-1 $-1 $-1 $1744 #
-2098 intcurve-curve $-1 forward { exactcur full nubs 3 open 2 0 3
0.79996659345614529 3 25.943561812104381 7.8317126950066553 -0.75
25.948499030994768 8.098322515087629 -0.75 26.597769324404418 8.025447304383297
-0.75000000000000711 26.597769324404418 8.2921028355353457 -0.75000000000000711
0 null_surface null_surface nullbs nullbs I I 0 0 0 I I } I I #
-2099 point $-1 26.597769324404425 8.2921028355353457 -0.75000000000000711 #
-2100 coedge $-1 $2400 $1749 $1751 $2107 forward $2102 $-1 #
-2101 coedge $-1 $1749 $2400 $2042 $2365 forward $2102 $-1 #
-2102 loop $-1 $-1 $1749 $2401 #
-2103 ptlist-eye-attrib $-1 $-1 $-1 $1750 #
-2104 vertex $-1 $2365 $2402 #
-2105 straight-curve $-1 25.858836656190238 3.1700744109367975
-0.75000000000000466 0 0 1.5 F 0 F 1 #
-2106 coedge $-1 $1751 $2222 $2403 $2404 forward $1224 $-1 #
-2107 edge $2405 $1753 0 $2406 1 $2100 $2407 forward 7 unknown #
-2108 point $-1 25.858836656190238 3.1700744109367975 -0.75000000000000466 #
-2109 ptlist-eye-attrib $-1 $-1 $-1 $1759 #
-2110 straight-curve $-1 25.905261482329127 5.7634948871424969
0.75000000000000899 -0.046424826138885322 -2.5934204762056994
-1.3766765505351941e-14 F 0 F 1 #
-2111 point $-1 25.905261482329127 5.7634948871425307 0.75000000000002709 #
-2112 face $-1 $2408 $2261 $3 $-1 $2409 forward single #
-2113 loop $-1 $-1 $2410 $1763 #
-2114 cone-surface $-1 26.7202611042465 -6.2357839948834766
-0.50000000000001743 3.6207841238856996e-17 1.9552234268985046e-15 1
-0.022491779842081172 0.99974702792233217 -1.9428902930940239e-15 1 I I 0 1 1
forward I I I I #
-2115 face $-1 $2065 $2059 $3 $-1 $2411 reversed single #
-2116 loop $-1 $-1 $2412 $1766 #
-2117 cone-surface $-1 12.947769324404284 -69.646081640791607
-5.6571504862502344 0 0 1 11.911043774965883 82.853207911286063 0 1 I I 0 1 1
forward I I I I #
-2118 coedge $-1 $2413 $2414 $2054 $2368 reversed $1767 $-1 #
-2119 coedge $-1 $2122 $1769 $2414 $2415 forward $1413 $-1 #
-2120 coedge $-1 $2416 $1773 $1770 $2121 forward $1224 $-1 #
-2121 edge $2417 $1776 0 $2124 0.14427587043025775 $1770 $2418 forward 7
unknown #
-2122 coedge $-1 $1771 $2119 $2416 $2419 forward $1413 $-1 #
-2123 ptlist-eye-attrib $-1 $-1 $-1 $1772 #
-2124 vertex $-1 $2419 $2420 #
-2125 straight-curve $-1 13.572769324404273 14.058825025424492
0.74999999999999312 -7.1054273576010019e-15 0 -1.5 F 0 F 1 #
-2126 ptlist-eye-attrib $-1 $-1 $-1 $1774 #
-2127 intcurve-curve $-1 forward { exactcur full nubs 3 open 2 0 3
1.5153929597878708 3 26.59776932440441 12.058918359208072 -0.75
26.59776932440441 12.564049345804028 -0.75 26.108803812647366
13.135247203611513 -0.75000000000000711 25.608813099370167 13.207126270494465
-0.75000000000000711 0 null_surface null_surface nullbs nullbs I I 0 0 0 I I }
I I #
-2128 point $-1 25.608813099370167 13.207126270494465 -0.75000000000000711 #
-2129 ptlist-eye-attrib $-1 $-1 $-1 $1782 #
-2130 ellipse-curve $-1 25.197769324404419 -28.941081640791904
3.4999999999999964 0 0 1 0 -3 0 1 F 0 F 1.5707963267948979 #
-2131 coedge $-1 $1784 $1783 $2151 $2421 forward $1785 $-1 #
-2132 edge $2422 $1788 0 $2154 1 $1783 $2423 forward 7 unknown #
-2133 edge $2424 $2425 0 $1787 1 $1784 $2426 forward 7 unknown #
-2134 point $-1 25.197769324404419 -31.941081640791904 3.4999999999999964 #
-2135 point $-1 1.197769324404419 -31.941081640791904 3.5 #
-2136 plane-surface $-1 0 -31.941081640791904 0 0 -1 0 1 0 0 forward_v F
0.71776932440441876 F 25.677769324404419 F -0.83499999999999996 F 3.585 #
-2137 coedge $-1 $2427 $2018 $1792 $2138 forward $2341 $-1 #
-2138 edge $2428 $2021 0 $2142 1 $1792 $2429 forward 7 unknown #
-2139 coedge $-1 $2151 $1793 $1795 $2144 forward $1734 $-1 #
-2140 coedge $-1 $1793 $2091 $2427 $2430 forward $1734 $-1 #
-2141 ptlist-eye-attrib $-1 $-1 $-1 $1794 #
-2142 vertex $-1 $1794 $2431 #
-2143 straight-curve $-1 28.197769324404419 20.058918359208093
-0.74999999999999933 0 -48.999999999999993 0 F 0 F 1 #
-2144 edge $2432 $1797 0 $2425 1.5707963267948966 $1795 $2433 forward 7 unknown
#
-2145 point $-1 28.197769324404419 -28.9410816407919 -0.74999999999999933 #
-2146 coedge $-1 $1802 $2346 $1804 $2150 reversed $2147 $-1 #
-2147 loop $-1 $-1 $2346 $2434 #
-2148 ptlist-eye-attrib $-1 $-1 $-1 $1803 #
-2149 straight-curve $-1 -1.802230675595581 20.058918359208093
-0.74999999999999933 0 0 4.2499999999999991 F 0 F 1 #
-2150 edge $2435 $1807 0 $2436 1.5707963267948966 $2146 $2437 forward 7 unknown
#
-2151 coedge $-1 $1805 $2139 $2131 $2421 reversed $1734 $-1 #
-2152 point $-1 -1.802230675595581 20.058918359208093 -0.74999999999999933 #
-2153 ptlist-eye-attrib $-1 $-1 $-1 $1810 #
-2154 vertex $-1 $1810 $2438 #
-2155 ellipse-curve $-1 1.197769324404419 -28.941081640791904 -0.75
3.8147544003373953e-18 0 -1 2.2204460492503131e-16 -3 0 1 F 0 F
1.5707963267948954 #
-2156 coedge $-1 $2439 $2304 $1822 $2157 forward $2440 $-1 #
-2157 edge $2441 $2310 0 $2162 1 $2156 $2442 forward 7 unknown #
-2158 coedge $-1 $2443 $1823 $1826 $2165 reversed $2160 $-1 #
-2159 coedge $-1 $1823 $2444 $2439 $2445 forward $2160 $-1 #
-2160 loop $-1 $-1 $2159 $2446 #
-2161 ptlist-eye-attrib $-1 $-1 $-1 $1824 #
-2162 vertex $-1 $2157 $2447 #
-2163 straight-curve $-1 -0.30223067559558092 -11.738094580129957
0.75000000000000067 -1.1102230246251565e-16 4.0010288065844071
2.55351295663786e-15 F 0 F 1 #
-2164 coedge $-1 $1826 $1825 $1986 $2314 reversed $1827 $-1 #
-2165 edge $2448 $2449 0 $1829 1 $1826 $2450 forward 7 unknown #
-2166 point $-1 -0.30223067559558092 -11.738094580129957 0.75000000000000067 #
-2167 ptlist-eye-attrib $-1 $-1 $-1 $1832 #
-2168 ellipse-curve $-1 -297.14092939987705 -6.2410816407919043 -108.25
0.018515344006018571 0.99982857632513134 1.9884633124498661e-15
5967.0000000007667 -110.49999999999999 -2.1316282072803006e-13
0.018515344006018571 F -1.5210290621397504 F -1.5210126267309596 #
-2169 ptlist-eye-attrib $-1 $-1 $-1 $1835 #
-2170 straight-curve $-1 -0.22277516585408222 -14.740594785042877
1.9226294335880176 -2.1788126858268697e-14 3.5527136788005009e-15
-1.1726294335880396 F 0 F 1 #
-2171 point $-1 -0.22277516585364765 -14.740594785042891 1.9226294335880141 #
-2172 face $-1 $2451 $2440 $3 $-1 $2452 forward single #
-2173 cone-surface $-1 -0.20425982184814528 -13.740766208717911
32.288128566598751 9.8167611053676248e-17 -5.3010509968988097e-15 1
0.70710678118654868 -0.70710678118654646 -1.0239943174748181e-14 1 I I 0 1 1
forward I I I I #
-2174 ptlist-eye-attrib $-1 $-1 $-1 $1841 #
-2175 ellipse-curve $-1 -0.11161005427124739 -18.74385365787067
0.74999999999998579 -1.9577424718807348e-17 1.0571809348156548e-15 -1
0.70710678118654735 0.70710678118654613 7.7715611723760958e-16 1 F 0 F
0.76688176132945918 #
-2176 point $-1 0.59549672691530087 -18.03674687668412 0.74999999999998301 #
-2177 point $-1 0.50284695933840085 -14.44787298990429 0.74999999999994293 #
-2178 point $-1 0.88821852205388307 -18.725338313864668 0.74999999999998579 #
-2179 coedge $-1 $1854 $2453 $2454 $2455 reversed $89 $-1 #
-2180 coedge $-1 $2456 $2457 $1854 $2181 forward $2458 $-1 #
-2181 edge $2459 $2185 0 $2460 1 $2180 $2461 forward 7 unknown #
-2182 coedge $-1 $1938 $1855 $2457 $2462 reversed $953 $-1 #
-2183 coedge $-1 $1855 $1915 $1857 $2187 forward $953 $-1 #
-2184 ptlist-eye-attrib $-1 $-1 $-1 $1856 #
-2185 vertex $-1 $1856 $2463 #
-2186 straight-curve $-1 26.697769324404419 -12.238094580129898
0.75000000000000067 0 4.0010288065844097 -6.6613381477509392e-16 F 0 F 1 #
-2187 edge $2464 $2243 0 $1861 1 $1857 $2465 forward 7 unknown #
-2188 face $-1 $1575 $1859 $3 $-1 $2466 forward single #
-2189 point $-1 26.697769324404419 -12.238094580129898 0.75000000000000067 #
-2190 ptlist-eye-attrib $-1 $-1 $-1 $1863 #
-2191 ellipse-curve $-1 -297.14092939987705 -6.2410816407919043 -108.25
0.018515344006018571 0.99982857632513134 1.9884633124498661e-15
5967.0000000007667 -110.49999999999999 -2.1316282072803006e-13
0.018515344006018571 F -1.5165098076717367 F -1.5164980391068901 #
-2192 cone-surface $-1 -0.30223067559558103 -6.2410816407919043 -108.25 1 0 0 0
110.5 0 1 I I 0 1 1 forward I I I I #
-2193 ptlist-eye-attrib $-1 $-1 $-1 $1867 #
-2194 straight-curve $-1 26.572094213969251 -15.236796069854357
0.74999999999998279 -5.6843418860808015e-14 0 1.1332244234715998 F 0 F 1 #
-2195 point $-1 26.572094213969187 -15.236796069854359 1.8832244234715827 #
-2196 ptlist-eye-attrib $-1 $-1 $-1 $1872 #
-2197 ellipse-curve $-1 26.590609557975295 -14.236967493529225
0.74999999999995381 9.8100303812632451e-17 5.2974164058827668e-15 -1
-0.7200778916462518 -0.6938932410409322 -3.7747582837255322e-15 1 F 0 F
0.78539816339741875 #
-2198 point $-1 25.870531666329043 -14.930860734570157 0.74999999999995715 #
-2199 point $-1 25.804130073366771 -18.516546754533223 0.74999999999998301 #
-2200 coedge $-1 $2467 $2353 $1882 $2201 forward $2468 $-1 #
-2201 edge $2469 $2356 0 $2208 1.1519199024775524 $2200 $2470 forward 7 unknown
#
-2202 edge $2471 $2207 0 $2038 1.4179388482028397 $2036 $2472 forward 7 unknown
#
-2203 coedge $-1 $2360 $1884 $2358 $2473 reversed $2205 $-1 #
-2204 coedge $-1 $1884 $2474 $2467 $2475 forward $2205 $-1 #
-2205 loop $-1 $-1 $2203 $2249 #
-2206 ptlist-eye-attrib $-1 $-1 $-1 $1885 #
-2207 vertex $-1 $2202 $2476 #
-2208 vertex $-1 $2201 $2477 #
-2209 intcurve-curve $-1 forward { exactcur full nubs 3 open 3 0 3
0.7017272083310736 1 1.4063033717035416 3 25.831743577327309 0.7935280170442427
2.0258553218331556 25.827421452503341 0.56013327654990008 2.0407438111654583
25.819450297425298 0.092286677971088638 2.0690927924075782 25.808700685887132
-0.37567595581772018 2.0944791002702838 25.804357835382479 -0.6101898830689434
2.1064363768321237 0 null_surface null_surface nullbs nullbs I I 0 0 0 I I } I
I #
-2210 coedge $-1 $1887 $1886 $2220 $2478 forward $1888 $-1 #
-2211 face $-1 $1893 $1888 $3 $-1 $2479 reversed single #
-2212 edge $2480 $1897 0 $2214 0.0035955075547172933 $1891 $2481 forward 7
unknown #
-2213 ptlist-eye-attrib $-1 $-1 $-1 $1892 #
-2214 vertex $-1 $2212 $2482 #
-2215 straight-curve $-1 13.322769324412441 -22.940969281150551
-0.74999999999999967 -1.964650664376677e-12 -7.1054273576010019e-15
1.4999999999999993 F 0 F 1 #
-2216 cone-surface $-1 13.447769324404533 46.590168359207631
-5.6571504862502344 0 0 1 -10.763192306169969 -68.693146804778408 0 1 I I 0 1 1
forward I I I I #
-2217 ptlist-eye-attrib $-1 $-1 $-1 $1895 #
-2218 ellipse-curve $-1 13.697769324404533 46.590168359207631
-0.75000000000002132 0 0 1 -0.12499999999147704 -69.531137640358196 0 1 F 0 F
0.15721919425126646 #
-2219 point $-1 13.572769324407377 -22.940969281150547 -0.75000000000000677 #
-2220 coedge $-1 $1901 $2272 $2210 $2478 reversed $1224 $-1 #
-2221 point $-1 25.590780981650163 -14.218452149523232 0.74999999999995381 #
-2222 coedge $-1 $2106 $1907 $2483 $2484 forward $1224 $-1 #
-2223 coedge $-1 $2270 $1934 $1907 $2224 forward $1580 $-1 #
-2224 edge $2485 $2486 0 $2226 1 $2223 $2487 forward 7 unknown #
-2225 ptlist-eye-attrib $-1 $-1 $-1 $1908 #
-2226 vertex $-1 $2224 $2488 #
-2227 straight-curve $-1 25.643511010803223 -10.275245550887547
-0.75000000000000466 0.13336270001332196 7.1058007763500584
4.6629367034256575e-15 F 0 F 1 #
-2228 coedge $-1 $2290 $1911 $2489 $2490 forward $1224 $-1 #
-2229 coedge $-1 $2491 $2492 $1911 $2230 reversed $2493 $-1 #
-2230 edge $2494 $2238 0 $2495 1 $2229 $2496 forward 7 unknown #
-2231 coedge $-1 $2002 $2497 $1912 $2232 forward $2089 $-1 #
-2232 edge $2498 $2237 0 $2327 1 $2231 $2499 forward 7 unknown #
-2233 coedge $-1 $2500 $1913 $2497 $2501 reversed $2235 $-1 #
-2234 coedge $-1 $1913 $2500 $2491 $2502 reversed $2235 $-1 #
-2235 loop $-1 $-1 $1913 $2088 #
-2236 ptlist-eye-attrib $-1 $-1 $-1 $1914 #
-2237 vertex $-1 $2232 $2503 #
-2238 vertex $-1 $2230 $2504 #
-2239 straight-curve $-1 0.60883489279351011 1.0291277276885644 -0.75 0
-2.0582554553771288 0 F 0 F 1 #
-2240 ptlist-eye-attrib $-1 $-1 $-1 $1919 #
-2241 intcurve-curve $-1 forward { exactcur full nubs 3 open 7 0 3
0.25955225809089738 1 0.52392361387946385 1 0.78413729865107218 1
1.0444215886718888 1 1.3088743575617985 1 1.5686492783764971 3
26.572094213969187 -15.236796069854359 1.8832244234715827 26.485591724662356
-15.235194171904226 1.8833552669711653 26.310565401479387 -15.209029687868387
1.8854958471710241 26.068415503782013 -15.103325319789876 1.8940729186917102
25.861935171381472 -14.938351419798591 1.9072488478016516 25.705068783138778
-14.725867931146372 1.9238462318628269 25.608760010162161 -14.480293520565871
1.9425027682992089 25.589181889713306 -14.304803114113794 1.9554167977044441
25.590780981650163 -14.218452149523246 1.9616670764326245 0 null_surface
null_surface nullbs nullbs I I 0 0 0 I I } I I #
-2242 ptlist-eye-attrib $-1 $-1 $-1 $1922 #
-2243 vertex $-1 $2187 $2505 #
-2244 straight-curve $-1 26.627649769524837 -12.236796069854345
2.0872167878324399 -1.0658141036401503e-14 -5.3290705182007514e-15
-1.3372167878324435 F 0 F 1 #
-2245 point $-1 26.62764976952483 -12.236796069854346 2.0872167878324399 #
-2246 ptlist-eye-attrib $-1 $-1 $-1 $1926 #
-2247 ellipse-curve $-1 26.609134425518803 -13.236624646179477
0.74999999999998579 3.681708227335691e-17 1.9881224427615034e-15 -1
-0.69389324104092864 0.72007789164625358 1.4432899320127035e-15 1 F 0 F
0.785398163397385 #
-2248 point $-1 25.915241184477875 -12.516546754533223 0.74999999999999434 #
-2249 face $-1 $2506 $2205 $3 $-1 $2507 reversed single #
-2250 loop $-1 $-1 $2508 $1931 #
-2251 plane-surface $-1 25.801337526027936 -0.60737485920899559
60.108007561625499 0.99982857632513134 -0.018515344006018803 0
-0.018515344006018803 -0.99982857632513134 0 forward_v F -0.079716225623045228
F 2.6421427742065733 F 59.278373977489665 F 60.937641145761333 #
-2252 coedge $-1 $2509 $2510 $2253 $2511 reversed $1932 $-1 #
-2253 coedge $-1 $1934 $2270 $2252 $2511 forward $1580 $-1 #
-2254 coedge $-1 $2512 $2483 $1934 $2255 forward $2250 $-1 #
-2255 edge $2513 $2486 0 $2514 1 $2254 $2515 forward 7 unknown #
-2256 coedge $-1 $2269 $1935 $2516 $2517 reversed $1245 $-1 #
-2257 coedge $-1 $2518 $2519 $1935 $2258 forward $1980 $-1 #
-2258 edge $2520 $2521 1.5705808246220572 $2263 1.5796414241077121 $1935 $2522
forward 7 unknown #
-2259 coedge $-1 $2523 $1936 $1938 $2266 reversed $2261 $-1 #
-2260 coedge $-1 $1936 $2523 $2518 $2524 forward $2261 $-1 #
-2261 loop $-1 $-1 $1936 $2112 #
-2262 ptlist-eye-attrib $-1 $-1 $-1 $1937 #
-2263 vertex $-1 $2524 $2525 #
-2264 vertex $-1 $1939 $2526 #
-2265 straight-curve $-1 25.701892092761256 -7.2184521495231602
2.2456775031886118 3.5527136788005009e-15 -1.865174681370263e-14
-1.4956775031886098 F 0 F 1 #
-2266 edge $2527 $2528 0 $2264 1.5707963267947482 $2259 $2529 forward 7 unknown
#
-2267 ptlist-eye-attrib $-1 $-1 $-1 $1939 #
-2268 straight-curve $-1 25.701892092761259 -7.2184521495231788
0.750000000000002 -0.058381081958032155 -3.0567934013643683
-6.7723604502134549e-15 F 0 F 1 #
-2269 coedge $-1 $1942 $2256 $2509 $2530 reversed $1245 $-1 #
-2270 coedge $-1 $2253 $2223 $1942 $2271 reversed $1580 $-1 #
-2271 edge $2531 $2532 0 $2226 1 $2270 $2533 forward 7 unknown #
-2272 coedge $-1 $2220 $1949 $1945 $2273 reversed $1224 $-1 #
-2273 edge $2534 $2275 0 $1952 0.0035955075545947412 $1945 $2535 forward 7
unknown #
-2274 ptlist-eye-attrib $-1 $-1 $-1 $1946 #
-2275 vertex $-1 $2478 $2536 #
-2276 straight-curve $-1 13.072769324396631 -22.940969281150561
0.74999999999999967 -3.5527136788005009e-15 0 -1.4999999999999993 F 0 F 1 #
-2277 cone-surface $-1 12.947769324404533 46.590168359207631
-5.6571504862502344 0 0 1 -10.763192306169969 -68.693146804778408 0 1 I I 0 1 1
forward I I I I #
-2278 ptlist-eye-attrib $-1 $-1 $-1 $1950 #
-2279 ellipse-curve $-1 12.697769324404533 46.590168359207631
-0.75000000000002132 0 0 1 -10.763192306170511 -68.693146804778337 0 1 F 0 F
0.15721919425141057 #
-2280 point $-1 12.822769324404554 -22.940969281150547 -0.75000000000000688 #
-2281 coedge $-1 $2444 $1958 $1961 $2287 reversed $2160 $-1 #
-2282 coedge $-1 $1958 $2443 $2296 $2537 forward $2160 $-1 #
-2283 ptlist-eye-attrib $-1 $-1 $-1 $1959 #
-2284 vertex $-1 $1959 $2538 #
-2285 straight-curve $-1 0.77703117690428058 -12.721221675785745
0.74999999999999645 -0.045296158209474191 2.4459925433117018
3.5527136788005009e-15 F 0 F 1 #
-2286 coedge $-1 $1961 $1960 $2539 $2540 reversed $1962 $-1 #
-2287 edge $2541 $2542 0 $1964 1 $2281 $2543 forward 7 unknown #
-2288 face $-1 $2446 $1962 $3 $-1 $2544 reversed single #
-2289 point $-1 0.73173501869480639 -10.275229132474045 0.75 #
-2290 coedge $-1 $1966 $2228 $2545 $2546 reversed $1224 $-1 #
-2291 coedge $-1 $2547 $2539 $1966 $2292 reversed $2548 $-1 #
-2292 edge $2549 $2550 0 $2294 1 $2291 $2551 forward 7 unknown #
-2293 ptlist-eye-attrib $-1 $-1 $-1 $1967 #
-2294 vertex $-1 $1967 $2552 #
-2295 straight-curve $-1 0.73173501869480662 -10.275229132474045 -0.75
0.020292619310798288 -1.6418413501639861e-05 -4.6629367034256575e-15 F 0 F 1 #
-2296 coedge $-1 $2313 $1971 $2282 $2537 reversed $1626 $-1 #
-2297 ptlist-eye-attrib $-1 $-1 $-1 $1972 #
-2298 straight-curve $-1 0.7770311769042807 -12.721221675785756
2.0598263307801119 -1.1102230246251565e-16 7.1054273576010019e-15
-1.3098263307801155 F 0 F 1 #
-2299 point $-1 0.77703117690428092 -12.721221675785765 2.0598263307801119 #
-2300 ptlist-eye-attrib $-1 $-1 $-1 $1976 #
-2301 intcurve-curve $-1 forward { exactcur full nubs 3 open 7 0 3
0.26606068184835024 1 0.53720061078670067 1 0.803819069580334 1
1.0701589064396688 1 1.3402025827097264 1 1.6050884029890811 3
0.79556875447698339 -13.722250864711748 1.9964607461077422 0.79720705643315848
-13.810719170345541 1.9904574117519658 0.77655228529101072 -13.990662986115312
1.9780243208501509 0.67531316420629217 -14.241523355559305 1.9600792324843299
0.51092654989574449 -14.456696454361474 1.9442183147738323 0.29572258253197181
-14.620745852475034 1.9318365091934295 0.045124436486316727 -14.721659447565456
1.9240940377953155 -0.13449511838883693 -14.742229600736671 1.9225033120862502
-0.22277516585408222 -14.740594785042877 1.9226294335880176 0 null_surface
null_surface nullbs nullbs I I 0 0 0 I I } I I #
-2302 coedge $-1 $2454 $2518 $2456 $2553 forward $1980 $-1 #
-2303 coedge $-1 $1983 $1982 $2554 $2555 reversed $1279 $-1 #
-2304 coedge $-1 $2156 $2556 $1982 $2305 forward $2440 $-1 #
-2305 edge $2557 $2558 0 $2310 1.5716060926336666 $2304 $2559 forward 7 unknown
#
-2306 coedge $-1 $2560 $2561 $1983 $2307 forward $2562 $-1 #
-2307 edge $2563 $2311 0 $2564 1.5164822850478181 $2306 $2565 forward 7 unknown
#
-2308 coedge $-1 $1990 $1984 $2561 $2566 reversed $83 $-1 #
-2309 ptlist-eye-attrib $-1 $-1 $-1 $1985 #
-2310 vertex $-1 $1985 $2567 #
-2311 vertex $-1 $2566 $2568 #
-2312 ellipse-curve $-1 -0.30223067559558103 -6.2410816407919043 -108.25 -1 0 0
0 -1.4959841327536409 110.48987298152962 1 F 0 F 0.027159466491304782 #
-2313 coedge $-1 $1986 $2296 $2443 $2569 reversed $1626 $-1 #
-2314 edge $2570 $2449 0 $1988 1 $2164 $2571 forward 7 unknown #
-2315 point $-1 -0.2042820554148273 -11.739908443466648 2.1130957512255844 #
-2316 coedge $-1 $2572 $1996 $1990 $2317 reversed $2005 $-1 #
-2317 edge $2573 $2574 0 $1999 1 $2316 $2575 forward 7 unknown #
-2318 ptlist-eye-attrib $-1 $-1 $-1 $1991 #
-2319 ellipse-curve $-1 -0.44531679617112019 1.2763104047233575 0.75 0 0 -1
0.14308612057553916 0.98971024148416475 0 1 F 0 F 1.4087010013487511 #
-2320 plane-surface $-1 13.197769324404419 -4.7974041042373301 0.75 0 0 1 1 0 0
forward_v F -13.579633584135832 F -12.563623960114576 F 5.9928964689033659 F
11.158232440197718 #
-2321 ptlist-eye-attrib $-1 $-1 $-1 $1997 #
-2322 ellipse-curve $-1 -0.42644525569651665 0.25724721909472181
0.75000000000000155 -4.3765470104868164e-17 2.3633353856630107e-15 -1
0.99982857632512934 0.018515344006027834 0 1 F 0 F 1.4647764871531979 #
-2323 point $-1 -0.30223067559558103 -0.7350081603768861 0.74999999999999922 #
-2324 edge $2576 $2334 0 $2327 1 $2085 $2577 forward 7 unknown #
-2325 coedge $-1 $2497 $2002 $2004 $2330 forward $2089 $-1 #
-2326 ptlist-eye-attrib $-1 $-1 $-1 $2003 #
-2327 vertex $-1 $2324 $2578 #
-2328 straight-curve $-1 0.55943211387698866 1.0291277276885644 0.75 0 0 -1.5 F
0 F 1 #
-2329 coedge $-1 $2004 $2579 $2500 $2580 forward $2005 $-1 #
-2330 edge $2581 $2007 0 $2582 1 $2004 $2583 forward 7 unknown #
-2331 face $-1 $2584 $2005 $3 $-1 $2585 forward single #
-2332 point $-1 0.55943211387698866 1.0291277276885644 0.75 #
-2333 ptlist-eye-attrib $-1 $-1 $-1 $2011 #
-2334 vertex $-1 $2011 $2586 #
-2335 straight-curve $-1 0.51978522758397849 3.1700595875112398 -0.75
1.1102230246251565e-16 0 1.5 F 0 F 1 #
-2336 edge $2587 $2083 0 $2014 1 $2079 $2588 forward 7 unknown #
-2337 point $-1 0.51978522758397872 3.1700595875112398 0.75 #
-2338 coedge $-1 $2589 $2590 $2017 $2339 forward $2029 $-1 #
-2339 edge $2591 $2348 0 $2343 1 $2338 $2592 forward 7 unknown #
-2340 coedge $-1 $2018 $2427 $2589 $2593 reversed $2341 $-1 #
-2341 loop $-1 $-1 $2340 $2028 #
-2342 ptlist-eye-attrib $-1 $-1 $-1 $2019 #
-2343 vertex $-1 $2339 $2594 #
-2344 ellipse-curve $-1 25.197769324404419 20.058918359208093 3.5 0 0 1 3
3.5527136788005009e-15 0 1 F 0 F 1.5707963267948954 #
-2345 point $-1 28.197769324404419 20.058918359208093 3.5 #
-2346 coedge $-1 $2146 $2023 $2590 $2595 reversed $2147 $-1 #
-2347 ptlist-eye-attrib $-1 $-1 $-1 $2024 #
-2348 vertex $-1 $2024 $2596 #
-2349 ellipse-curve $-1 1.197769324404419 20.058918359208093 3.4999999999999964
3.8147544003373953e-18 0 1 0 3 0 1 F 0 F 1.5707963267948966 #
-2350 point $-1 -1.802230675595581 20.058918359208093 3.4999999999999964 #
-2351 cone-surface $-1 25.197769324404419 20.058918359208093 36.107600000000048
0 0 -1 0 3 0 1 I I 0 1 1 forward I I I I #
-2352 coedge $-1 $2453 $2032 $2597 $2598 reversed $89 $-1 #
-2353 coedge $-1 $2200 $2599 $2032 $2354 forward $2468 $-1 #
-2354 edge $2600 $2601 0 $2356 1 $2353 $2602 forward 7 unknown #
-2355 ptlist-eye-attrib $-1 $-1 $-1 $2034 #
-2356 vertex $-1 $2354 $2603 #
-2357 ellipse-curve $-1 26.697769324404419 -6.2410816407919043 -108.25 -1 0 0 0
5.0060734804150755 110.38654459810164 1 F 0 F 0.027206684923668983 #
-2358 coedge $-1 $2036 $2035 $2203 $2473 forward $1764 $-1 #
-2359 point $-1 26.697769324404419 1.7660206462075809 1.9595109914091169 #
-2360 coedge $-1 $2604 $2203 $2040 $2361 reversed $2205 $-1 #
-2361 edge $2605 $2606 0 $2363 1 $2040 $2607 forward 7 unknown #
-2362 ptlist-eye-attrib $-1 $-1 $-1 $2041 #
-2363 vertex $-1 $2361 $2608 #
-2364 ellipse-curve $-1 26.831572153652445 0.7750126730382334
0.74999999999999978 0 0 -1 -0.99982857632513245 0.018515344005994194 0 1 F 0 F
1.4180745945093742 #
-2365 edge $2609 $2606 0 $2104 1 $2042 $2610 forward 7 unknown #
-2366 plane-surface $-1 13.197769324404419 -4.7974041042373301 0.75 0 0 1 1 0 0
forward_v F 12.554340668787061 F 13.579633584135832 F 5.4915327838795918 F
10.660298328781826 #
-2367 point $-1 0.48105494305831864 6.2614949518970349 0.75000000000002931 #
-2368 edge $2611 $2372 0 $2397 0.002986680520142226 $2118 $2612 forward 7
unknown #
-2369 coedge $-1 $2412 $2055 $2058 $2375 reversed $2116 $-1 #
-2370 coedge $-1 $2055 $2412 $2413 $2613 forward $2116 $-1 #
-2371 ptlist-eye-attrib $-1 $-1 $-1 $2056 #
-2372 vertex $-1 $2368 $2614 #
-2373 ellipse-curve $-1 12.947769324404284 -69.646081640791607
0.75000000000000089 0 0 1 0.12499999999041833 83.704906666216118 0 1 F 0 F
0.0029866805199280778 #
-2374 coedge $-1 $2058 $2057 $2615 $2616 reversed $2059 $-1 #
-2375 edge $2617 $2618 0 $2061 1 $2058 $2619 forward 7 unknown #
-2376 point $-1 12.822769324393526 14.058825025424511 0.74999999999997868 #
-2377 coedge $-1 $2067 $2615 $2063 $2378 forward $1224 $-1 #
-2378 edge $2620 $2380 0 $2070 1.515392959786847 $2063 $2621 forward 7 unknown
#
-2379 ptlist-eye-attrib $-1 $-1 $-1 $2064 #
-2380 vertex $-1 $2378 $2622 #
-2381 straight-curve $-1 0.78672554943737172 13.207126270494296
-0.75000000000000466 3.7747582837255322e-15 3.5527136788005009e-15
1.4999999999999929 F 0 F 1 #
-2382 spline-surface $-1 forward { exactsur full nubs 3 3 open open none none 2
2 -0.02832257841483703 3 1.0281234962736703 3 59.278373977489665 3
60.937641145761347 3 -0.20104311892363064 12.016170358821428
0.82963358413583421 -0.23070909318159696 12.545381261749688 0.82963358413583421
0.30045653010828455 13.166199929136333 0.82963358413583421 0.82892553966186888
13.211993386012225 0.82963358413583421 -0.20104311892363064 12.016170358821428
0.2765445280452733 -0.23070909318159696 12.545381261749688 0.2765445280452733
0.30045653010828455 13.166199929136333 0.2765445280452733 0.82892553966186888
13.211993386012225 0.2765445280452733 -0.20104311892363064 12.016170358821428
-0.27654452804528751 -0.23070909318159696 12.545381261749688
-0.27654452804528751 0.30045653010828455 13.166199929136333
-0.27654452804528751 0.82892553966186888 13.211993386012225
-0.27654452804528751 -0.20104311892363064 12.016170358821428
-0.82963358413584842 -0.23070909318159696 12.545381261749688
-0.82963358413584842 0.30045653010828455 13.166199929136333
-0.82963358413584842 0.82892553966186888 13.211993386012225
-0.82963358413584842 0 0 0 0 0 0 0 F -0.02832257841483703 F 1.0281234962736703
F 59.278373977489665 F 60.937641145761347 } I I I I #
-2383 ptlist-eye-attrib $-1 $-1 $-1 $2068 #
-2384 straight-curve $-1 -0.20223067559557764 8.2921028355352888
-0.75000000000001177 4.9654724776360126e-14 3.7668155236728076
7.1054273576010019e-15 F 0 F 1 #
-2385 point $-1 -0.20223067559552799 12.058918359208096 -0.75000000000000477 #
-2386 ptlist-eye-attrib $-1 $-1 $-1 $2076 #
-2387 straight-curve $-1 0.53670199261858142 3.1700744109367975
0.74999999999999523 -0.055647049560263784 3.0914205409602391
1.4543921622589551e-14 F 0 F 1 #
-2388 face $-1 $2434 $2081 $3 $-1 $2623 reversed single #
-2389 point $-1 0.53670199261858142 3.1700744109367975 0.74999999999999523 #
-2390 ptlist-eye-attrib $-1 $-1 $-1 $2086 #
-2391 straight-curve $-1 0.5197852275839786 3.1700595875112398 -0.75
0.016916765034603154 1.4823425557697334e-05 -4.6629367034256575e-15 F 0 F 1 #
-2392 face $-1 $2624 $2493 $3 $-1 $2625 reversed single #
-2393 plane-surface $-1 0.60883489279351011 0 0 -1 0 0 0 0 1 forward_v F
-0.82963358413583277 F 0.82963358413583277 F -1.1087613118243973 F
1.1087613118243973 #
-2394 coedge $-1 $2590 $2589 $2091 $2395 forward $2029 $-1 #
-2395 edge $2626 $2627 0 $2436 1 $2394 $2628 forward 7 unknown #
-2396 ptlist-eye-attrib $-1 $-1 $-1 $2092 #
-2397 vertex $-1 $2092 $2629 #
-2398 ellipse-curve $-1 13.447769324404284 -69.646081640791607
0.75000000000000089 0 0 1 0.12499999999998401 83.704906666216104 0 1 F 0 F
0.0029866805198001537 #
-2399 point $-1 13.572769324404268 14.058825025424497 0.74999999999997868 #
-2400 coedge $-1 $2101 $2100 $2604 $2630 reversed $2102 $-1 #
-2401 face $-1 $2043 $2102 $3 $-1 $2631 reversed single #
-2402 point $-1 25.858836656190242 3.1700744109367975 0.74999999999999523 #
-2403 coedge $-1 $2474 $2604 $2106 $2404 reversed $2205 $-1 #
-2404 edge $2632 $2633 0 $2406 1 $2403 $2634 forward 7 unknown #
-2405 ptlist-eye-attrib $-1 $-1 $-1 $2107 #
-2406 vertex $-1 $2107 $2635 #
-2407 straight-curve $-1 25.858836656190238 3.1700744109367975
-0.75000000000000466 0.016916765034608261 -1.4823425557697334e-05
4.6629367034256575e-15 F 0 F 1 #
-2408 face $-1 $2188 $2458 $3 $-1 $2636 forward single #
-2409 cone-surface $-1 26.701720669086388 -7.236967493529157 4.8067667017235998
-6.5377153164973834e-17 -3.5303662709089966e-15 -1 -0.018515344006019063
-0.99982857632513245 3.5527136788005041e-15 1 I I 0 1 1 forward I I I I #
-2410 coedge $-1 $2637 $2638 $2453 $2639 forward $2113 $-1 #
-2411 cone-surface $-1 12.697769324404284 -69.646081640791607
60.108007561625499 0 0 -1 11.911043774965883 82.853207911286063 0 1 I I 0 1 1
forward I I I I #
-2412 coedge $-1 $2370 $2369 $2640 $2641 forward $2116 $-1 #
-2413 coedge $-1 $2642 $2118 $2370 $2613 reversed $1767 $-1 #
-2414 coedge $-1 $2118 $2642 $2119 $2415 reversed $1767 $-1 #
-2415 edge $2643 $2397 0 $2644 1 $2414 $2645 forward 7 unknown #
-2416 coedge $-1 $2646 $2120 $2122 $2419 reversed $1224 $-1 #
-2417 ptlist-eye-attrib $-1 $-1 $-1 $2121 #
-2418 ellipse-curve $-1 13.697769324404284 -69.646081640791607
-0.75000000000002132 0 0 1 11.91104377496605 82.853207911286049 0 1 F 0 F
0.14427587043025775 #
-2419 edge $2647 $2644 0 $2124 0.0029866805198000262 $2122 $2648 forward 7
unknown #
-2420 point $-1 13.572769324404266 14.058825025424492 -0.75000000000000688 #
-2421 edge $2649 $2154 0 $2425 1 $2131 $2650 forward 7 unknown #
-2422 ptlist-eye-attrib $-1 $-1 $-1 $2132 #
-2423 straight-curve $-1 1.197769324404419 -31.9410816407919 3.5 0 0 -4.25 F 0
F 1 #
-2424 ptlist-eye-attrib $-1 $-1 $-1 $2133 #
-2425 vertex $-1 $2421 $2651 #
-2426 straight-curve $-1 25.197769324404419 -31.9410816407919 -0.75 0 0 4.25 F
0 F 1 #
-2427 coedge $-1 $2340 $2137 $2140 $2430 reversed $2341 $-1 #
-2428 ptlist-eye-attrib $-1 $-1 $-1 $2138 #
-2429 straight-curve $-1 28.197769324404419 20.058918359208093 3.5 0 0
-4.2499999999999991 F 0 F 1 #
-2430 edge $2652 $2627 0 $2142 1.5707963267948954 $2427 $2653 forward 7 unknown
#
-2431 point $-1 28.197769324404419 20.058918359208096 -0.75 #
-2432 ptlist-eye-attrib $-1 $-1 $-1 $2144 #
-2433 ellipse-curve $-1 25.197769324404419 -28.941081640791904
-0.75000000000000355 0 0 -1 3 0 0 1 F 0 F 1.5707963267948966 #
-2434 face $-1 $1305 $2147 $3 $-1 $2654 forward single #
-2435 ptlist-eye-attrib $-1 $-1 $-1 $2150 #
-2436 vertex $-1 $2150 $2655 #
-2437 ellipse-curve $-1 1.197769324404419 20.058918359208093
-0.75000000000000355 -3.8147544003373953e-18 0 -1 -3 0 0 1 F 0 F
1.5707963267948966 #
-2438 point $-1 1.1977693244044192 -31.941081640791904 -0.75 #
-2439 coedge $-1 $2556 $2156 $2159 $2445 reversed $2440 $-1 #
-2440 loop $-1 $-1 $2156 $2172 #
-2441 ptlist-eye-attrib $-1 $-1 $-1 $2157 #
-2442 straight-curve $-1 -0.30223067559558103 -7.7370657735455426
2.2398729815296141 0 -7.1054273576010019e-15 -1.489872981529611 F 0 F 1 #
-2443 coedge $-1 $2282 $2158 $2313 $2569 forward $2160 $-1 #
-2444 coedge $-1 $2159 $2281 $2656 $2657 forward $2160 $-1 #
-2445 edge $2658 $2659 0 $2162 1.5761051760955591 $2439 $2660 forward 7 unknown
#
-2446 face $-1 $969 $2160 $3 $-1 $2661 forward single #
-2447 point $-1 -0.30223067559558103 -7.7370657735455497 0.75000000000000322 #
-2448 ptlist-eye-attrib $-1 $-1 $-1 $2165 #
-2449 vertex $-1 $2569 $2662 #
-2450 straight-curve $-1 -0.20428205541484648 -11.739908443466641
0.74999999999999656 -0.097948620180734441 0.0018138633366859835
4.1078251911130792e-15 F 0 F 1 #
-2451 face $-1 $2388 $2562 $3 $-1 $2663 forward single #
-2452 cone-surface $-1 -0.31543784437990219 -6.7371529920027236
2.0283833508618452 -6.5377153164977828e-17 3.530366270908997e-15 1
0.013207168784321155 -0.9999127815428217 3.5527136788005009e-15 1 I I 0 1 1
forward I I I I #
-2453 coedge $-1 $2179 $2352 $2410 $2639 reversed $89 $-1 #
-2454 coedge $-1 $2519 $2302 $2179 $2455 forward $1980 $-1 #
-2455 edge $2664 $2460 0 $2665 0.02715973956380489 $2454 $2666 forward 7
unknown #
-2456 coedge $-1 $2667 $2180 $2302 $2553 reversed $2458 $-1 #
-2457 coedge $-1 $2180 $2667 $2182 $2462 forward $2458 $-1 #
-2458 loop $-1 $-1 $2667 $2408 #
-2459 ptlist-eye-attrib $-1 $-1 $-1 $2181 #
-2460 vertex $-1 $2181 $2668 #
-2461 straight-curve $-1 26.697769324404419 -8.2370657735454884 0.75 0
5.3290705182007514e-15 1.481971594200818 F 0 F 1 #
-2462 edge $2669 $2528 0 $2185 1 $2457 $2670 forward 7 unknown #
-2463 point $-1 26.697769324404419 -8.2370657735454884 0.75 #
-2464 ptlist-eye-attrib $-1 $-1 $-1 $2187 #
-2465 straight-curve $-1 26.627649769524826 -12.23679606985435
0.74999999999999656 0.070119554879592982 -0.0012985102755482814
4.1078251911130792e-15 F 0 F 1 #
-2466 plane-surface $-1 -1.3629227217814588 -11.718452134830223 -0.25
0.018515344006018571 0.99982857632513134 1.9884633124498661e-15
-3.6817082273356917e-17 -1.9881224427615042e-15 1.0000000000000002 forward_v F
0.92036641586416745 F 2.4168503719682723 F 27.993968929236697 F
28.066905769412664 #
-2467 coedge $-1 $2599 $2200 $2204 $2475 reversed $2468 $-1 #
-2468 loop $-1 $-1 $2467 $2506 #
-2469 ptlist-eye-attrib $-1 $-1 $-1 $2201 #
-2470 intcurve-curve $-1 forward { exactcur full nubs 3 open 6 0 3
0.22961474974999038 1 0.46112133729213289 1 0.6897318481322301 1
0.92256611647245435 1 1.1519199024775524 3 26.697769324404419
-1.2350081603768293 2.136544598101648 26.621270003230418 -1.2325698550833164
2.1364340199916851 26.467640926746018 -1.2098533182275144 2.1354057022897219
26.252096699685239 -1.1242867991538323 2.1314857797070035 26.061171442181319
-0.99099277693889776 2.1252430243461085 25.9053220658401 -0.81867466396797495
2.1169335834245167 25.832873296139567 -0.68103208052062658 2.1100484426787323
25.804357835382479 -0.6101898830689434 2.1064363768321237 0 null_surface
null_surface nullbs nullbs I I 0 0 0 I I } I I #
-2471 ptlist-eye-attrib $-1 $-1 $-1 $2202 #
-2472 intcurve-curve $-1 forward { exactcur full nubs 3 open 9 0 3
0.20689647593984087 1 0.39367076318309552 1 0.56666721438516254 1
0.73308603656507643 1 0.90279729467784808 1 1.0745981307009289 1
1.2470902698907749 1 1.4179388482028397 3 25.831743577327309 0.7935280170442427
2.0258553218331556 25.833017907842123 0.8623418648441854 2.0214656160638049
25.849070521216213 0.99343846704602345 2.012977471058667 25.908482332599483
1.173423131674139 2.0010057439065454 25.99260463029011 1.327981674082134
1.9904917599008916 26.09806345292083 1.4616129102931117 1.9812277852212561
26.224162697729795 1.5755309047669872 1.9732015288596432 26.369595576144572
1.6674885099803105 1.9666348786137366 26.529005083825464 1.7333220191219745
1.9618856690296709 26.641334556516817 1.7584009985198159 1.9600645851768235
26.697769324404419 1.7660206462075809 1.9595109914091169 0 null_surface
null_surface nullbs nullbs I I 0 0 0 I I } I I #
-2473 edge $2671 $2363 0 $2207 1 $2358 $2672 forward 7 unknown #
-2474 coedge $-1 $2204 $2403 $2508 $2673 forward $2205 $-1 #
-2475 edge $2674 $2675 0 $2208 1 $2467 $2676 forward 7 unknown #
-2476 point $-1 25.831743577327309 0.7935280170442427 2.0258553218331556 #
-2477 point $-1 25.804357835382479 -0.6101898830689434 2.1064363768321237 #
-2478 edge $2677 $2214 0 $2275 0.0035955075549359808 $2210 $2678 forward 7
unknown #
-2479 cone-surface $-1 13.197769324404533 46.590168359207603
-0.75000000000000178 0 0 1 -10.763192306169969 -68.693146804778408 0 1 I I 0 1
1 forward I I I I #
-2480 ptlist-eye-attrib $-1 $-1 $-1 $2212 #
-2481 ellipse-curve $-1 13.447769324404533 46.590168359207631
-0.74999999999999911 0 0 -1 0.12500000000852296 -69.531137640358168 0 1 F 0 F
0.0035955075547172933 #
-2482 point $-1 13.322769324412441 -22.940969281150551 -0.74999999999999967 #
-2483 coedge $-1 $2254 $2508 $2222 $2484 reversed $2250 $-1 #
-2484 edge $2679 $2486 0 $2633 1 $2483 $2680 forward 7 unknown #
-2485 ptlist-eye-attrib $-1 $-1 $-1 $2224 #
-2486 vertex $-1 $2484 $2681 #
-2487 straight-curve $-1 25.753891786855196 -3.1694447745374887 -0.75
0.022981923961349793 0 0 F 0 F 1 #
-2488 point $-1 25.776873710816545 -3.1694447745374887 -0.75 #
-2489 coedge $-1 $2682 $2683 $2228 $2490 reversed $2684 $-1 #
-2490 edge $2685 $2495 0 $2686 1 $2489 $2687 forward 7 unknown #
-2491 coedge $-1 $2688 $2229 $2234 $2502 forward $2493 $-1 #
-2492 coedge $-1 $2229 $2688 $2682 $2689 reversed $2493 $-1 #
-2493 loop $-1 $-1 $2229 $2392 #
-2494 ptlist-eye-attrib $-1 $-1 $-1 $2230 #
-2495 vertex $-1 $2490 $2690 #
-2496 straight-curve $-1 0.60883489279351011 -1.0291277276885644 -0.75
-0.0068235317074427648 0 0 F 0 F 1 #
-2497 coedge $-1 $2231 $2325 $2233 $2501 forward $2089 $-1 #
-2498 ptlist-eye-attrib $-1 $-1 $-1 $2232 #
-2499 straight-curve $-1 0.60883489279351011 1.0291277276885644 -0.75
-0.049402778916521228 0 0 F 0 F 1 #
-2500 coedge $-1 $2234 $2233 $2329 $2580 reversed $2235 $-1 #
-2501 edge $2691 $2582 0 $2237 1 $2233 $2692 forward 7 unknown #
-2502 edge $2693 $2238 0 $2694 1 $2491 $2695 forward 7 unknown #
-2503 point $-1 0.60883489279351011 1.0291277276885644 -0.75 #
-2504 point $-1 0.60883489279351011 -1.0291277276885644 -0.75 #
-2505 point $-1 26.627649769524766 -12.236796069854346 0.74999999999998779 #
-2506 face $-1 $2401 $2468 $3 $-1 $2696 forward single #
-2507 plane-surface $-1 25.875753421224847 3.1700595875112967
60.108007561625499 0.99982857632513134 -0.018515344006018803 0
-0.018515344006018803 -0.99982857632513134 0 forward_v F -0.07963358413577587 F
3.8577156835735669 F 57.922081234816773 F 60.937641145761333 #
-2508 coedge $-1 $2483 $2512 $2474 $2673 reversed $2250 $-1 #
-2509 coedge $-1 $2697 $2252 $2269 $2530 forward $1932 $-1 #
-2510 coedge $-1 $2252 $2698 $2512 $2699 forward $1932 $-1 #
-2511 edge $2700 $2532 0 $2514 1 $2252 $2701 forward 7 unknown #
-2512 coedge $-1 $2508 $2254 $2510 $2699 reversed $2250 $-1 #
-2513 ptlist-eye-attrib $-1 $-1 $-1 $2255 #
-2514 vertex $-1 $2511 $2702 #
-2515 straight-curve $-1 25.753891786855196 -3.1694447745374887 -0.75 0 0 1.5 F
0 F 1 #
-2516 coedge $-1 $2638 $2637 $2256 $2517 forward $2113 $-1 #
-2517 edge $2703 $2704 0 $2521 1 $2516 $2705 forward 7 unknown #
-2518 coedge $-1 $2302 $2257 $2260 $2524 reversed $1980 $-1 #
-2519 coedge $-1 $2257 $2454 $2638 $2706 reversed $1980 $-1 #
-2520 ptlist-eye-attrib $-1 $-1 $-1 $2258 #
-2521 vertex $-1 $2258 $2707 #
-2522 ellipse-curve $-1 25.719991546626655 -6.2410816407919043 -108.25
0.99982857632513134 -0.018515344006018803 0 2.0462962962960596 110.5 0
0.99982857632513134 F 1.5705808246220572 F 1.5796414241077121 #
-2523 coedge $-1 $2260 $2259 $2667 $2708 forward $2261 $-1 #
-2524 edge $2709 $2710 0 $2263 1.5663809622093963 $2260 $2711 forward 7 unknown
#
-2525 point $-1 25.701892092761259 -7.2184521495231602 2.2456775031886118 #
-2526 point $-1 25.701892092761256 -7.218452149523233 0.75000000000000622 #
-2527 ptlist-eye-attrib $-1 $-1 $-1 $2266 #
-2528 vertex $-1 $2266 $2712 #
-2529 ellipse-curve $-1 26.701720669086388 -7.2369674935291712
0.75000000000000622 -6.5377153164973834e-17 -3.5303662709089966e-15 -1
-0.018515344006086565 -0.99982857632513067 3.5527136788005009e-15 1 F 0 F
1.5707963267947482 #
-2530 edge $2713 $2532 0 $2704 1 $2509 $2714 forward 7 unknown #
-2531 ptlist-eye-attrib $-1 $-1 $-1 $2271 #
-2532 vertex $-1 $2271 $2715 #
-2533 straight-curve $-1 25.776873710816545 -3.1694447745374887 0.75 0 0 -1.5 F
0 F 1 #
-2534 ptlist-eye-attrib $-1 $-1 $-1 $2273 #
-2535 ellipse-curve $-1 12.947769324404533 46.590168359207631
-0.74999999999999911 0 0 -1 0.12499999999210232 -69.531137640358196 0 1 F 0 F
0.0035955075545947412 #
-2536 point $-1 13.072769324396628 -22.940969281150561 -0.74999999999999967 #
-2537 edge $2716 $2717 0 $2284 0.76688176132944152 $2296 $2718 forward 7
unknown #
-2538 point $-1 0.77703117690428058 -12.721221675785745 0.74999999999999645 #
-2539 coedge $-1 $2291 $2656 $2286 $2540 forward $2548 $-1 #
-2540 edge $2719 $2542 0 $2294 1 $2286 $2720 forward 7 unknown #
-2541 ptlist-eye-attrib $-1 $-1 $-1 $2287 #
-2542 vertex $-1 $2540 $2721 #
-2543 straight-curve $-1 0.75202763800560501 -10.275245550887547
0.74999999999999523 -0.020292619310798621 1.6418413503416218e-05
4.7739590058881731e-15 F 0 F 1 #
-2544 plane-surface $-1 0.73173501869480528 -10.275229132474045
60.108007561625499 0 1 0 1 0 0 forward_v F -0.00042358427279708621 F
0.021602797912697581 F 59.278373977489665 F 60.937641145761333 #
-2545 coedge $-1 $2722 $2723 $2290 $2546 forward $2724 $-1 #
-2546 edge $2725 $2550 0 $2686 1 $2545 $2726 forward 7 unknown #
-2547 coedge $-1 $2727 $2291 $2723 $2728 forward $2548 $-1 #
-2548 loop $-1 $-1 $2547 $2584 #
-2549 ptlist-eye-attrib $-1 $-1 $-1 $2292 #
-2550 vertex $-1 $2292 $2729 #
-2551 straight-curve $-1 0.6186649379922835 -3.1694447745374887 -0.75
0.1333627000133214 -7.1058007763500584 -4.6629367034256575e-15 F 0 F 1 #
-2552 point $-1 0.7520276380056049 -10.275245550887547 -0.75000000000000466 #
-2553 edge $2730 $2710 1.5888580728800132 $2460 1.5888605140356276 $2456 $2731
forward 7 unknown #
-2554 coedge $-1 $2732 $2733 $2303 $2555 forward $2548 $-1 #
-2555 edge $2734 $2564 1.5660536451505016 $2558 1.5751181140693542 $2554 $2735
forward 7 unknown #
-2556 coedge $-1 $2304 $2439 $2732 $2736 forward $2440 $-1 #
-2557 ptlist-eye-attrib $-1 $-1 $-1 $2305 #
-2558 vertex $-1 $2555 $2737 #
-2559 intcurve-curve $-1 forward { exactcur full nubs 3 open 7 0 3
0.25975467649141798 1 0.52433627066730359 1 0.78525658688963496 1
1.0457449466935103 1 1.3110940884851026 1 1.5716060926336666 3
0.6843907319452287 -6.7186376479966992 2.2489680506563872 0.68599386604283641
-6.805206889267521 2.2485939144817482 0.66629825250836383 -6.981217954345551
2.2476220504786308 0.56937323540868556 -7.2275539648614497 2.2456780461540697
0.41152109935238451 -7.4404260425211639 2.2435450216986652 0.20378924950859337
-7.6053795882563913 2.2416050420999252 -0.039587091545209008
-7.7105082220447771 2.2402360768146599 -0.21540091608600054 -7.7359188982275011
2.239888509715426 -0.30223067559558103 -7.7370657735455417 2.2398729815296137 0
null_surface null_surface nullbs nullbs I I 0 0 0 I I } I I #
-2560 coedge $-1 $2738 $2306 $2733 $2739 forward $2562 $-1 #
-2561 coedge $-1 $2306 $2738 $2308 $2566 forward $2562 $-1 #
-2562 loop $-1 $-1 $2560 $2451 #
-2563 ptlist-eye-attrib $-1 $-1 $-1 $2307 #
-2564 vertex $-1 $2307 $2740 #
-2565 intcurve-curve $-1 forward { exactcur full nubs 3 open 7 0 3
0.25148107418708615 1 0.50717377373593953 1 0.75819749758308164 1
1.0097524583858468 1 1.2652467975776396 1 1.5164822850478181 3
-0.30223067559558103 -4.736036966961203 2.2397499342349536 -0.21844593596226447
-4.7386989520624629 2.2397861946708839 -0.049393795227159955
-4.7655591102732933 2.2401549358269071 0.18461188258331179 -4.8679079005149024
2.2414931031106335 0.38545918570259186 -5.02574557617677 2.2433654192730401
0.54055242739128573 -5.2286523075546016 2.2454358427575527 0.63971607820874321
-5.4640463514145612 2.2473604852037727 0.66429165362107812 -5.6332874184924941
2.248360155394904 0.66584220668091876 -5.7170172837238926 2.2487572624672092 0
null_surface null_surface nullbs nullbs I I 0 0 0 I I } I I #
-2566 edge $2741 $2574 0 $2311 1 $2561 $2742 forward 7 unknown #
-2567 point $-1 -0.30223067559558103 -7.7370657735455417 2.2398729815296137 #
-2568 point $-1 -0.30223067559558103 -4.736036966961203 2.2397499342349536 #
-2569 edge $2743 $2449 0 $2717 0.76688176132951347 $2313 $2744 forward 7
unknown #
-2570 ptlist-eye-attrib $-1 $-1 $-1 $2314 #
-2571 straight-curve $-1 -0.20428205541484651 -11.739908443466641
0.74999999999999656 1.9262369477246466e-14 -7.1054273576010019e-15
1.3630957512255879 F 0 F 1 #
-2572 coedge $-1 $2745 $2316 $2738 $2746 forward $2005 $-1 #
-2573 ptlist-eye-attrib $-1 $-1 $-1 $2317 #
-2574 vertex $-1 $2317 $2747 #
-2575 straight-curve $-1 -0.30223067559558103 -4.7360369669612012
0.75000000000000056 0 4.0010288065843156 -3.3306690738754696e-16 F 0 F 1 #
-2576 ptlist-eye-attrib $-1 $-1 $-1 $2324 #
-2577 straight-curve $-1 0.5197852275839786 3.1700595875112398 -0.75
0.039646886293010053 -2.1409318598226754 0 F 0 F 1 #
-2578 point $-1 0.55943211387698888 1.0291277276885644 -0.75 #
-2579 coedge $-1 $2329 $2748 $2688 $2749 forward $2005 $-1 #
-2580 edge $2750 $2694 0 $2582 1 $2329 $2751 forward 7 unknown #
-2581 ptlist-eye-attrib $-1 $-1 $-1 $2330 #
-2582 vertex $-1 $2501 $2752 #
-2583 straight-curve $-1 0.55943211387698855 1.0291277276885644 0.75
0.049402778916521561 0 0 F 0 F 1 #
-2584 face $-1 $2288 $2548 $3 $-1 $2753 reversed single #
-2585 plane-surface $-1 0 0 0.75 0 0 1 1 0 0 forward_v F -0.3818642597314138 F
0.7454757908167513 F -5.8519401839521388 F 1.1640506279168135 #
-2586 point $-1 0.5197852275839786 3.1700595875112398 -0.75 #
-2587 ptlist-eye-attrib $-1 $-1 $-1 $2336 #
-2588 straight-curve $-1 0.53670199261858142 3.1700744109367975
0.74999999999999523 -0.016916765034602821 -1.4823425557697334e-05
4.7739590058881731e-15 F 0 F 1 #
-2589 coedge $-1 $2394 $2338 $2340 $2593 forward $2029 $-1 #
-2590 coedge $-1 $2338 $2394 $2346 $2595 forward $2029 $-1 #
-2591 ptlist-eye-attrib $-1 $-1 $-1 $2339 #
-2592 straight-curve $-1 1.197769324404419 23.058918359208093 3.5 24 0 0 F 0 F
1 #
-2593 edge $2754 $2343 0 $2627 1 $2340 $2755 forward 7 unknown #
-2594 point $-1 25.197769324404419 23.058918359208093 3.5 #
-2595 edge $2756 $2436 0 $2348 1 $2590 $2757 forward 7 unknown #
-2596 point $-1 1.197769324404419 23.058918359208093 3.4999999999999964 #
-2597 coedge $-1 $2698 $2697 $2352 $2598 forward $1932 $-1 #
-2598 edge $2758 $2759 0 $2601 1 $2597 $2760 forward 7 unknown #
-2599 coedge $-1 $2353 $2467 $2698 $2761 reversed $2468 $-1 #
-2600 ptlist-eye-attrib $-1 $-1 $-1 $2354 #
-2601 vertex $-1 $2598 $2762 #
-2602 straight-curve $-1 26.697769324404419 -1.2350081603768253
0.74999999999999756 0 -3.9968028886505635e-15 1.3865445981016504 F 0 F 1 #
-2603 point $-1 26.697769324404419 -1.2350081603768293 2.136544598101648 #
-2604 coedge $-1 $2403 $2360 $2400 $2630 forward $2205 $-1 #
-2605 ptlist-eye-attrib $-1 $-1 $-1 $2361 #
-2606 vertex $-1 $2630 $2763 #
-2607 straight-curve $-1 25.875753421224847 3.1700595875112398 0.75
-0.044009843897537593 -2.3765315704669963 0 F 0 F 1 #
-2608 point $-1 25.831743577327313 0.7935280170442276 0.74999999999999978 #
-2609 ptlist-eye-attrib $-1 $-1 $-1 $2365 #
-2610 straight-curve $-1 25.875753421224843 3.1700595875112398 0.75
-0.016916765034601156 1.4823425557697334e-05 -4.7739590058881731e-15 F 0 F 1 #
-2611 ptlist-eye-attrib $-1 $-1 $-1 $2368 #
-2612 ellipse-curve $-1 13.197769324404284 -69.646081640791579
0.74999999999999822 0 0 -1 -0.12500000000958167 83.70490666621609 0 1 F 0 F
0.002986680520142226 #
-2613 edge $2764 $2765 0 $2372 1 $2370 $2766 forward 7 unknown #
-2614 point $-1 13.072769324394702 14.058825025424511 0.75000000000000089 #
-2615 coedge $-1 $2377 $2640 $2374 $2616 forward $1224 $-1 #
-2616 edge $2767 $2618 0 $2380 0.14427587043013684 $2374 $2768 forward 7
unknown #
-2617 ptlist-eye-attrib $-1 $-1 $-1 $2375 #
-2618 vertex $-1 $2616 $2769 #
-2619 straight-curve $-1 12.822769324400678 14.058825025424483
-0.75000000000000677 1.7763568394002505e-14 0 1.5 F 0 F 1 #
-2620 ptlist-eye-attrib $-1 $-1 $-1 $2378 #
-2621 intcurve-curve $-1 forward { exactcur full nubs 3 open 2 0 3
1.515392959786847 3 0.78672554943737172 13.207126270494296 -0.75000000000000466
0.28673483616051193 13.135247203611392 -0.75000000000000466
-0.20223067559552088 12.564049345803712 -0.75000000000000466
-0.20223067559552799 12.058918359208096 -0.75000000000000466 0 null_surface
null_surface nullbs nullbs I I 0 0 0 I I } I I #
-2622 point $-1 0.78672554943737172 13.207126270494296 -0.75000000000000466 #
-2623 plane-surface $-1 0.51978522758397894 3.1700595875112398
60.108007561625499 -8.8090095590387865e-17 1 0 1 8.8090095590387865e-17 0
forward_v F -0.00032232600108937247 F 0.016438626055557997 F 59.278373977489665
F 60.937641145761333 #
-2624 face $-1 $2770 $2684 $3 $-1 $2771 reversed single #
-2625 plane-surface $-1 0 -1.0291277276885644 0 0 1 0 0 0 1 forward_v F
-0.82963358413583277 F 0.82963358413583277 F 0.60187489045191811 F
0.60897136342765901 #
-2626 ptlist-eye-attrib $-1 $-1 $-1 $2395 #
-2627 vertex $-1 $2430 $2772 #
-2628 straight-curve $-1 25.197769324404419 23.058918359208093 -0.75 -24 0 0 F
0 F 1 #
-2629 point $-1 13.322769324413802 14.058825025424511 0.75000000000000089 #
-2630 edge $2773 $2606 0 $2406 1 $2400 $2774 forward 7 unknown #
-2631 plane-surface $-1 25.859637121170376 3.1700595875112398
60.108007561625499 -8.8090095590387865e-17 1 0 1 8.8090095590387865e-17 0
forward_v F -0.00032232600108933696 F 0.016438626055556186 F 59.278373977489665
F 60.937641145761333 #
-2632 ptlist-eye-attrib $-1 $-1 $-1 $2404 #
-2633 vertex $-1 $2404 $2775 #
-2634 straight-curve $-1 25.803569738794543 -0.60734731676882758 -0.75
0.072183682430303264 3.7774069042800673 0 F 0 F 1 #
-2635 point $-1 25.875753421224847 3.1700595875112398 -0.75 #
-2636 plane-surface $-1 -1.3073671662259088 -7.7184521348301658
4.8067667017236033 -0.018515344006018571 -0.99982857632513134
3.5309715630301891e-15 -6.5377153164973847e-17 -3.5303662709089978e-15
-1.0000000000000002 forward_v F 2.4951566512082795 F 4.1364002858594366 F
27.995080230851215 F 28.010229387072265 #
-2637 coedge $-1 $2516 $2410 $2697 $2776 reversed $2113 $-1 #
-2638 coedge $-1 $2410 $2516 $2519 $2706 forward $2113 $-1 #
-2639 edge $2777 $2665 0 $2759 1 $2410 $2778 forward 7 unknown #
-2640 coedge $-1 $2615 $2646 $2412 $2641 reversed $1224 $-1 #
-2641 edge $2779 $2618 0 $2765 0.002986680519929839 $2412 $2780 forward 7
unknown #
-2642 coedge $-1 $2414 $2413 $2646 $2781 forward $1767 $-1 #
-2643 ptlist-eye-attrib $-1 $-1 $-1 $2415 #
-2644 vertex $-1 $2781 $2782 #
-2645 straight-curve $-1 13.3227693244138 14.058825025424511
0.74999999999999967 0 0 -1.4999999999999993 F 0 F 1 #
-2646 coedge $-1 $2640 $2416 $2642 $2781 reversed $1224 $-1 #
-2647 ptlist-eye-attrib $-1 $-1 $-1 $2419 #
-2648 ellipse-curve $-1 13.447769324404284 -69.646081640791607
-0.74999999999999911 0 0 -1 -0.12499999999048583 83.704906666216118 0 1 F 0 F
0.0029866805198000262 #
-2649 ptlist-eye-attrib $-1 $-1 $-1 $2421 #
-2650 straight-curve $-1 1.197769324404419 -31.9410816407919 -0.75 24 0 0 F 0 F
1 #
-2651 point $-1 25.197769324404419 -31.941081640791904 -0.75000000000000355 #
-2652 ptlist-eye-attrib $-1 $-1 $-1 $2430 #
-2653 ellipse-curve $-1 25.197769324404419 20.058918359208093 -0.75 0 0 -1 0 3
0 1 F 0 F 1.5707963267948954 #
-2654 cone-surface $-1 1.197769324404419 20.058918359208093 -21.607600000000083
3.8147544003373953e-18 0 1 0 3 0 1 I I 0 1 1 forward I I I I #
-2655 point $-1 1.1977693244044187 23.058918359208093 -0.75000000000000355 #
-2656 coedge $-1 $2539 $2732 $2444 $2657 reversed $2548 $-1 #
-2657 edge $2783 $2542 0 $2659 1 $2444 $2784 forward 7 unknown #
-2658 ptlist-eye-attrib $-1 $-1 $-1 $2445 #
-2659 vertex $-1 $2657 $2785 #
-2660 ellipse-curve $-1 -0.31543784437990208 -6.737152992002728
0.75000000000000422 6.5377153164977828e-17 -3.530366270908997e-15 -1
0.99982857632513134 0.018515344006019951 0 1 F 0 F 1.5761051760955591 #
-2661 plane-surface $-1 13.197769324404419 -4.7974041042373301 0.75 0 0 1 1 0 0
forward_v F -13.579633584135832 F -12.341104563364306 F -8.0438692521042068 F
-1.801181863203597 #
-2662 point $-1 -0.20428205541484648 -11.739908443466641 0.74999999999999656 #
-2663 cone-surface $-1 -0.33398636964421247 -5.7355326277299206
-0.4999999999999753 3.6207841238859208e-17 -1.9552234268985046e-15 -1
0.031755694048631433 0.99949566076871577 -1.9428902930940239e-15 1 I I 0 1 1
forward I I I I #
-2664 ptlist-eye-attrib $-1 $-1 $-1 $2455 #
-2665 vertex $-1 $2455 $2786 #
-2666 ellipse-curve $-1 26.697769324404419 -6.2410816407919043 -108.25 -1 0 0 0
-1.9959841327535806 110.48197159420081 1 F 0 F 0.02715973956380489 #
-2667 coedge $-1 $2457 $2456 $2523 $2708 reversed $2458 $-1 #
-2668 point $-1 26.697769324404334 -8.2370657735454831 2.2319715942008003 #
-2669 ptlist-eye-attrib $-1 $-1 $-1 $2462 #
-2670 straight-curve $-1 26.683205325080344 -8.2367960698543001
0.75000000000000266 0.014563999324074928 -0.0002697036911882833
-2.6645352591003757e-15 F 0 F 1 #
-2671 ptlist-eye-attrib $-1 $-1 $-1 $2473 #
-2672 straight-curve $-1 25.831743577327309 0.79352801704424381 0.75 0
-1.1102230246251565e-15 1.2758553218331556 F 0 F 1 #
-2673 edge $2787 $2633 0 $2675 1 $2474 $2788 forward 7 unknown #
-2674 ptlist-eye-attrib $-1 $-1 $-1 $2475 #
-2675 vertex $-1 $2699 $2789 #
-2676 straight-curve $-1 25.802609023042372 -0.6077408591635185
0.74999999999999867 0.0017488123401072642 -0.0024490239054248963
1.356436376832125 F 0 F 1 #
-2677 ptlist-eye-attrib $-1 $-1 $-1 $2478 #
-2678 ellipse-curve $-1 13.197769324404533 46.590168359207603 -0.75 0 0 -1
0.12500000000791545 -69.531137640358168 0 1 F 0 F 0.0035955075549359808 #
-2679 ptlist-eye-attrib $-1 $-1 $-1 $2484 #
-2680 straight-curve $-1 25.753891786855196 -3.1694447745374887 -0.75
0.049677951939347764 2.5620974577686613 0 F 0 F 1 #
-2681 point $-1 25.753891786855196 -3.1694447745374887 -0.75 #
-2682 coedge $-1 $2790 $2489 $2492 $2689 forward $2684 $-1 #
-2683 coedge $-1 $2489 $2790 $2722 $2791 forward $2684 $-1 #
-2684 loop $-1 $-1 $2790 $2624 #
-2685 ptlist-eye-attrib $-1 $-1 $-1 $2490 #
-2686 vertex $-1 $2546 $2792 #
-2687 straight-curve $-1 0.60201136108606734 -1.0291277276885644 -0.75
0.039635500867570284 -2.1403170468489243 0 F 0 F 1 #
-2688 coedge $-1 $2492 $2491 $2579 $2749 reversed $2493 $-1 #
-2689 edge $2793 $2495 0 $2794 1 $2682 $2795 forward 7 unknown #
-2690 point $-1 0.60201136108606734 -1.0291277276885642 -0.75 #
-2691 ptlist-eye-attrib $-1 $-1 $-1 $2501 #
-2692 straight-curve $-1 0.60883489279351011 1.0291277276885644 0.75 0 0 -1.5 F
0 F 1 #
-2693 ptlist-eye-attrib $-1 $-1 $-1 $2502 #
-2694 vertex $-1 $2502 $2796 #
-2695 straight-curve $-1 0.60883489279351011 -1.0291277276885644 -0.75 0 0 1.5
F 0 F 1 #
-2696 cone-surface $-1 26.729626700825854 -0.23551573540926185
2.0096858869486027 -1.5487299483387972e-15 3.4484832178023449e-15 -1
-0.031857376421434935 -0.99949242496756696 -3.5527136788005009e-15 1 I I 0 1 1
forward I I I I #
-2697 coedge $-1 $2597 $2509 $2637 $2776 forward $1932 $-1 #
-2698 coedge $-1 $2510 $2597 $2599 $2761 forward $1932 $-1 #
-2699 edge $2797 $2675 0 $2514 1 $2512 $2798 forward 7 unknown #
-2700 ptlist-eye-attrib $-1 $-1 $-1 $2511 #
-2701 straight-curve $-1 25.776873710816545 -3.1694447745374887 0.75
-0.022981923961349793 0 0 F 0 F 1 #
-2702 point $-1 25.753891786855196 -3.1694447745374887 0.75 #
-2703 ptlist-eye-attrib $-1 $-1 $-1 $2517 #
-2704 vertex $-1 $2530 $2799 #
-2705 straight-curve $-1 25.720432527921364 -6.2172686508774548
0.750000000000001 0 -8.8817841970012523e-16 1.4999974341244626 F 0 F 1 #
-2706 edge $2800 $2521 0 $2665 1.5256532632198787 $2638 $2801 forward 7 unknown
#
-2707 point $-1 25.720432527921368 -6.2172686508774628 2.2499974341244666 #
-2708 edge $2802 $2528 0 $2710 1 $2667 $2803 forward 7 unknown #
-2709 ptlist-eye-attrib $-1 $-1 $-1 $2524 #
-2710 vertex $-1 $2524 $2804 #
-2711 intcurve-curve $-1 forward { exactcur full nubs 3 open 7 0 3
0.25986410107835411 1 0.52423066009158026 1 0.78412375770671705 1
1.0438965321793567 1 1.3075664400350835 1 1.5663809622093963 3
26.683205325080369 -8.2367960698542966 2.2319764663794901 26.596598811851241
-8.235192245535238 2.2320054373975475 26.421469460650329 -8.20898818616004
2.2324822202468853 26.179244731278143 -8.1031601548484531 2.23433734259718
25.972800429960376 -7.9380948525347863 2.2370221217811048 25.816029232804581
-7.7255842945441158 2.2401087882884667 25.71983486524703 -7.4800807455122458
2.2431536819853068 25.700294808586964 -7.3047054949350398 2.2449145640584134
25.701892092761259 -7.2184521495231602 2.2456775031886118 0 null_surface
null_surface nullbs nullbs I I 0 0 0 I I } I I #
-2712 point $-1 26.683205325080301 -8.2367960698543019 0.75000000000000977 #
-2713 ptlist-eye-attrib $-1 $-1 $-1 $2530 #
-2714 straight-curve $-1 25.776873710816545 -3.1694447745374887 0.75
-0.056441182895181186 -3.0478238763399661 9.9920072216264089e-16 F 0 F 1 #
-2715 point $-1 25.776873710816545 -3.1694447745374887 0.75 #
-2716 ptlist-eye-attrib $-1 $-1 $-1 $2537 #
-2717 vertex $-1 $2537 $2805 #
-2718 ellipse-curve $-1 -0.22279739942085028 -12.739737019791773
0.74999999999998934 -3.6842342707165919e-17 1.989486506187069e-15 -1
0.70710678118654846 0.70710678118654613 1.3322676295501878e-15 1 F 0 F
0.76688176132944152 #
-2719 ptlist-eye-attrib $-1 $-1 $-1 $2540 #
-2720 straight-curve $-1 0.75202763800560501 -10.275245550887547
0.74999999999999523 -2.2204460492503131e-16 0 -1.5 F 0 F 1 #
-2721 point $-1 0.75202763800560501 -10.275245550887547 0.74999999999999523 #
-2722 coedge $-1 $2806 $2545 $2683 $2791 reversed $2724 $-1 #
-2723 coedge $-1 $2545 $2806 $2547 $2728 reversed $2724 $-1 #
-2724 loop $-1 $-1 $2723 $2770 #
-2725 ptlist-eye-attrib $-1 $-1 $-1 $2546 #
-2726 straight-curve $-1 0.6186649379922835 -3.1694447745374887 -0.75
0.022981923961354123 0 0 F 0 F 1 #
-2727 coedge $-1 $2733 $2547 $2745 $2807 reversed $2548 $-1 #
-2728 edge $2808 $2550 0 $2809 1 $2547 $2810 forward 7 unknown #
-2729 point $-1 0.6186649379922835 -3.1694447745374887 -0.75 #
-2730 ptlist-eye-attrib $-1 $-1 $-1 $2553 #
-2731 ellipse-curve $-1 -81.085373844323854 -6.2410816407919043 -108.25
0.018515344006018571 0.99982857632513134 -3.5309715630301891e-15
-5967.0000000007667 110.49999999999999 -3.836930773104541e-13
0.018515344006018571 F 1.5888580728800132 F 1.5888605140356276 #
-2732 coedge $-1 $2656 $2554 $2556 $2736 reversed $2548 $-1 #
-2733 coedge $-1 $2554 $2727 $2560 $2739 reversed $2548 $-1 #
-2734 ptlist-eye-attrib $-1 $-1 $-1 $2555 #
-2735 ellipse-curve $-1 0.67554710218217728 -6.2410816407919043 -108.25
0.99982857632513134 0.018515344006019934 0 -2.0462962962961839 110.5 0
0.99982857632513134 F 1.5660536451505016 F 1.5751181140693542 #
-2736 edge $2811 $2659 0 $2558 1 $2556 $2812 forward 7 unknown #
-2737 point $-1 0.68439073194522848 -6.7186376479966947 2.2489680506563872 #
-2738 coedge $-1 $2561 $2560 $2572 $2746 reversed $2562 $-1 #
-2739 edge $2813 $2564 0 $2814 1 $2560 $2815 forward 7 unknown #
-2740 point $-1 0.66584220668091876 -5.7170172837238926 2.2487572624672092 #
-2741 ptlist-eye-attrib $-1 $-1 $-1 $2566 #
-2742 straight-curve $-1 -0.30223067559558103 -4.7360369669612012
0.75000000000000056 0 -1.7763568394002505e-15 1.4897499342349536 F 0 F 1 #
-2743 ptlist-eye-attrib $-1 $-1 $-1 $2569 #
-2744 ellipse-curve $-1 -0.22279739942085028 -12.739737019791773
0.74999999999998934 -3.6842342707165919e-17 1.989486506187069e-15 -1
0.01851534400594812 0.99982857632513245 1.9984014443252818e-15 1 F 0 F
0.76688176132951347 #
-2745 coedge $-1 $2816 $2572 $2727 $2807 forward $2005 $-1 #
-2746 edge $2817 $2574 0 $2814 1.5205188910535989 $2738 $2818 forward 7 unknown
#
-2747 point $-1 -0.30223067559558103 -4.7360369669612012 0.75000000000000056 #
-2748 coedge $-1 $2579 $2816 $2790 $2819 forward $2005 $-1 #
-2749 edge $2820 $2794 0 $2694 1 $2579 $2821 forward 7 unknown #
-2750 ptlist-eye-attrib $-1 $-1 $-1 $2580 #
-2751 straight-curve $-1 0.60883489279351011 -1.0291277276885644 0.75 0
2.0582554553771288 0 F 0 F 1 #
-2752 point $-1 0.60883489279351011 1.0291277276885644 0.75 #
-2753 plane-surface $-1 0.70884848215039531 -8.0393561590757727
60.108007561625499 -0.99982857632513134 -0.018515344006019934 0
-0.018515344006019934 0.99982857632513134 0 forward_v F -2.3784466229629087 F
5.0128873843789599 F 57.778373240800072 F 60.937641145761347 #
-2754 ptlist-eye-attrib $-1 $-1 $-1 $2593 #
-2755 straight-curve $-1 25.197769324404419 23.058918359208093 3.5 0 0 -4.25 F
0 F 1 #
-2756 ptlist-eye-attrib $-1 $-1 $-1 $2595 #
-2757 straight-curve $-1 1.197769324404419 23.058918359208093 -0.75 0 0 4.25 F
0 F 1 #
-2758 ptlist-eye-attrib $-1 $-1 $-1 $2598 #
-2759 vertex $-1 $2639 $2822 #
-2760 straight-curve $-1 26.697769324404419 -5.2360369669611408
0.75000000000000089 0 4.0010288065843156 -3.3306690738754696e-15 F 0 F 1 #
-2761 edge $2823 $2601 0 $2675 1.1579225978815981 $2599 $2824 forward 7 unknown
#
-2762 point $-1 26.697769324404419 -1.2350081603768253 0.74999999999999756 #
-2763 point $-1 25.875753421224847 3.1700595875112398 0.75 #
-2764 ptlist-eye-attrib $-1 $-1 $-1 $2613 #
-2765 vertex $-1 $2641 $2825 #
-2766 straight-curve $-1 13.072769324394777 14.058825025424506
-0.74999999999999967 -3.3750779948604759e-14 0 1.4999999999999993 F 0 F 1 #
-2767 ptlist-eye-attrib $-1 $-1 $-1 $2616 #
-2768 ellipse-curve $-1 12.697769324404284 -69.646081640791607
-0.75000000000002132 0 0 1 0.12499999998918732 83.704906666216118 0 1 F 0 F
0.14427587043013684 #
-2769 point $-1 12.822769324400678 14.058825025424483 -0.75000000000000677 #
-2770 face $-1 $2331 $2724 $3 $-1 $2826 reversed single #
-2771 plane-surface $-1 0.64164686195363752 -3.1694447745374887
60.108007561625499 -0.99982857632513134 -0.018515344006019934 0
-0.018515344006019934 0.99982857632513134 0 forward_v F -0.079633584135832755 F
2.2203175949046163 F 59.278373977489665 F 60.937641145761333 #
-2772 point $-1 25.197769324404419 23.058918359208093 -0.75 #
-2773 ptlist-eye-attrib $-1 $-1 $-1 $2630 #
-2774 straight-curve $-1 25.875753421224836 3.1700595875112398 0.75
1.0658141036401503e-14 0 -1.5 F 0 F 1 #
-2775 point $-1 25.803569738794543 -0.60734731676882758 -0.75 #
-2776 edge $2827 $2704 0 $2759 1.5297862480954465 $2637 $2828 forward 7 unknown
#
-2777 ptlist-eye-attrib $-1 $-1 $-1 $2639 #
-2778 straight-curve $-1 26.697769324404419 -5.23603696696114
2.2454292502798712 0 -8.8817841970012523e-16 -1.4954292502798703 F 0 F 1 #
-2779 ptlist-eye-attrib $-1 $-1 $-1 $2641 #
-2780 ellipse-curve $-1 12.947769324404284 -69.646081640791607
-0.74999999999999911 0 0 -1 -0.12500000001081268 83.70490666621609 0 1 F 0 F
0.002986680519929839 #
-2781 edge $2829 $2765 0 $2644 0.002986680520141101 $2642 $2830 forward 7
unknown #
-2782 point $-1 13.3227693244138 14.058825025424511 -0.74999999999999967 #
-2783 ptlist-eye-attrib $-1 $-1 $-1 $2657 #
-2784 straight-curve $-1 0.75202763800560501 -10.275245550887547
0.74999999999999523 -0.06763690606037609 3.5566079028908391
6.2172489379008766e-15 F 0 F 1 #
-2785 point $-1 0.68439073194522926 -6.718637647996708 0.75000000000000422 #
-2786 point $-1 26.697769324404419 -5.2360369669611391 2.2454292502798712 #
-2787 ptlist-eye-attrib $-1 $-1 $-1 $2673 #
-2788 straight-curve $-1 25.80356973879454 -0.60734731676882758 -0.75
-0.0009607157521678289 -0.00039354239469091556 1.4999999999999987 F 0 F 1 #
-2789 point $-1 25.801337526027936 -0.60737485920886691 0.74999999999999478 #
-2790 coedge $-1 $2683 $2682 $2748 $2819 reversed $2684 $-1 #
-2791 edge $2831 $2832 0 $2686 1 $2722 $2833 forward 7 unknown #
-2792 point $-1 0.64164686195363763 -3.1694447745374887 -0.75 #
-2793 ptlist-eye-attrib $-1 $-1 $-1 $2689 #
-2794 vertex $-1 $2689 $2834 #
-2795 straight-curve $-1 0.60201136108606734 -1.0291277276885642 -0.75
-4.4408920985006262e-16 -2.2204460492503131e-16 1.5 F 0 F 1 #
-2796 point $-1 0.60883489279351011 -1.0291277276885644 0.75 #
-2797 ptlist-eye-attrib $-1 $-1 $-1 $2699 #
-2798 straight-curve $-1 25.802609023042368 -0.6077408591635185
0.74999999999999867 -0.04871723618717283 -2.56170391537397
1.3322676295501878e-15 F 0 F 1 #
-2799 point $-1 25.720432527921368 -6.217268650877454 0.750000000000003 #
-2800 ptlist-eye-attrib $-1 $-1 $-1 $2706 #
-2801 intcurve-curve $-1 forward { exactcur full nubs 3 open 7 0 3
0.25288982593182613 1 0.51019425755312464 1 0.76308384397590867 1
1.0158780209048319 1 1.2728106923556273 1 1.5256532632198787 3
25.720432527921364 -6.2172686508774548 2.2499974341244635 25.721993308592719
-6.1329864946243564 2.2499792711363784 25.746882414515984 -5.9625784227698677
2.24974282299124 25.847305579274234 -5.7259113951449025 2.2488737168373607
26.004276402663269 -5.5223163194976008 2.2477115136812809 26.207219786971613
-5.3647106222600822 2.2465500009157839 26.443341505820616 -5.2634745092785185
2.2456818540938448 26.613509789916431 -5.2379325934009984 2.2454464925248208
26.697769324404419 -5.2360369669611391 2.2454292502798712 0 null_surface
null_surface nullbs nullbs I I 0 0 0 I I } I I #
-2802 ptlist-eye-attrib $-1 $-1 $-1 $2708 #
-2803 straight-curve $-1 26.683205325080344 -8.2367960698543001
0.75000000000000266 2.4868995751603507e-14 3.5527136788005009e-15
1.4819764663794874 F 0 F 1 #
-2804 point $-1 26.683205325080369 -8.2367960698542966 2.2319764663794901 #
-2805 point $-1 0.48430938176569804 -12.032630238605227 0.74999999999999079 #
-2806 coedge $-1 $2723 $2722 $2816 $2835 forward $2724 $-1 #
-2807 edge $2836 $2814 0 $2809 1 $2727 $2837 forward 7 unknown #
-2808 ptlist-eye-attrib $-1 $-1 $-1 $2728 #
-2809 vertex $-1 $2835 $2838 #
-2810 straight-curve $-1 0.6186649379922835 -3.1694447745374887 -0.75
3.3306690738754696e-16 0 1.5 F 0 F 1 #
-2811 ptlist-eye-attrib $-1 $-1 $-1 $2736 #
-2812 straight-curve $-1 0.6843907319452287 -6.718637647996708
0.75000000000000144 0 8.8817841970012523e-15 1.4989680506563858 F 0 F 1 #
-2813 ptlist-eye-attrib $-1 $-1 $-1 $2739 #
-2814 vertex $-1 $2807 $2839 #
-2815 straight-curve $-1 0.66584220668091876 -5.7170172837238926
2.2487572624672092 2.2204460492503131e-16 -3.5527136788005009e-15
-1.4987572624672085 F 0 F 1 #
-2816 coedge $-1 $2748 $2745 $2806 $2835 reversed $2005 $-1 #
-2817 ptlist-eye-attrib $-1 $-1 $-1 $2746 #
-2818 ellipse-curve $-1 -0.33398636964421252 -5.7355326277299179
0.75000000000000222 3.6207841238859208e-17 -1.9552234268985046e-15 -1
0.031755694048631489 0.99949566076871577 -1.9984014443252818e-15 1 F 0 F
1.5205188910535989 #
-2819 edge $2840 $2832 0 $2794 1 $2748 $2841 forward 7 unknown #
-2820 ptlist-eye-attrib $-1 $-1 $-1 $2749 #
-2821 straight-curve $-1 0.6020113610860669 -1.0291277276885644 0.75
0.0068235317074432089 0 0 F 0 F 1 #
-2822 point $-1 26.697769324404419 -5.2360369669611408 0.75000000000000089 #
-2823 ptlist-eye-attrib $-1 $-1 $-1 $2761 #
-2824 ellipse-curve $-1 26.72962670082585 -0.23551573540925749
0.74999999999999467 -1.5487299483387972e-15 3.4484832178023449e-15 -1
-0.031857376421431383 -0.99949242496756729 -3.4416913763379853e-15 1 F 0 F
1.1579225978815981 #
-2825 point $-1 13.072769324394793 14.058825025424511 -0.75 #
-2826 plane-surface $-1 0.61866493799228373 -3.1694447745374887
60.108007561625499 0 1 0 1 0 0 forward_v F -0.00045963847922706694 F
0.023441562440580412 F 59.278373977489665 F 60.937641145761333 #
-2827 ptlist-eye-attrib $-1 $-1 $-1 $2776 #
-2828 ellipse-curve $-1 26.7202611042465 -6.2357839948834739 0.750000000000003
-3.6207841238856996e-17 -1.9552234268985046e-15 -1 -0.99982857632513245
0.018515344006019951 0 1 F 0 F 1.5297862480954465 #
-2829 ptlist-eye-attrib $-1 $-1 $-1 $2781 #
-2830 ellipse-curve $-1 13.197769324404284 -69.646081640791579 -0.75 0 0 -1
-0.12500000000949107 83.70490666621609 0 1 F 0 F 0.002986680520141101 #
-2831 ptlist-eye-attrib $-1 $-1 $-1 $2791 #
-2832 vertex $-1 $2791 $2842 #
-2833 straight-curve $-1 0.64164686195363729 -3.1694447745374887 0.75
3.3306690738754696e-16 0 -1.5 F 0 F 1 #
-2834 point $-1 0.6020113610860669 -1.0291277276885644 0.75 #
-2835 edge $2843 $2832 0 $2809 1 $2816 $2844 forward 7 unknown #
-2836 ptlist-eye-attrib $-1 $-1 $-1 $2807 #
-2837 straight-curve $-1 0.66584220668091898 -5.7170172837238953
0.75000000000000067 -0.047177268688635143 2.5475725091864065
-6.6613381477509392e-16 F 0 F 1 #
-2838 point $-1 0.61866493799228384 -3.1694447745374887 0.75 #
-2839 point $-1 0.66584220668091953 -5.71701728372389 0.75000000000000222 #
-2840 ptlist-eye-attrib $-1 $-1 $-1 $2819 #
-2841 straight-curve $-1 0.64164686195363729 -3.1694447745374887 0.75
-0.039635500867570395 2.1403170468489243 0 F 0 F 1 #
-2842 point $-1 0.64164686195363729 -3.1694447745374887 0.75 #
-2843 ptlist-eye-attrib $-1 $-1 $-1 $2835 #
-2844 straight-curve $-1 0.64164686195363729 -3.1694447745374887 0.75
-0.022981923961353456 0 0 F 0 F 1 #
End-of-ACIS-data
