ISO-10303-21;
HEADER;
FILE_DESCRIPTION((''),'2;1');
FILE_NAME('EMG_SUB_BOTTEM','2025-01-27T14:05:52',('iw87ukax'),(''),
'CREO PARAMETRIC BY PTC INC, 2019010','CREO PARAMETRIC BY PTC INC, 2019010','');
FILE_SCHEMA(('CONFIG_CONTROL_DESIGN'));
ENDSEC;
DATA;
#1=CARTESIAN_POINT('',(5.697769324404E0,-2.394108164079E1,8.8E0));
#2=DIRECTION('',(0.E0,-1.E0,0.E0));
#3=DIRECTION('',(1.E0,0.E0,0.E0));
#4=AXIS2_PLACEMENT_3D('',#1,#2,#3);
#6=CARTESIAN_POINT('',(5.697769324404E0,-2.394108164079E1,8.8E0));
#7=DIRECTION('',(0.E0,-1.E0,0.E0));
#8=DIRECTION('',(-1.E0,0.E0,0.E0));
#9=AXIS2_PLACEMENT_3D('',#6,#7,#8);
#11=CARTESIAN_POINT('',(2.069776932440E1,-2.394108164079E1,8.8E0));
#12=DIRECTION('',(0.E0,-1.E0,0.E0));
#13=DIRECTION('',(1.E0,0.E0,0.E0));
#14=AXIS2_PLACEMENT_3D('',#11,#12,#13);
#16=CARTESIAN_POINT('',(2.069776932440E1,-2.394108164079E1,8.8E0));
#17=DIRECTION('',(0.E0,-1.E0,0.E0));
#18=DIRECTION('',(-1.E0,0.E0,0.E0));
#19=AXIS2_PLACEMENT_3D('',#16,#17,#18);
#21=DIRECTION('',(0.E0,0.E0,1.E0));
#22=VECTOR('',#21,1.35E1);
#23=CARTESIAN_POINT('',(2.669776932440E1,-2.394108164079E1,7.5E-1));
#24=LINE('',#23,#22);
#25=DIRECTION('',(0.E0,0.E0,-1.E0));
#26=VECTOR('',#25,1.35E1);
#27=CARTESIAN_POINT('',(-3.022306755956E-1,-2.394108164079E1,1.425E1));
#28=LINE('',#27,#26);
#29=DIRECTION('',(1.E0,0.E0,0.E0));
#30=VECTOR('',#29,2.7E1);
#31=CARTESIAN_POINT('',(-3.022306755956E-1,-2.394108164079E1,7.5E-1));
#32=LINE('',#31,#30);
#33=DIRECTION('',(0.E0,1.E0,0.E0));
#34=VECTOR('',#33,6.E0);
#35=CARTESIAN_POINT('',(7.297769324404E0,1.505891835921E1,8.8E0));
#36=LINE('',#35,#34);
#37=DIRECTION('',(0.E0,1.E0,0.E0));
#38=VECTOR('',#37,6.E0);
#39=CARTESIAN_POINT('',(7.297769324404E0,-2.994108164079E1,8.8E0));
#40=LINE('',#39,#38);
#41=CARTESIAN_POINT('',(5.697769324404E0,1.505891835921E1,8.8E0));
#42=DIRECTION('',(0.E0,-1.E0,0.E0));
#43=DIRECTION('',(1.E0,0.E0,0.E0));
#44=AXIS2_PLACEMENT_3D('',#41,#42,#43);
#46=CARTESIAN_POINT('',(5.697769324404E0,1.505891835921E1,8.8E0));
#47=DIRECTION('',(0.E0,-1.E0,0.E0));
#48=DIRECTION('',(-1.E0,0.E0,0.E0));
#49=AXIS2_PLACEMENT_3D('',#46,#47,#48);
#51=CARTESIAN_POINT('',(2.069776932440E1,1.505891835921E1,8.8E0));
#52=DIRECTION('',(0.E0,-1.E0,0.E0));
#53=DIRECTION('',(1.E0,0.E0,0.E0));
#54=AXIS2_PLACEMENT_3D('',#51,#52,#53);
#56=CARTESIAN_POINT('',(2.069776932440E1,1.505891835921E1,8.8E0));
#57=DIRECTION('',(0.E0,-1.E0,0.E0));
#58=DIRECTION('',(-1.E0,0.E0,0.E0));
#59=AXIS2_PLACEMENT_3D('',#56,#57,#58);
#61=DIRECTION('',(0.E0,0.E0,1.E0));
#62=VECTOR('',#61,1.35E1);
#63=CARTESIAN_POINT('',(-3.022306755956E-1,1.505891835921E1,7.5E-1));
#64=LINE('',#63,#62);
#65=DIRECTION('',(1.E0,0.E0,0.E0));
#66=VECTOR('',#65,2.7E1);
#67=CARTESIAN_POINT('',(-3.022306755956E-1,1.505891835921E1,7.5E-1));
#68=LINE('',#67,#66);
#69=DIRECTION('',(0.E0,1.E0,0.E0));
#70=VECTOR('',#69,6.E0);
#71=CARTESIAN_POINT('',(4.097769324404E0,1.505891835921E1,8.8E0));
#72=LINE('',#71,#70);
#73=DIRECTION('',(0.E0,1.E0,0.E0));
#74=VECTOR('',#73,6.E0);
#75=CARTESIAN_POINT('',(4.097769324404E0,-2.994108164079E1,8.8E0));
#76=LINE('',#75,#74);
#77=CARTESIAN_POINT('',(5.697769324404E0,2.105891835921E1,8.8E0));
#78=DIRECTION('',(0.E0,-1.E0,0.E0));
#79=DIRECTION('',(1.E0,0.E0,0.E0));
#80=AXIS2_PLACEMENT_3D('',#77,#78,#79);
#82=CARTESIAN_POINT('',(5.697769324404E0,2.105891835921E1,8.8E0));
#83=DIRECTION('',(0.E0,-1.E0,0.E0));
#84=DIRECTION('',(-1.E0,0.E0,0.E0));
#85=AXIS2_PLACEMENT_3D('',#82,#83,#84);
#87=CARTESIAN_POINT('',(2.069776932440E1,2.105891835921E1,8.8E0));
#88=DIRECTION('',(0.E0,-1.E0,0.E0));
#89=DIRECTION('',(1.E0,0.E0,0.E0));
#90=AXIS2_PLACEMENT_3D('',#87,#88,#89);
#92=CARTESIAN_POINT('',(2.069776932440E1,2.105891835921E1,8.8E0));
#93=DIRECTION('',(0.E0,-1.E0,0.E0));
#94=DIRECTION('',(-1.E0,0.E0,0.E0));
#95=AXIS2_PLACEMENT_3D('',#92,#93,#94);
#97=DIRECTION('',(0.E0,0.E0,1.E0));
#98=VECTOR('',#97,1.075E1);
#99=CARTESIAN_POINT('',(3.197769324404E0,2.105891835921E1,3.5E0));
#100=LINE('',#99,#98);
#101=DIRECTION('',(1.E0,0.E0,0.E0));
#102=VECTOR('',#101,2.E1);
#103=CARTESIAN_POINT('',(3.197769324404E0,2.105891835921E1,3.5E0));
#104=LINE('',#103,#102);
#105=DIRECTION('',(0.E0,0.E0,-1.E0));
#106=VECTOR('',#105,1.075E1);
#107=CARTESIAN_POINT('',(2.319776932440E1,2.105891835921E1,1.425E1));
#108=LINE('',#107,#106);
#109=DIRECTION('',(0.E0,1.E0,0.E0));
#110=VECTOR('',#109,6.E0);
#111=CARTESIAN_POINT('',(2.229776932440E1,1.505891835921E1,8.8E0));
#112=LINE('',#111,#110);
#113=DIRECTION('',(0.E0,1.E0,0.E0));
#114=VECTOR('',#113,6.E0);
#115=CARTESIAN_POINT('',(2.229776932440E1,-2.994108164079E1,8.8E0));
#116=LINE('',#115,#114);
#117=DIRECTION('',(0.E0,1.E0,0.E0));
#118=VECTOR('',#117,6.E0);
#119=CARTESIAN_POINT('',(1.909776932440E1,1.505891835921E1,8.8E0));
#120=LINE('',#119,#118);
#121=DIRECTION('',(0.E0,1.E0,0.E0));
#122=VECTOR('',#121,6.E0);
#123=CARTESIAN_POINT('',(1.909776932440E1,-2.994108164079E1,8.8E0));
#124=LINE('',#123,#122);
#125=CARTESIAN_POINT('',(5.697769324404E0,-2.994108164079E1,8.8E0));
#126=DIRECTION('',(0.E0,-1.E0,0.E0));
#127=DIRECTION('',(1.E0,0.E0,0.E0));
#128=AXIS2_PLACEMENT_3D('',#125,#126,#127);
#130=CARTESIAN_POINT('',(5.697769324404E0,-2.994108164079E1,8.8E0));
#131=DIRECTION('',(0.E0,-1.E0,0.E0));
#132=DIRECTION('',(-1.E0,0.E0,0.E0));
#133=AXIS2_PLACEMENT_3D('',#130,#131,#132);
#135=CARTESIAN_POINT('',(2.069776932440E1,-2.994108164079E1,8.8E0));
#136=DIRECTION('',(0.E0,-1.E0,0.E0));
#137=DIRECTION('',(1.E0,0.E0,0.E0));
#138=AXIS2_PLACEMENT_3D('',#135,#136,#137);
#140=CARTESIAN_POINT('',(2.069776932440E1,-2.994108164079E1,8.8E0));
#141=DIRECTION('',(0.E0,-1.E0,0.E0));
#142=DIRECTION('',(-1.E0,0.E0,0.E0));
#143=AXIS2_PLACEMENT_3D('',#140,#141,#142);
#145=DIRECTION('',(0.E0,0.E0,-1.E0));
#146=VECTOR('',#145,1.075E1);
#147=CARTESIAN_POINT('',(3.197769324404E0,-2.994108164079E1,1.425E1));
#148=LINE('',#147,#146);
#149=DIRECTION('',(0.E0,0.E0,-1.E0));
#150=VECTOR('',#149,1.075E1);
#151=CARTESIAN_POINT('',(2.319776932440E1,-2.994108164079E1,1.425E1));
#152=LINE('',#151,#150);
#153=DIRECTION('',(-1.E0,0.E0,0.E0));
#154=VECTOR('',#153,2.E1);
#155=CARTESIAN_POINT('',(2.319776932440E1,-2.994108164079E1,3.5E0));
#156=LINE('',#155,#154);
#157=CARTESIAN_POINT('',(3.197769324404E0,-2.494108164079E1,3.5E0));
#158=DIRECTION('',(0.E0,0.E0,-1.E0));
#159=DIRECTION('',(0.E0,-1.E0,0.E0));
#160=AXIS2_PLACEMENT_3D('',#157,#158,#159);
#162=DIRECTION('',(0.E0,0.E0,-1.E0));
#163=VECTOR('',#162,3.E0);
#164=CARTESIAN_POINT('',(-1.802230675596E0,-1.144108164079E1,1.425E1));
#165=LINE('',#164,#163);
#166=DIRECTION('',(0.E0,0.E0,-1.E0));
#167=VECTOR('',#166,1.075E1);
#168=CARTESIAN_POINT('',(-1.802230675596E0,-2.494108164079E1,1.425E1));
#169=LINE('',#168,#167);
#170=DIRECTION('',(0.E0,0.E0,-1.E0));
#171=VECTOR('',#170,4.25E0);
#172=CARTESIAN_POINT('',(-1.802230675596E0,-2.894108164079E1,3.5E0));
#173=LINE('',#172,#171);
#174=DIRECTION('',(0.E0,1.E0,0.E0));
#175=VECTOR('',#174,4.9E1);
#176=CARTESIAN_POINT('',(-1.802230675596E0,-2.894108164079E1,-7.5E-1));
#177=LINE('',#176,#175);
#178=DIRECTION('',(0.E0,0.E0,1.E0));
#179=VECTOR('',#178,4.25E0);
#180=CARTESIAN_POINT('',(-1.802230675596E0,2.005891835921E1,-7.5E-1));
#181=LINE('',#180,#179);
#182=DIRECTION('',(0.E0,0.E0,1.E0));
#183=VECTOR('',#182,1.075E1);
#184=CARTESIAN_POINT('',(-1.802230675596E0,1.605891835921E1,3.5E0));
#185=LINE('',#184,#183);
#186=DIRECTION('',(0.E0,0.E0,-1.E0));
#187=VECTOR('',#186,3.E0);
#188=CARTESIAN_POINT('',(-1.802230675596E0,2.558918359208E0,1.425E1));
#189=LINE('',#188,#187);
#190=DIRECTION('',(0.E0,1.E0,0.E0));
#191=VECTOR('',#190,1.4E1);
#192=CARTESIAN_POINT('',(-1.802230675596E0,-1.144108164079E1,1.125E1));
#193=LINE('',#192,#191);
#194=DIRECTION('',(0.E0,0.E0,-1.E0));
#195=VECTOR('',#194,3.E0);
#196=CARTESIAN_POINT('',(-3.022306755956E-1,-1.144108164079E1,1.425E1));
#197=LINE('',#196,#195);
#198=DIRECTION('',(0.E0,1.E0,0.E0));
#199=VECTOR('',#198,1.4E1);
#200=CARTESIAN_POINT('',(-3.022306755956E-1,-1.144108164079E1,1.125E1));
#201=LINE('',#200,#199);
#202=DIRECTION('',(0.E0,0.E0,-1.E0));
#203=VECTOR('',#202,3.E0);
#204=CARTESIAN_POINT('',(-3.022306755956E-1,2.558918359208E0,1.425E1));
#205=LINE('',#204,#203);
#206=DIRECTION('',(0.E0,1.E0,0.E0));
#207=VECTOR('',#206,7.791525970888E0);
#208=CARTESIAN_POINT('',(-3.022306755956E-1,7.267392388320E0,7.5E-1));
#209=LINE('',#208,#207);
#210=CARTESIAN_POINT('',(-3.022306755956E-1,-6.241081640792E0,-1.0825E2));
#211=DIRECTION('',(-1.E0,0.E0,0.E0));
#212=DIRECTION('',(0.E0,1.041428792584E-1,9.945623463111E-1));
#213=AXIS2_PLACEMENT_3D('',#210,#211,#212);
#215=DIRECTION('',(0.E0,1.E0,0.E0));
#216=VECTOR('',#215,3.000685871056E0);
#217=CARTESIAN_POINT('',(-3.022306755956E-1,2.266020646208E0,7.5E-1));
#218=LINE('',#217,#216);
#219=CARTESIAN_POINT('',(-3.022306755956E-1,-6.241081640792E0,-1.0825E2));
#220=DIRECTION('',(-1.E0,0.E0,0.E0));
#221=DIRECTION('',(0.E0,4.982871927977E-2,9.987577778095E-1));
#222=AXIS2_PLACEMENT_3D('',#219,#220,#221);
#224=DIRECTION('',(0.E0,1.E0,0.E0));
#225=VECTOR('',#224,4.001028806584E0);
#226=CARTESIAN_POINT('',(-3.022306755956E-1,-4.736036966961E0,7.5E-1));
#227=LINE('',#226,#225);
#228=CARTESIAN_POINT('',(-3.022306755956E-1,-6.241081640792E0,-1.0825E2));
#229=DIRECTION('',(-1.E0,0.E0,0.E0));
#230=DIRECTION('',(0.E0,-1.353831794347E-2,9.999083527740E-1));
#231=AXIS2_PLACEMENT_3D('',#228,#229,#230);
#233=DIRECTION('',(0.E0,1.E0,0.E0));
#234=VECTOR('',#233,4.001028806584E0);
#235=CARTESIAN_POINT('',(-3.022306755956E-1,-1.173809458013E1,7.5E-1));
#236=LINE('',#235,#234);
#237=DIRECTION('',(0.E0,0.E0,-1.E0));
#238=VECTOR('',#237,1.363186111786E0);
#239=CARTESIAN_POINT('',(-3.022306755956E-1,-1.173809458013E1,
2.113186111786E0));
#240=LINE('',#239,#238);
#241=CARTESIAN_POINT('',(-3.022306755956E-1,-6.241081640792E0,-1.0825E2));
#242=DIRECTION('',(-1.E0,0.E0,0.E0));
#243=DIRECTION('',(0.E0,-7.690535516672E-2,9.970383976290E-1));
#244=AXIS2_PLACEMENT_3D('',#241,#242,#243);
#246=DIRECTION('',(0.E0,0.E0,1.E0));
#247=VECTOR('',#246,1.172742938009E0);
#248=CARTESIAN_POINT('',(-3.022306755956E-1,-1.473912338671E1,7.5E-1));
#249=LINE('',#248,#247);
#250=DIRECTION('',(0.E0,1.E0,0.E0));
#251=VECTOR('',#250,3.001028806584E0);
#252=CARTESIAN_POINT('',(-3.022306755956E-1,-1.774015219330E1,7.5E-1));
#253=LINE('',#252,#251);
#254=DIRECTION('',(0.E0,0.E0,-1.E0));
#255=VECTOR('',#254,9.000517580791E-1);
#256=CARTESIAN_POINT('',(-3.022306755956E-1,-1.774015219330E1,
1.650051758079E0));
#257=LINE('',#256,#255);
#258=CARTESIAN_POINT('',(-3.022306755956E-1,-6.241081640792E0,-1.0825E2));
#259=DIRECTION('',(-1.E0,0.E0,0.E0));
#260=DIRECTION('',(0.E0,-1.312226186343E-1,9.913529262370E-1));
#261=AXIS2_PLACEMENT_3D('',#258,#259,#260);
#263=DIRECTION('',(0.E0,0.E0,1.E0));
#264=VECTOR('',#263,5.444983491936E-1);
#265=CARTESIAN_POINT('',(-3.022306755956E-1,-2.074118099988E1,7.5E-1));
#266=LINE('',#265,#264);
#267=DIRECTION('',(0.E0,1.E0,0.E0));
#268=VECTOR('',#267,3.199900640909E0);
#269=CARTESIAN_POINT('',(-3.022306755956E-1,-2.394108164079E1,7.5E-1));
#270=LINE('',#269,#268);
#271=DIRECTION('',(-1.E0,0.E0,0.E0));
#272=VECTOR('',#271,1.5E0);
#273=CARTESIAN_POINT('',(-3.022306755956E-1,-1.144108164079E1,1.125E1));
#274=LINE('',#273,#272);
#275=DIRECTION('',(-1.E0,0.E0,0.E0));
#276=VECTOR('',#275,1.5E0);
#277=CARTESIAN_POINT('',(2.819776932440E1,-1.144108164079E1,1.125E1));
#278=LINE('',#277,#276);
#279=DIRECTION('',(-1.E0,0.E0,0.E0));
#280=VECTOR('',#279,1.5E0);
#281=CARTESIAN_POINT('',(-3.022306755956E-1,2.558918359208E0,1.125E1));
#282=LINE('',#281,#280);
#283=DIRECTION('',(-1.E0,0.E0,0.E0));
#284=VECTOR('',#283,1.5E0);
#285=CARTESIAN_POINT('',(2.819776932440E1,2.558918359208E0,1.125E1));
#286=LINE('',#285,#284);
#287=CARTESIAN_POINT('',(1.319776932440E1,1.815891835921E1,1.425E1));
#288=DIRECTION('',(0.E0,0.E0,-1.E0));
#289=DIRECTION('',(1.E0,0.E0,0.E0));
#290=AXIS2_PLACEMENT_3D('',#287,#288,#289);
#292=CARTESIAN_POINT('',(1.319776932440E1,1.815891835921E1,1.425E1));
#293=DIRECTION('',(0.E0,0.E0,-1.E0));
#294=DIRECTION('',(-1.E0,0.E0,0.E0));
#295=AXIS2_PLACEMENT_3D('',#292,#293,#294);
#297=CARTESIAN_POINT('',(1.319776932440E1,-2.704108164079E1,1.425E1));
#298=DIRECTION('',(0.E0,0.E0,-1.E0));
#299=DIRECTION('',(1.E0,0.E0,0.E0));
#300=AXIS2_PLACEMENT_3D('',#297,#298,#299);
#302=CARTESIAN_POINT('',(1.319776932440E1,-2.704108164079E1,1.425E1));
#303=DIRECTION('',(0.E0,0.E0,-1.E0));
#304=DIRECTION('',(-1.E0,0.E0,0.E0));
#305=AXIS2_PLACEMENT_3D('',#302,#303,#304);
#307=DIRECTION('',(1.E0,0.E0,0.E0));
#308=VECTOR('',#307,1.5E0);
#309=CARTESIAN_POINT('',(-1.802230675596E0,-1.144108164079E1,1.425E1));
#310=LINE('',#309,#308);
#311=DIRECTION('',(0.E0,1.E0,0.E0));
#312=VECTOR('',#311,1.25E1);
#313=CARTESIAN_POINT('',(-3.022306755956E-1,-2.394108164079E1,1.425E1));
#314=LINE('',#313,#312);
#315=DIRECTION('',(-1.E0,0.E0,0.E0));
#316=VECTOR('',#315,2.7E1);
#317=CARTESIAN_POINT('',(2.669776932440E1,-2.394108164079E1,1.425E1));
#318=LINE('',#317,#316);
#319=DIRECTION('',(0.E0,-1.E0,0.E0));
#320=VECTOR('',#319,1.25E1);
#321=CARTESIAN_POINT('',(2.669776932440E1,-1.144108164079E1,1.425E1));
#322=LINE('',#321,#320);
#323=DIRECTION('',(1.E0,0.E0,0.E0));
#324=VECTOR('',#323,1.5E0);
#325=CARTESIAN_POINT('',(2.669776932440E1,-1.144108164079E1,1.425E1));
#326=LINE('',#325,#324);
#327=DIRECTION('',(0.E0,1.E0,0.E0));
#328=VECTOR('',#327,1.35E1);
#329=CARTESIAN_POINT('',(2.819776932440E1,-2.494108164079E1,1.425E1));
#330=LINE('',#329,#328);
#331=CARTESIAN_POINT('',(2.319776932440E1,-2.494108164079E1,1.425E1));
#332=DIRECTION('',(0.E0,0.E0,1.E0));
#333=DIRECTION('',(0.E0,-1.E0,0.E0));
#334=AXIS2_PLACEMENT_3D('',#331,#332,#333);
#336=DIRECTION('',(1.E0,0.E0,0.E0));
#337=VECTOR('',#336,2.E1);
#338=CARTESIAN_POINT('',(3.197769324404E0,-2.994108164079E1,1.425E1));
#339=LINE('',#338,#337);
#340=CARTESIAN_POINT('',(3.197769324404E0,-2.494108164079E1,1.425E1));
#341=DIRECTION('',(0.E0,0.E0,1.E0));
#342=DIRECTION('',(-1.E0,0.E0,0.E0));
#343=AXIS2_PLACEMENT_3D('',#340,#341,#342);
#345=DIRECTION('',(0.E0,-1.E0,0.E0));
#346=VECTOR('',#345,1.35E1);
#347=CARTESIAN_POINT('',(-1.802230675596E0,-1.144108164079E1,1.425E1));
#348=LINE('',#347,#346);
#349=DIRECTION('',(1.E0,0.E0,0.E0));
#350=VECTOR('',#349,1.5E0);
#351=CARTESIAN_POINT('',(-1.802230675596E0,2.558918359208E0,1.425E1));
#352=LINE('',#351,#350);
#353=DIRECTION('',(0.E0,-1.E0,0.E0));
#354=VECTOR('',#353,1.35E1);
#355=CARTESIAN_POINT('',(-1.802230675596E0,1.605891835921E1,1.425E1));
#356=LINE('',#355,#354);
#357=CARTESIAN_POINT('',(3.197769324404E0,1.605891835921E1,1.425E1));
#358=DIRECTION('',(0.E0,0.E0,1.E0));
#359=DIRECTION('',(0.E0,1.E0,0.E0));
#360=AXIS2_PLACEMENT_3D('',#357,#358,#359);
#362=DIRECTION('',(-1.E0,0.E0,0.E0));
#363=VECTOR('',#362,2.E1);
#364=CARTESIAN_POINT('',(2.319776932440E1,2.105891835921E1,1.425E1));
#365=LINE('',#364,#363);
#366=CARTESIAN_POINT('',(2.319776932440E1,1.605891835921E1,1.425E1));
#367=DIRECTION('',(0.E0,0.E0,1.E0));
#368=DIRECTION('',(1.E0,0.E0,0.E0));
#369=AXIS2_PLACEMENT_3D('',#366,#367,#368);
#371=DIRECTION('',(0.E0,1.E0,0.E0));
#372=VECTOR('',#371,1.35E1);
#373=CARTESIAN_POINT('',(2.819776932440E1,2.558918359208E0,1.425E1));
#374=LINE('',#373,#372);
#375=DIRECTION('',(1.E0,0.E0,0.E0));
#376=VECTOR('',#375,1.5E0);
#377=CARTESIAN_POINT('',(2.669776932440E1,2.558918359208E0,1.425E1));
#378=LINE('',#377,#376);
#379=DIRECTION('',(0.E0,-1.E0,0.E0));
#380=VECTOR('',#379,1.25E1);
#381=CARTESIAN_POINT('',(2.669776932440E1,1.505891835921E1,1.425E1));
#382=LINE('',#381,#380);
#383=DIRECTION('',(1.E0,0.E0,0.E0));
#384=VECTOR('',#383,2.7E1);
#385=CARTESIAN_POINT('',(-3.022306755956E-1,1.505891835921E1,1.425E1));
#386=LINE('',#385,#384);
#387=DIRECTION('',(0.E0,1.E0,0.E0));
#388=VECTOR('',#387,1.25E1);
#389=CARTESIAN_POINT('',(-3.022306755956E-1,2.558918359208E0,1.425E1));
#390=LINE('',#389,#388);
#391=DIRECTION('',(0.E0,0.E0,1.E0));
#392=VECTOR('',#391,9.4E0);
#393=CARTESIAN_POINT('',(1.159776932440E1,1.815891835921E1,4.85E0));
#394=LINE('',#393,#392);
#395=DIRECTION('',(0.E0,0.E0,-1.E0));
#396=VECTOR('',#395,9.4E0);
#397=CARTESIAN_POINT('',(1.479776932440E1,1.815891835921E1,1.425E1));
#398=LINE('',#397,#396);
#399=CARTESIAN_POINT('',(1.319776932440E1,1.815891835921E1,4.85E0));
#400=DIRECTION('',(0.E0,0.E0,1.E0));
#401=DIRECTION('',(-1.E0,0.E0,0.E0));
#402=AXIS2_PLACEMENT_3D('',#399,#400,#401);
#404=CARTESIAN_POINT('',(1.319776932440E1,1.815891835921E1,4.85E0));
#405=DIRECTION('',(0.E0,0.E0,1.E0));
#406=DIRECTION('',(1.E0,0.E0,0.E0));
#407=AXIS2_PLACEMENT_3D('',#404,#405,#406);
#409=DIRECTION('',(0.E0,0.E0,1.E0));
#410=VECTOR('',#409,9.4E0);
#411=CARTESIAN_POINT('',(1.159776932440E1,-2.704108164079E1,4.85E0));
#412=LINE('',#411,#410);
#413=DIRECTION('',(0.E0,0.E0,-1.E0));
#414=VECTOR('',#413,9.4E0);
#415=CARTESIAN_POINT('',(1.479776932440E1,-2.704108164079E1,1.425E1));
#416=LINE('',#415,#414);
#417=CARTESIAN_POINT('',(1.319776932440E1,-2.704108164079E1,4.85E0));
#418=DIRECTION('',(0.E0,0.E0,1.E0));
#419=DIRECTION('',(-1.E0,0.E0,0.E0));
#420=AXIS2_PLACEMENT_3D('',#417,#418,#419);
#422=CARTESIAN_POINT('',(1.319776932440E1,-2.704108164079E1,4.85E0));
#423=DIRECTION('',(0.E0,0.E0,1.E0));
#424=DIRECTION('',(1.E0,0.E0,0.E0));
#425=AXIS2_PLACEMENT_3D('',#422,#423,#424);
#427=DIRECTION('',(0.E0,0.E0,-1.E0));
#428=VECTOR('',#427,3.E0);
#429=CARTESIAN_POINT('',(2.669776932440E1,-1.144108164079E1,1.425E1));
#430=LINE('',#429,#428);
#431=CARTESIAN_POINT('',(2.669776932440E1,-6.241081640792E0,-1.0825E2));
#432=DIRECTION('',(-1.E0,0.E0,0.E0));
#433=DIRECTION('',(0.E0,-1.357475055121E-1,9.907434656596E-1));
#434=AXIS2_PLACEMENT_3D('',#431,#432,#433);
#436=CARTESIAN_POINT('',(2.669776932440E1,-6.241081640792E0,-1.0825E2));
#437=DIRECTION('',(-1.E0,0.E0,0.E0));
#438=DIRECTION('',(0.E0,-8.143024204455E-2,9.966790434641E-1));
#439=AXIS2_PLACEMENT_3D('',#436,#437,#438);
#441=CARTESIAN_POINT('',(2.669776932440E1,-6.241081640792E0,-1.0825E2));
#442=DIRECTION('',(-1.E0,0.E0,0.E0));
#443=DIRECTION('',(0.E0,-1.806320482130E-2,9.998368470063E-1));
#444=AXIS2_PLACEMENT_3D('',#441,#442,#443);
#446=CARTESIAN_POINT('',(2.669776932440E1,-6.241081640792E0,-1.0825E2));
#447=DIRECTION('',(-1.E0,0.E0,0.E0));
#448=DIRECTION('',(0.E0,4.530383240195E-2,9.989732542815E-1));
#449=AXIS2_PLACEMENT_3D('',#446,#447,#448);
#451=CARTESIAN_POINT('',(2.669776932440E1,-6.241081640792E0,-1.0825E2));
#452=DIRECTION('',(-1.E0,0.E0,0.E0));
#453=DIRECTION('',(0.E0,9.961799238059E-2,9.950257562466E-1));
#454=AXIS2_PLACEMENT_3D('',#451,#452,#453);
#456=DIRECTION('',(0.E0,0.E0,1.E0));
#457=VECTOR('',#456,1.35E1);
#458=CARTESIAN_POINT('',(2.669776932440E1,1.505891835921E1,7.5E-1));
#459=LINE('',#458,#457);
#460=DIRECTION('',(0.E0,0.E0,-1.E0));
#461=VECTOR('',#460,3.E0);
#462=CARTESIAN_POINT('',(2.669776932440E1,2.558918359208E0,1.425E1));
#463=LINE('',#462,#461);
#464=DIRECTION('',(0.E0,1.E0,0.E0));
#465=VECTOR('',#464,1.4E1);
#466=CARTESIAN_POINT('',(2.669776932440E1,-1.144108164079E1,1.125E1));
#467=LINE('',#466,#465);
#468=DIRECTION('',(-9.998285763251E-1,1.851534400602E-2,1.770063414397E-13));
#469=VECTOR('',#468,1.906755411930E-1);
#470=CARTESIAN_POINT('',(-1.115878207046E-1,-2.074471142312E1,7.5E-1));
#471=LINE('',#470,#469);
#472=CARTESIAN_POINT('',(-9.307247669854E-2,-1.974488284680E1,
7.499999999999E-1));
#473=DIRECTION('',(0.E0,0.E0,-1.E0));
#474=DIRECTION('',(7.071067811865E-1,-7.071067811866E-1,0.E0));
#475=AXIS2_PLACEMENT_3D('',#472,#473,#474);
#477=CARTESIAN_POINT('',(-9.307247669854E-2,-1.974488284680E1,
7.499999999999E-1));
#478=DIRECTION('',(0.E0,0.E0,-1.E0));
#479=DIRECTION('',(9.998285763251E-1,1.851534400602E-2,0.E0));
#480=AXIS2_PLACEMENT_3D('',#477,#478,#479);
#482=DIRECTION('',(-1.851534400602E-2,9.998285763251E-1,-1.845660313271E-14));
#483=VECTOR('',#482,1.215093857530E0);
#484=CARTESIAN_POINT('',(9.292539803984E-1,-2.094125306447E1,7.5E-1));
#485=LINE('',#484,#483);
#486=CARTESIAN_POINT('',(1.934577018234E0,-2.210297844557E1,7.5E-1));
#487=CARTESIAN_POINT('',(1.428642969195E0,-2.202370612049E1,7.5E-1));
#488=CARTESIAN_POINT('',(9.387358137674E-1,-2.145327206640E1,7.5E-1));
#489=CARTESIAN_POINT('',(9.292539803984E-1,-2.094125306447E1,7.5E-1));
#491=CARTESIAN_POINT('',(1.269776932440E1,4.659016835921E1,7.5E-1));
#492=DIRECTION('',(0.E0,0.E0,-1.E0));
#493=DIRECTION('',(1.797752808997E-3,-9.999983840411E-1,0.E0));
#494=AXIS2_PLACEMENT_3D('',#491,#492,#493);
#496=CARTESIAN_POINT('',(1.294776932440E1,4.659016835921E1,7.5E-1));
#497=DIRECTION('',(0.E0,0.E0,-1.E0));
#498=DIRECTION('',(1.797752808875E-3,-9.999983840411E-1,0.E0));
#499=AXIS2_PLACEMENT_3D('',#496,#497,#498);
#501=CARTESIAN_POINT('',(1.319776932440E1,4.659016835921E1,7.5E-1));
#502=DIRECTION('',(0.E0,0.E0,-1.E0));
#503=DIRECTION('',(1.797752809018E-3,-9.999983840411E-1,0.E0));
#504=AXIS2_PLACEMENT_3D('',#501,#502,#503);
#506=CARTESIAN_POINT('',(1.344776932440E1,4.659016835921E1,7.5E-1));
#507=DIRECTION('',(0.E0,0.E0,-1.E0));
#508=DIRECTION('',(1.797752809120E-3,-9.999983840411E-1,0.E0));
#509=AXIS2_PLACEMENT_3D('',#506,#507,#508);
#511=CARTESIAN_POINT('',(1.369776932440E1,4.659016835921E1,7.5E-1));
#512=DIRECTION('',(0.E0,0.E0,-1.E0));
#513=DIRECTION('',(1.547964736168E-1,-9.879463810126E-1,0.E0));
#514=AXIS2_PLACEMENT_3D('',#511,#512,#513);
#516=CARTESIAN_POINT('',(2.541805969119E1,-2.121748267334E1,7.5E-1));
#517=CARTESIAN_POINT('',(2.528165960461E1,-2.164100855899E1,7.5E-1));
#518=CARTESIAN_POINT('',(2.487672212148E1,-2.203783497311E1,7.5E-1));
#519=CARTESIAN_POINT('',(2.446096163057E1,-2.210297844557E1,7.5E-1));
#521=CARTESIAN_POINT('',(2.546628466841E1,-2.094125306447E1,7.5E-1));
#522=CARTESIAN_POINT('',(2.546459470377E1,-2.103251115496E1,7.5E-1));
#523=CARTESIAN_POINT('',(2.544764326492E1,-2.112562489247E1,7.5E-1));
#524=CARTESIAN_POINT('',(2.541805969119E1,-2.121748267334E1,7.5E-1));
#526=DIRECTION('',(-1.851534400601E-2,-9.998285763251E-1,4.591856101263E-14));
#527=VECTOR('',#526,7.229248413765E-1);
#528=CARTESIAN_POINT('',(2.547966987054E1,-2.021845214952E1,7.5E-1));
#529=LINE('',#528,#527);
#530=CARTESIAN_POINT('',(2.647949844686E1,-2.023696749353E1,7.499999999999E-1));
#531=DIRECTION('',(0.E0,0.E0,-1.E0));
#532=DIRECTION('',(-1.851534400591E-2,-9.998285763251E-1,0.E0));
#533=AXIS2_PLACEMENT_3D('',#530,#531,#532);
#535=DIRECTION('',(0.E0,1.E0,0.E0));
#536=VECTOR('',#535,2.699900640909E0);
#537=CARTESIAN_POINT('',(2.669776932440E1,-2.394108164079E1,7.5E-1));
#538=LINE('',#537,#536);
#539=CARTESIAN_POINT('',(-3.022306755955E-1,-2.074118099988E1,
1.294498349194E0));
#540=CARTESIAN_POINT('',(-2.386830572512E-1,-2.074235780763E1,
1.294342578438E0));
#541=CARTESIAN_POINT('',(-1.751354389541E-1,-2.074353461538E1,
1.294186788387E0));
#542=CARTESIAN_POINT('',(-1.115878207044E-1,-2.074471142312E1,
1.294030979041E0));
#544=CARTESIAN_POINT('',(5.733833206286E-1,2.757625631007E-1,2.057664020331E0));
#545=CARTESIAN_POINT('',(5.747777612809E-1,2.004627678760E-1,2.062112641725E0));
#546=CARTESIAN_POINT('',(5.602334922054E-1,5.663659208499E-2,2.070451786059E0));
#547=CARTESIAN_POINT('',(5.028399780815E-1,-1.270677582966E-1,
2.080768303051E0));
#548=CARTESIAN_POINT('',(4.195991789252E-1,-2.850156342399E-1,
2.089395977880E0));
#549=CARTESIAN_POINT('',(3.163532029103E-1,-4.195907711214E-1,
2.096570532648E0));
#550=CARTESIAN_POINT('',(1.865695151713E-1,-5.394768059916E-1,
2.102823596957E0));
#551=CARTESIAN_POINT('',(3.650832057750E-2,-6.351113957544E-1,
2.107715193047E0));
#552=CARTESIAN_POINT('',(-1.293905678202E-1,-7.031314524965E-1,
2.111143501960E0));
#553=CARTESIAN_POINT('',(-2.443682503669E-1,-7.277647057158E-1,
2.112373066964E0));
#554=CARTESIAN_POINT('',(-3.022306755956E-1,-7.350081603769E-1,
2.112734447948E0));
#556=DIRECTION('',(0.E0,0.E0,1.E0));
#557=VECTOR('',#556,1.307664020331E0);
#558=CARTESIAN_POINT('',(5.733833206286E-1,2.757625631007E-1,7.5E-1));
#559=LINE('',#558,#557);
#560=DIRECTION('',(0.E0,0.E0,-1.E0));
#561=VECTOR('',#560,1.362734447948E0);
#562=CARTESIAN_POINT('',(-3.022306755956E-1,-7.350081603769E-1,
2.112734447948E0));
#563=LINE('',#562,#561);
#564=CARTESIAN_POINT('',(5.545117801540E-1,1.294825748729E0,1.992732639465E0));
#565=CARTESIAN_POINT('',(5.608004423122E-1,9.552379921894E-1,2.015945978092E0));
#566=CARTESIAN_POINT('',(5.670909558041E-1,6.155502636264E-1,2.037589771398E0));
#567=CARTESIAN_POINT('',(5.733833206286E-1,2.757625631007E-1,2.057664020331E0));
#569=DIRECTION('',(0.E0,0.E0,1.E0));
#570=VECTOR('',#569,1.5E0);
#571=CARTESIAN_POINT('',(5.197852275840E-1,3.170059587511E0,-7.5E-1));
#572=LINE('',#571,#570);
#573=DIRECTION('',(0.E0,0.E0,-1.E0));
#574=VECTOR('',#573,1.5E0);
#575=CARTESIAN_POINT('',(5.594321138770E-1,1.029127727689E0,7.5E-1));
#576=LINE('',#575,#574);
#577=CARTESIAN_POINT('',(-3.022306755956E-1,2.266020646208E0,1.922043689307E0));
#578=CARTESIAN_POINT('',(-2.466106322742E-1,2.257979447995E0,1.922664602684E0));
#579=CARTESIAN_POINT('',(-1.362547117278E-1,2.232489829630E0,1.924631774893E0));
#580=CARTESIAN_POINT('',(2.281296005120E-2,2.165527327922E0,1.929766880186E0));
#581=CARTESIAN_POINT('',(1.670006763697E-1,2.073077851977E0,1.936788831206E0));
#582=CARTESIAN_POINT('',(2.922962176920E-1,1.958267323665E0,1.945397437647E0));
#583=CARTESIAN_POINT('',(3.930712142795E-1,1.829681971340E0,1.954896363169E0));
#584=CARTESIAN_POINT('',(4.756090227569E-1,1.679191803831E0,1.965824674646E0));
#585=CARTESIAN_POINT('',(5.349031370182E-1,1.504020866298E0,1.978288219746E0));
#586=CARTESIAN_POINT('',(5.531777786018E-1,1.366861832547E0,1.987808439535E0));
#587=CARTESIAN_POINT('',(5.545117801540E-1,1.294825748729E0,1.992732639465E0));
#589=DIRECTION('',(0.E0,0.E0,1.E0));
#590=VECTOR('',#589,1.172043689307E0);
#591=CARTESIAN_POINT('',(-3.022306755956E-1,2.266020646208E0,7.5E-1));
#592=LINE('',#591,#590);
#593=DIRECTION('',(0.E0,0.E0,-1.E0));
#594=VECTOR('',#593,1.242732639465E0);
#595=CARTESIAN_POINT('',(5.545117801540E-1,1.294825748729E0,1.992732639465E0));
#596=LINE('',#595,#594);
#597=DIRECTION('',(-1.851534400602E-2,9.998285763251E-1,0.E0));
#598=VECTOR('',#597,1.875555353373E0);
#599=CARTESIAN_POINT('',(5.545117801540E-1,1.294825748729E0,7.5E-1));
#600=LINE('',#599,#598);
#601=CARTESIAN_POINT('',(-4.453167961711E-1,1.276310404723E0,7.5E-1));
#602=DIRECTION('',(0.E0,0.E0,-1.E0));
#603=DIRECTION('',(1.430861205755E-1,9.897102414842E-1,0.E0));
#604=AXIS2_PLACEMENT_3D('',#601,#602,#603);
#606=CARTESIAN_POINT('',(-5.187736332668E-1,6.242979607891E0,7.5E-1));
#607=DIRECTION('',(0.E0,0.E0,-1.E0));
#608=DIRECTION('',(9.998285763251E-1,1.851534400602E-2,0.E0));
#609=AXIS2_PLACEMENT_3D('',#606,#607,#608);
#611=DIRECTION('',(1.817197315637E-2,-9.998348760628E-1,0.E0));
#612=VECTOR('',#611,4.662408159262E0);
#613=CARTESIAN_POINT('',(4.519768367044E-1,7.831712695007E0,-7.5E-1));
#614=LINE('',#613,#612);
#615=DIRECTION('',(0.E0,0.E0,-1.E0));
#616=VECTOR('',#615,1.5E0);
#617=CARTESIAN_POINT('',(5.367019926186E-1,3.170074410937E0,7.5E-1));
#618=LINE('',#617,#616);
#619=DIRECTION('',(-1.799756316289E-2,9.998380307431E-1,0.E0));
#620=VECTOR('',#619,3.091921337162E0);
#621=CARTESIAN_POINT('',(5.367019926186E-1,3.170074410937E0,7.5E-1));
#622=LINE('',#621,#620);
#623=CARTESIAN_POINT('',(4.801597824617E-1,6.309833624113E0,1.534901175039E0));
#624=CARTESIAN_POINT('',(4.804581618347E-1,6.293721137971E0,1.536743199271E0));
#625=CARTESIAN_POINT('',(4.807565487003E-1,6.277608247232E0,1.538581676296E0));
#626=CARTESIAN_POINT('',(4.810549430583E-1,6.261494951897E0,1.540416606113E0));
#628=DIRECTION('',(1.851534400602E-2,-9.998285763251E-1,0.E0));
#629=VECTOR('',#628,2.141298929154E0);
#630=CARTESIAN_POINT('',(5.197852275840E-1,3.170059587511E0,-7.5E-1));
#631=LINE('',#630,#629);
#632=CARTESIAN_POINT('',(-2.022306755956E-1,8.292102835535E0,-7.5E-1));
#633=CARTESIAN_POINT('',(-2.022306755956E-1,8.025447304383E0,-7.5E-1));
#634=CARTESIAN_POINT('',(4.470396178141E-1,8.098322515088E0,-7.5E-1));
#635=CARTESIAN_POINT('',(4.519768367044E-1,7.831712695007E0,-7.5E-1));
#637=CARTESIAN_POINT('',(7.867255494374E-1,1.320712627049E1,-7.5E-1));
#638=CARTESIAN_POINT('',(2.867348361605E-1,1.313524720361E1,-7.5E-1));
#639=CARTESIAN_POINT('',(-2.022306755955E-1,1.256404934580E1,-7.5E-1));
#640=CARTESIAN_POINT('',(-2.022306755955E-1,1.205891835921E1,-7.5E-1));
#642=CARTESIAN_POINT('',(1.269776932440E1,-6.964608164079E1,-7.5E-1));
#643=DIRECTION('',(0.E0,0.E0,1.E0));
#644=DIRECTION('',(1.493339704787E-3,9.999988849676E-1,0.E0));
#645=AXIS2_PLACEMENT_3D('',#642,#643,#644);
#647=CARTESIAN_POINT('',(1.369776932440E1,-6.964608164079E1,-7.5E-1));
#648=DIRECTION('',(0.E0,0.E0,1.E0));
#649=DIRECTION('',(1.422978767692E-1,9.898238804287E-1,0.E0));
#650=AXIS2_PLACEMENT_3D('',#647,#648,#649);
#652=CARTESIAN_POINT('',(2.659776932440E1,1.205891835921E1,-7.5E-1));
#653=CARTESIAN_POINT('',(2.659776932440E1,1.256404934580E1,-7.5E-1));
#654=CARTESIAN_POINT('',(2.610880381265E1,1.313524720361E1,-7.5E-1));
#655=CARTESIAN_POINT('',(2.560881309937E1,1.320712627049E1,-7.5E-1));
#657=CARTESIAN_POINT('',(2.594356181210E1,7.831712695007E0,-7.5E-1));
#658=CARTESIAN_POINT('',(2.594849903099E1,8.098322515088E0,-7.5E-1));
#659=CARTESIAN_POINT('',(2.659776932440E1,8.025447304383E0,-7.5E-1));
#660=CARTESIAN_POINT('',(2.659776932440E1,8.292102835535E0,-7.5E-1));
#662=DIRECTION('',(1.910583327356E-2,9.998174669083E-1,0.E0));
#663=VECTOR('',#662,3.778096531921E0);
#664=CARTESIAN_POINT('',(2.580356973879E1,-6.073473167688E-1,-7.5E-1));
#665=LINE('',#664,#663);
#666=DIRECTION('',(1.938591995371E-2,9.998120753959E-1,0.E0));
#667=VECTOR('',#666,2.562579029418E0);
#668=CARTESIAN_POINT('',(2.575389178686E1,-3.169444774537E0,-7.5E-1));
#669=LINE('',#668,#667);
#670=DIRECTION('',(1.851534400602E-2,9.998285763251E-1,0.E0));
#671=VECTOR('',#670,1.066785265450E1);
#672=CARTESIAN_POINT('',(2.546628466841E1,-2.094125306447E1,-7.5E-1));
#673=LINE('',#672,#671);
#674=CARTESIAN_POINT('',(2.446096163057E1,-2.210297844557E1,-7.5E-1));
#675=CARTESIAN_POINT('',(2.496689567961E1,-2.202370612049E1,-7.5E-1));
#676=CARTESIAN_POINT('',(2.545680283504E1,-2.145327206640E1,-7.5E-1));
#677=CARTESIAN_POINT('',(2.546628466841E1,-2.094125306447E1,-7.5E-1));
#679=CARTESIAN_POINT('',(1.369776932440E1,4.659016835921E1,-7.5E-1));
#680=DIRECTION('',(0.E0,0.E0,1.E0));
#681=DIRECTION('',(-1.797752808866E-3,-9.999983840411E-1,0.E0));
#682=AXIS2_PLACEMENT_3D('',#679,#680,#681);
#684=CARTESIAN_POINT('',(1.269776932440E1,4.659016835921E1,-7.5E-1));
#685=DIRECTION('',(0.E0,0.E0,1.E0));
#686=DIRECTION('',(-1.547964736168E-1,-9.879463810125E-1,0.E0));
#687=AXIS2_PLACEMENT_3D('',#684,#685,#686);
#689=CARTESIAN_POINT('',(9.292539803984E-1,-2.094125306447E1,-7.5E-1));
#690=CARTESIAN_POINT('',(9.387358137674E-1,-2.145327206640E1,-7.5E-1));
#691=CARTESIAN_POINT('',(1.428642969195E0,-2.202370612049E1,-7.5E-1));
#692=CARTESIAN_POINT('',(1.934577018234E0,-2.210297844557E1,-7.5E-1));
#694=DIRECTION('',(1.851534400602E-2,-9.998285763251E-1,0.E0));
#695=VECTOR('',#694,1.066785265450E1);
#696=CARTESIAN_POINT('',(7.317350186948E-1,-1.027522913247E1,-7.5E-1));
#697=LINE('',#696,#695);
#698=DIRECTION('',(1.851534400602E-2,-9.998285763251E-1,0.E0));
#699=VECTOR('',#698,2.140684010769E0);
#700=CARTESIAN_POINT('',(6.020113610861E-1,-1.029127727689E0,-7.5E-1));
#701=LINE('',#700,#699);
#702=DIRECTION('',(-1.E0,0.E0,0.E0));
#703=VECTOR('',#702,6.823531707443E-3);
#704=CARTESIAN_POINT('',(6.088348927935E-1,-1.029127727689E0,-7.5E-1));
#705=LINE('',#704,#703);
#706=DIRECTION('',(0.E0,-1.E0,0.E0));
#707=VECTOR('',#706,2.058255455377E0);
#708=CARTESIAN_POINT('',(6.088348927935E-1,1.029127727689E0,-7.5E-1));
#709=LINE('',#708,#707);
#710=CARTESIAN_POINT('',(1.197769324404E0,2.005891835921E1,-7.5E-1));
#711=DIRECTION('',(0.E0,0.E0,-1.E0));
#712=DIRECTION('',(-1.E0,0.E0,0.E0));
#713=AXIS2_PLACEMENT_3D('',#710,#711,#712);
#715=CARTESIAN_POINT('',(1.197769324404E0,-2.894108164079E1,-7.5E-1));
#716=DIRECTION('',(0.E0,0.E0,-1.E0));
#717=DIRECTION('',(0.E0,-1.E0,0.E0));
#718=AXIS2_PLACEMENT_3D('',#715,#716,#717);
#720=CARTESIAN_POINT('',(2.519776932440E1,-2.894108164079E1,-7.5E-1));
#721=DIRECTION('',(0.E0,0.E0,-1.E0));
#722=DIRECTION('',(1.E0,0.E0,0.E0));
#723=AXIS2_PLACEMENT_3D('',#720,#721,#722);
#725=CARTESIAN_POINT('',(2.519776932440E1,2.005891835921E1,-7.5E-1));
#726=DIRECTION('',(0.E0,0.E0,-1.E0));
#727=DIRECTION('',(0.E0,1.E0,0.E0));
#728=AXIS2_PLACEMENT_3D('',#725,#726,#727);
#730=DIRECTION('',(-1.E0,0.E0,0.E0));
#731=VECTOR('',#730,4.940277891652E-2);
#732=CARTESIAN_POINT('',(6.088348927935E-1,1.029127727689E0,-7.5E-1));
#733=LINE('',#732,#731);
#734=DIRECTION('',(0.E0,0.E0,-1.E0));
#735=VECTOR('',#734,1.5E0);
#736=CARTESIAN_POINT('',(6.088348927935E-1,1.029127727689E0,7.5E-1));
#737=LINE('',#736,#735);
#738=DIRECTION('',(1.E0,0.E0,0.E0));
#739=VECTOR('',#738,4.940277891652E-2);
#740=CARTESIAN_POINT('',(5.594321138770E-1,1.029127727689E0,7.5E-1));
#741=LINE('',#740,#739);
#742=DIRECTION('',(0.E0,0.E0,1.E0));
#743=VECTOR('',#742,1.5E0);
#744=CARTESIAN_POINT('',(6.088348927935E-1,-1.029127727689E0,-7.5E-1));
#745=LINE('',#744,#743);
#746=DIRECTION('',(0.E0,0.E0,1.E0));
#747=VECTOR('',#746,1.5E0);
#748=CARTESIAN_POINT('',(6.020113610861E-1,-1.029127727689E0,-7.5E-1));
#749=LINE('',#748,#747);
#750=DIRECTION('',(0.E0,0.E0,-1.E0));
#751=VECTOR('',#750,1.5E0);
#752=CARTESIAN_POINT('',(6.416468619536E-1,-3.169444774537E0,7.5E-1));
#753=LINE('',#752,#751);
#754=DIRECTION('',(-1.E0,0.E0,0.E0));
#755=VECTOR('',#754,2.298192396135E-2);
#756=CARTESIAN_POINT('',(6.416468619536E-1,-3.169444774537E0,7.5E-1));
#757=LINE('',#756,#755);
#758=DIRECTION('',(1.E0,0.E0,0.E0));
#759=VECTOR('',#758,2.298192396135E-2);
#760=CARTESIAN_POINT('',(6.186649379923E-1,-3.169444774537E0,-7.5E-1));
#761=LINE('',#760,#759);
#762=DIRECTION('',(1.851534400602E-2,-9.998285763251E-1,0.E0));
#763=VECTOR('',#762,7.534943313551E-1);
#764=CARTESIAN_POINT('',(5.594321138770E-1,1.029127727689E0,7.5E-1));
#765=LINE('',#764,#763);
#766=DIRECTION('',(0.E0,1.E0,0.E0));
#767=VECTOR('',#766,2.058255455377E0);
#768=CARTESIAN_POINT('',(6.088348927935E-1,-1.029127727689E0,7.5E-1));
#769=LINE('',#768,#767);
#770=DIRECTION('',(1.E0,0.E0,0.E0));
#771=VECTOR('',#770,6.823531707443E-3);
#772=CARTESIAN_POINT('',(6.020113610861E-1,-1.029127727689E0,7.5E-1));
#773=LINE('',#772,#771);
#774=DIRECTION('',(-1.851534400602E-2,9.998285763251E-1,0.E0));
#775=VECTOR('',#774,2.140684010769E0);
#776=CARTESIAN_POINT('',(6.416468619536E-1,-3.169444774537E0,7.5E-1));
#777=LINE('',#776,#775);
#778=DIRECTION('',(-1.851534400602E-2,9.998285763251E-1,0.E0));
#779=VECTOR('',#778,2.548009298304E0);
#780=CARTESIAN_POINT('',(6.658422066809E-1,-5.717017283724E0,7.5E-1));
#781=LINE('',#780,#779);
#782=CARTESIAN_POINT('',(-3.339863696442E-1,-5.735532627730E0,7.5E-1));
#783=DIRECTION('',(0.E0,0.E0,-1.E0));
#784=DIRECTION('',(3.175569404863E-2,9.994956607687E-1,0.E0));
#785=AXIS2_PLACEMENT_3D('',#782,#783,#784);
#787=CARTESIAN_POINT('',(-4.264452556965E-1,2.572472190947E-1,7.5E-1));
#788=DIRECTION('',(0.E0,0.E0,-1.E0));
#789=DIRECTION('',(9.998285763251E-1,1.851534400603E-2,0.E0));
#790=AXIS2_PLACEMENT_3D('',#787,#788,#789);
#792=DIRECTION('',(1.876484049533E-2,-9.998239248794E-1,0.E0));
#793=VECTOR('',#792,7.107052151415E0);
#794=CARTESIAN_POINT('',(6.186649379923E-1,-3.169444774537E0,-7.5E-1));
#795=LINE('',#794,#793);
#796=DIRECTION('',(0.E0,0.E0,-1.E0));
#797=VECTOR('',#796,1.5E0);
#798=CARTESIAN_POINT('',(7.520276380056E-1,-1.027524555089E1,7.5E-1));
#799=LINE('',#798,#797);
#800=DIRECTION('',(-1.901381332496E-2,9.998192211109E-1,0.E0));
#801=VECTOR('',#800,3.557250978771E0);
#802=CARTESIAN_POINT('',(7.520276380056E-1,-1.027524555089E1,7.5E-1));
#803=LINE('',#802,#801);
#804=CARTESIAN_POINT('',(6.658422066809E-1,-5.717017283724E0,2.248757262467E0));
#805=CARTESIAN_POINT('',(6.720250425405E-1,-6.050890420141E0,2.250340728335E0));
#806=CARTESIAN_POINT('',(6.782078842953E-1,-6.384763874899E0,2.250410991064E0));
#807=CARTESIAN_POINT('',(6.843907319452E-1,-6.718637647997E0,2.248968050656E0));
#809=DIRECTION('',(0.E0,0.E0,1.E0));
#810=VECTOR('',#809,1.5E0);
#811=CARTESIAN_POINT('',(6.186649379923E-1,-3.169444774537E0,-7.5E-1));
#812=LINE('',#811,#810);
#813=DIRECTION('',(-9.999996726925E-1,8.090827447204E-4,2.352558519045E-13));
#814=VECTOR('',#813,2.029262595273E-2);
#815=CARTESIAN_POINT('',(7.520276380056E-1,-1.027524555089E1,7.5E-1));
#816=LINE('',#815,#814);
#817=DIRECTION('',(9.999996726925E-1,-8.090827446328E-4,-2.297847855811E-13));
#818=VECTOR('',#817,2.029262595273E-2);
#819=CARTESIAN_POINT('',(7.317350186948E-1,-1.027522913247E1,-7.5E-1));
#820=LINE('',#819,#818);
#821=DIRECTION('',(-1.851534400602E-2,9.998285763251E-1,0.E0));
#822=VECTOR('',#821,2.446411916233E0);
#823=CARTESIAN_POINT('',(7.770311769043E-1,-1.272122167579E1,7.5E-1));
#824=LINE('',#823,#822);
#825=CARTESIAN_POINT('',(-2.227973994209E-1,-1.273973701979E1,7.5E-1));
#826=DIRECTION('',(0.E0,0.E0,-1.E0));
#827=DIRECTION('',(7.071067811865E-1,7.071067811865E-1,0.E0));
#828=AXIS2_PLACEMENT_3D('',#825,#826,#827);
#830=CARTESIAN_POINT('',(-2.227973994209E-1,-1.273973701979E1,7.5E-1));
#831=DIRECTION('',(0.E0,0.E0,-1.E0));
#832=DIRECTION('',(1.851534400595E-2,9.998285763251E-1,0.E0));
#833=AXIS2_PLACEMENT_3D('',#830,#831,#832);
#835=CARTESIAN_POINT('',(-3.154378443799E-1,-6.737152992003E0,7.5E-1));
#836=DIRECTION('',(0.E0,0.E0,-1.E0));
#837=DIRECTION('',(9.998285763251E-1,1.851534400602E-2,0.E0));
#838=AXIS2_PLACEMENT_3D('',#835,#836,#837);
#840=CARTESIAN_POINT('',(7.770311769043E-1,-1.272122167579E1,2.059826330780E0));
#841=CARTESIAN_POINT('',(7.832121440976E-1,-1.305499390422E1,2.040218913635E0));
#842=CARTESIAN_POINT('',(7.893913366222E-1,-1.338867030055E1,2.019097052375E0));
#843=CARTESIAN_POINT('',(7.955687544770E-1,-1.372225086471E1,1.996460746108E0));
#845=DIRECTION('',(0.E0,0.E0,1.E0));
#846=VECTOR('',#845,1.5E0);
#847=CARTESIAN_POINT('',(7.317350186948E-1,-1.027522913247E1,-7.5E-1));
#848=LINE('',#847,#846);
#849=CARTESIAN_POINT('',(8.882185220539E-1,-1.872533831386E1,1.542501270901E0));
#850=CARTESIAN_POINT('',(8.944010485287E-1,-1.905919474351E1,1.504539212369E0));
#851=CARTESIAN_POINT('',(9.005802410542E-1,-1.939287113988E1,1.465055185182E0));
#852=CARTESIAN_POINT('',(9.067560996266E-1,-1.972636750279E1,1.424049187673E0));
#854=CARTESIAN_POINT('',(-2.042820554148E-1,-1.173990844347E1,
2.113095751226E0));
#855=CARTESIAN_POINT('',(-1.203300417184E-1,-1.174146311039E1,
2.113018290150E0));
#856=CARTESIAN_POINT('',(4.814667579350E-2,-1.176551080582E1,2.111823685021E0));
#857=CARTESIAN_POINT('',(2.902324017069E-1,-1.186838777072E1,2.106645019781E0));
#858=CARTESIAN_POINT('',(4.914138410920E-1,-1.202490726490E1,2.098574581872E0));
#859=CARTESIAN_POINT('',(6.481191178545E-1,-1.222591600049E1,2.087883930410E0));
#860=CARTESIAN_POINT('',(7.514119333095E-1,-1.246854853808E1,2.074475497852E0));
#861=CARTESIAN_POINT('',(7.754750288568E-1,-1.263718968122E1,2.064762782140E0));
#862=CARTESIAN_POINT('',(7.770311769043E-1,-1.272122167579E1,2.059826330780E0));
#864=DIRECTION('',(1.413133997368E-14,0.E0,1.E0));
#865=VECTOR('',#864,1.363095751226E0);
#866=CARTESIAN_POINT('',(-2.042820554148E-1,-1.173990844347E1,7.5E-1));
#867=LINE('',#866,#865);
#868=DIRECTION('',(0.E0,0.E0,-1.E0));
#869=VECTOR('',#868,1.309826330780E0);
#870=CARTESIAN_POINT('',(7.770311769043E-1,-1.272122167579E1,2.059826330780E0));
#871=LINE('',#870,#869);
#872=CARTESIAN_POINT('',(-3.022306755960E-1,-1.173809458013E1,
2.113186111786E0));
#873=CARTESIAN_POINT('',(-2.695811355311E-1,-1.173869920124E1,
2.113155996580E0));
#874=CARTESIAN_POINT('',(-2.369315954707E-1,-1.173930382235E1,
2.113125876393E0));
#875=CARTESIAN_POINT('',(-2.042820554149E-1,-1.173990844347E1,
2.113095751226E0));
#877=DIRECTION('',(-9.998285763251E-1,1.851534400608E-2,4.193138203524E-14));
#878=VECTOR('',#877,9.796541377197E-2);
#879=CARTESIAN_POINT('',(-2.042820554148E-1,-1.173990844347E1,7.5E-1));
#880=LINE('',#879,#878);
#881=DIRECTION('',(0.E0,0.E0,1.E0));
#882=VECTOR('',#881,1.5E0);
#883=CARTESIAN_POINT('',(9.292539803984E-1,-2.094125306447E1,-7.5E-1));
#884=LINE('',#883,#882);
#885=DIRECTION('',(-2.486899575160E-14,0.E0,-1.E0));
#886=VECTOR('',#885,1.5E0);
#887=CARTESIAN_POINT('',(1.934577018234E0,-2.210297844557E1,7.5E-1));
#888=LINE('',#887,#886);
#889=DIRECTION('',(-1.290819303298E-13,0.E0,-1.E0));
#890=VECTOR('',#889,1.5E0);
#891=CARTESIAN_POINT('',(1.282276932440E1,-2.294096928115E1,7.5E-1));
#892=LINE('',#891,#890);
#893=CARTESIAN_POINT('',(1.294776932440E1,4.659016835921E1,-7.5E-1));
#894=DIRECTION('',(0.E0,0.E0,-1.E0));
#895=DIRECTION('',(1.797752808875E-3,-9.999983840411E-1,0.E0));
#896=AXIS2_PLACEMENT_3D('',#893,#894,#895);
#898=DIRECTION('',(0.E0,0.E0,-1.E0));
#899=VECTOR('',#898,1.5E0);
#900=CARTESIAN_POINT('',(1.307276932440E1,-2.294096928115E1,7.5E-1));
#901=LINE('',#900,#899);
#902=CARTESIAN_POINT('',(1.319776932440E1,4.659016835921E1,-7.5E-1));
#903=DIRECTION('',(0.E0,0.E0,-1.E0));
#904=DIRECTION('',(1.797752809103E-3,-9.999983840411E-1,0.E0));
#905=AXIS2_PLACEMENT_3D('',#902,#903,#904);
#907=DIRECTION('',(-1.309767109584E-12,0.E0,1.E0));
#908=VECTOR('',#907,1.5E0);
#909=CARTESIAN_POINT('',(1.332276932441E1,-2.294096928115E1,-7.5E-1));
#910=LINE('',#909,#908);
#911=CARTESIAN_POINT('',(1.344776932440E1,4.659016835921E1,-7.5E-1));
#912=DIRECTION('',(0.E0,0.E0,-1.E0));
#913=DIRECTION('',(1.797752809111E-3,-9.999983840411E-1,0.E0));
#914=AXIS2_PLACEMENT_3D('',#911,#912,#913);
#916=DIRECTION('',(1.314504061156E-13,0.E0,1.E0));
#917=VECTOR('',#916,1.5E0);
#918=CARTESIAN_POINT('',(1.357276932441E1,-2.294096928115E1,-7.5E-1));
#919=LINE('',#918,#917);
#920=DIRECTION('',(1.657933050107E-14,0.E0,1.E0));
#921=VECTOR('',#920,1.5E0);
#922=CARTESIAN_POINT('',(2.446096163057E1,-2.210297844557E1,-7.5E-1));
#923=LINE('',#922,#921);
#924=DIRECTION('',(0.E0,-1.421085471520E-14,-1.E0));
#925=VECTOR('',#924,1.5E0);
#926=CARTESIAN_POINT('',(2.546628466841E1,-2.094125306447E1,7.5E-1));
#927=LINE('',#926,#925);
#928=CARTESIAN_POINT('',(2.560930584919E1,-1.321810930217E1,2.029513442037E0));
#929=CARTESIAN_POINT('',(2.560312899393E1,-1.355165948662E1,2.008410802111E0));
#930=CARTESIAN_POINT('',(2.559695403808E1,-1.388510710243E1,1.985795347227E0));
#931=CARTESIAN_POINT('',(2.559078098165E1,-1.421845214952E1,1.961667076433E0));
#933=CARTESIAN_POINT('',(2.549819473808E1,-1.921810930217E1,1.485348694373E0));
#934=CARTESIAN_POINT('',(2.549201632285E1,-1.955174372485E1,1.445893922658E0));
#935=CARTESIAN_POINT('',(2.548584136700E1,-1.988519134071E1,1.404918445044E0));
#936=CARTESIAN_POINT('',(2.547966987054E1,-2.021845214952E1,1.362422259804E0));
#938=DIRECTION('',(0.E0,0.E0,-1.E0));
#939=VECTOR('',#938,1.5E0);
#940=CARTESIAN_POINT('',(2.566380363011E1,-1.027522913247E1,7.5E-1));
#941=LINE('',#940,#939);
#942=CARTESIAN_POINT('',(2.657209421397E1,-1.523679606985E1,1.883224423472E0));
#943=CARTESIAN_POINT('',(2.648614329568E1,-1.523520438618E1,1.883354432666E0));
#944=CARTESIAN_POINT('',(2.631355185790E1,-1.521009093056E1,1.885409717925E0));
#945=CARTESIAN_POINT('',(2.606589168044E1,-1.510202523575E1,1.894177994581E0));
#946=CARTESIAN_POINT('',(2.586223102395E1,-1.493813092565E1,1.907264524320E0));
#947=CARTESIAN_POINT('',(2.570626284758E1,-1.472842330791E1,1.923650732488E0));
#948=CARTESIAN_POINT('',(2.560783827561E1,-1.447736157529E1,1.942723522154E0));
#949=CARTESIAN_POINT('',(2.558919192663E1,-1.430426112066E1,1.955456028420E0));
#950=CARTESIAN_POINT('',(2.559078098165E1,-1.421845214952E1,1.961667076433E0));
#952=DIRECTION('',(-5.016077811549E-14,0.E0,1.E0));
#953=VECTOR('',#952,1.133224423472E0);
#954=CARTESIAN_POINT('',(2.657209421397E1,-1.523679606985E1,7.5E-1));
#955=LINE('',#954,#953);
#956=DIRECTION('',(0.E0,-1.026230564291E-14,-1.E0));
#957=VECTOR('',#956,1.211667076433E0);
#958=CARTESIAN_POINT('',(2.559078098165E1,-1.421845214952E1,1.961667076433E0));
#959=LINE('',#958,#957);
#960=CARTESIAN_POINT('',(2.657209421397E1,-1.523679606985E1,1.883224423472E0));
#961=CARTESIAN_POINT('',(2.661398591746E1,-1.523757184214E1,1.883161058161E0));
#962=CARTESIAN_POINT('',(2.665587762094E1,-1.523834761443E1,1.883097684599E0));
#963=CARTESIAN_POINT('',(2.669776932440E1,-1.523912338671E1,1.883034302786E0));
#965=DIRECTION('',(0.E0,0.E0,1.E0));
#966=VECTOR('',#965,1.133034302786E0);
#967=CARTESIAN_POINT('',(2.669776932440E1,-1.523912338671E1,7.5E-1));
#968=LINE('',#967,#966);
#969=DIRECTION('',(9.998285763251E-1,-1.851534400602E-2,1.369046494982E-13));
#970=VECTOR('',#969,1.256966578182E-1);
#971=CARTESIAN_POINT('',(2.657209421397E1,-1.523679606985E1,7.5E-1));
#972=LINE('',#971,#970);
#973=DIRECTION('',(-1.851534400602E-2,-9.998285763251E-1,0.E0));
#974=VECTOR('',#973,5.000514359198E0);
#975=CARTESIAN_POINT('',(2.559078098165E1,-1.421845214952E1,7.5E-1));
#976=LINE('',#975,#974);
#977=CARTESIAN_POINT('',(2.659060955798E1,-1.423696749353E1,7.5E-1));
#978=DIRECTION('',(0.E0,0.E0,-1.E0));
#979=DIRECTION('',(-7.200778916463E-1,-6.938932410409E-1,0.E0));
#980=AXIS2_PLACEMENT_3D('',#977,#978,#979);
#982=CARTESIAN_POINT('',(2.659060955798E1,-1.423696749353E1,7.5E-1));
#983=DIRECTION('',(0.E0,0.E0,-1.E0));
#984=DIRECTION('',(-1.851534400596E-2,-9.998285763251E-1,0.E0));
#985=AXIS2_PLACEMENT_3D('',#982,#983,#984);
#987=DIRECTION('',(0.E0,1.E0,0.E0));
#988=VECTOR('',#987,3.001028806584E0);
#989=CARTESIAN_POINT('',(2.669776932440E1,-1.824015219330E1,7.5E-1));
#990=LINE('',#989,#988);
#991=DIRECTION('',(9.998285763251E-1,-1.851534400601E-2,3.552483604399E-14));
#992=VECTOR('',#991,1.812617385441E-1);
#993=CARTESIAN_POINT('',(2.651653865841E1,-1.823679606985E1,7.5E-1));
#994=LINE('',#993,#992);
#995=CARTESIAN_POINT('',(2.649802331441E1,-1.923662464618E1,7.5E-1));
#996=DIRECTION('',(0.E0,0.E0,-1.E0));
#997=DIRECTION('',(-6.938932410409E-1,7.200778916463E-1,0.E0));
#998=AXIS2_PLACEMENT_3D('',#995,#996,#997);
#1000=CARTESIAN_POINT('',(2.649802331441E1,-1.923662464618E1,7.5E-1));
#1001=DIRECTION('',(0.E0,0.E0,-1.E0));
#1002=DIRECTION('',(-9.998285763251E-1,1.851534400604E-2,0.E0));
#1003=AXIS2_PLACEMENT_3D('',#1000,#1001,#1002);
#1005=CARTESIAN_POINT('',(2.651653865841E1,-1.823679606985E1,1.596951870939E0));
#1006=CARTESIAN_POINT('',(2.657694888045E1,-1.823791477767E1,1.596829703694E0));
#1007=CARTESIAN_POINT('',(2.663735910244E1,-1.823903348548E1,1.596707519155E0));
#1008=CARTESIAN_POINT('',(2.669776932440E1,-1.824015219330E1,1.596585317323E0));
#1010=DIRECTION('',(0.E0,0.E0,-1.E0));
#1011=VECTOR('',#1010,8.465853173232E-1);
#1012=CARTESIAN_POINT('',(2.669776932440E1,-1.824015219330E1,1.596585317323E0));
#1013=LINE('',#1012,#1011);
#1014=CARTESIAN_POINT('',(2.549819473808E1,-1.921810930217E1,1.485348694373E0));
#1015=CARTESIAN_POINT('',(2.549979439583E1,-1.913172778403E1,1.495563956490E0));
#1016=CARTESIAN_POINT('',(2.552510297125E1,-1.895850077319E1,1.515840985387E0));
#1017=CARTESIAN_POINT('',(2.563400658668E1,-1.871013464715E1,1.544309422323E0));
#1018=CARTESIAN_POINT('',(2.579822218031E1,-1.850694396585E1,1.567163170168E0));
#1019=CARTESIAN_POINT('',(2.600828746843E1,-1.835137004281E1,1.584404242210E0));
#1020=CARTESIAN_POINT('',(2.625853016926E1,-1.825373273498E1,1.595106072998E0));
#1021=CARTESIAN_POINT('',(2.643106592339E1,-1.823521324143E1,1.597124721960E0));
#1022=CARTESIAN_POINT('',(2.651653865841E1,-1.823679606985E1,1.596951870939E0));
#1024=DIRECTION('',(0.E0,3.381932400491E-14,1.E0));
#1025=VECTOR('',#1024,7.353486943735E-1);
#1026=CARTESIAN_POINT('',(2.549819473808E1,-1.921810930217E1,7.5E-1));
#1027=LINE('',#1026,#1025);
#1028=DIRECTION('',(-4.614176059790E-14,0.E0,-1.E0));
#1029=VECTOR('',#1028,8.469518709390E-1);
#1030=CARTESIAN_POINT('',(2.651653865841E1,-1.823679606985E1,1.596951870939E0));
#1031=LINE('',#1030,#1029);
#1032=CARTESIAN_POINT('',(2.646098310286E1,-2.123679606985E1,1.227753670607E0));
#1033=CARTESIAN_POINT('',(2.637530879515E1,-2.123520950860E1,1.227970989822E0));
#1034=CARTESIAN_POINT('',(2.620314075995E1,-2.121024677486E1,1.231394297153E0));
#1035=CARTESIAN_POINT('',(2.595561572886E1,-2.110252992847E1,1.246089777771E0));
#1036=CARTESIAN_POINT('',(2.575173036760E1,-2.093876547440E1,1.268216727015E0));
#1037=CARTESIAN_POINT('',(2.559560431976E1,-2.072925117986E1,1.296161192781E0));
#1038=CARTESIAN_POINT('',(2.549684011537E1,-2.047798486509E1,1.329119955485E0));
#1039=CARTESIAN_POINT('',(2.547807585758E1,-2.030452884926E1,1.351446077547E0));
#1040=CARTESIAN_POINT('',(2.547966987054E1,-2.021845214952E1,1.362422259804E0));
#1042=DIRECTION('',(-8.179916319049E-14,0.E0,1.E0));
#1043=VECTOR('',#1042,4.777536706066E-1);
#1044=CARTESIAN_POINT('',(2.646098310286E1,-2.123679606985E1,7.5E-1));
#1045=LINE('',#1044,#1043);
#1046=DIRECTION('',(0.E0,1.740325545941E-14,-1.E0));
#1047=VECTOR('',#1046,6.124222598044E-1);
#1048=CARTESIAN_POINT('',(2.547966987054E1,-2.021845214952E1,1.362422259804E0));
#1049=LINE('',#1048,#1047);
#1050=CARTESIAN_POINT('',(2.646098310286E1,-2.123679606985E1,1.227753670607E0));
#1051=CARTESIAN_POINT('',(2.653991184345E1,-2.123825771320E1,1.227553462021E0));
#1052=CARTESIAN_POINT('',(2.661884058396E1,-2.123971935654E1,1.227353223615E0));
#1053=CARTESIAN_POINT('',(2.669776932440E1,-2.124118099988E1,1.227152955388E0));
#1055=DIRECTION('',(0.E0,0.E0,1.E0));
#1056=VECTOR('',#1055,4.771529553879E-1);
#1057=CARTESIAN_POINT('',(2.669776932440E1,-2.124118099988E1,7.5E-1));
#1058=LINE('',#1057,#1056);
#1059=DIRECTION('',(9.998285763251E-1,-1.851534400601E-2,1.523571038599E-13));
#1060=VECTOR('',#1059,2.368268192699E-1);
#1061=CARTESIAN_POINT('',(2.646098310286E1,-2.123679606985E1,7.5E-1));
#1062=LINE('',#1061,#1060);
#1063=DIRECTION('',(-9.999996726925E-1,-8.090827446326E-4,-2.352558519044E-13));
#1064=VECTOR('',#1063,2.029262595273E-2);
#1065=CARTESIAN_POINT('',(2.566380363011E1,-1.027522913247E1,7.5E-1));
#1066=LINE('',#1065,#1064);
#1067=DIRECTION('',(9.999996726925E-1,8.090827446329E-4,2.297847855811E-13));
#1068=VECTOR('',#1067,2.029262595273E-2);
#1069=CARTESIAN_POINT('',(2.564351101080E1,-1.027524555089E1,-7.5E-1));
#1070=LINE('',#1069,#1068);
#1071=CARTESIAN_POINT('',(2.670172066909E1,-7.236967493529E0,7.5E-1));
#1072=DIRECTION('',(0.E0,0.E0,-1.E0));
#1073=DIRECTION('',(-1.851534400609E-2,-9.998285763251E-1,0.E0));
#1074=AXIS2_PLACEMENT_3D('',#1071,#1072,#1073);
#1076=DIRECTION('',(0.E0,1.E0,0.E0));
#1077=VECTOR('',#1076,4.001028806584E0);
#1078=CARTESIAN_POINT('',(2.669776932440E1,-1.223809458013E1,7.5E-1));
#1079=LINE('',#1078,#1077);
#1080=DIRECTION('',(9.998285763251E-1,-1.851534400602E-2,5.857311872096E-14));
#1081=VECTOR('',#1080,7.013157709226E-2);
#1082=CARTESIAN_POINT('',(2.662764976952E1,-1.223679606985E1,7.5E-1));
#1083=LINE('',#1082,#1081);
#1084=CARTESIAN_POINT('',(2.660913442552E1,-1.323662464618E1,7.5E-1));
#1085=DIRECTION('',(0.E0,0.E0,-1.E0));
#1086=DIRECTION('',(-6.938932410409E-1,7.200778916463E-1,0.E0));
#1087=AXIS2_PLACEMENT_3D('',#1084,#1085,#1086);
#1089=CARTESIAN_POINT('',(2.660913442552E1,-1.323662464618E1,7.5E-1));
#1090=DIRECTION('',(0.E0,0.E0,-1.E0));
#1091=DIRECTION('',(-9.998285763251E-1,1.851534400607E-2,0.E0));
#1092=AXIS2_PLACEMENT_3D('',#1089,#1090,#1091);
#1094=DIRECTION('',(-1.851534400602E-2,-9.998285763251E-1,0.E0));
#1095=VECTOR('',#1094,2.943384735527E0);
#1096=CARTESIAN_POINT('',(2.566380363011E1,-1.027522913247E1,7.5E-1));
#1097=LINE('',#1096,#1095);
#1098=DIRECTION('',(-1.909531641301E-2,-9.998176678230E-1,0.E0));
#1099=VECTOR('',#1098,3.057350854801E0);
#1100=CARTESIAN_POINT('',(2.570189209276E1,-7.218452149523E0,7.5E-1));
#1101=LINE('',#1100,#1099);
#1102=DIRECTION('',(0.E0,0.E0,1.E0));
#1103=VECTOR('',#1102,1.5E0);
#1104=CARTESIAN_POINT('',(2.564351101080E1,-1.027524555089E1,-7.5E-1));
#1105=LINE('',#1104,#1103);
#1106=DIRECTION('',(1.876484049533E-2,9.998239248794E-1,0.E0));
#1107=VECTOR('',#1106,7.107052151415E0);
#1108=CARTESIAN_POINT('',(2.564351101080E1,-1.027524555089E1,-7.5E-1));
#1109=LINE('',#1108,#1107);
#1110=DIRECTION('',(0.E0,0.E0,-1.E0));
#1111=VECTOR('',#1110,1.5E0);
#1112=CARTESIAN_POINT('',(2.577687371082E1,-3.169444774537E0,7.5E-1));
#1113=LINE('',#1112,#1111);
#1114=CARTESIAN_POINT('',(2.572043252792E1,-6.217268650877E0,2.249997434124E0));
#1115=CARTESIAN_POINT('',(2.571425226210E1,-6.551003005095E0,2.250069354604E0));
#1116=CARTESIAN_POINT('',(2.570807211705E1,-6.884730837977E0,2.248629377646E0));
#1117=CARTESIAN_POINT('',(2.570189209276E1,-7.218452149523E0,2.245677503189E0));
#1119=DIRECTION('',(-1.E0,0.E0,0.E0));
#1120=VECTOR('',#1119,2.298192396135E-2);
#1121=CARTESIAN_POINT('',(2.577687371082E1,-3.169444774537E0,7.5E-1));
#1122=LINE('',#1121,#1120);
#1123=DIRECTION('',(1.E0,0.E0,0.E0));
#1124=VECTOR('',#1123,2.298192396135E-2);
#1125=CARTESIAN_POINT('',(2.575389178686E1,-3.169444774537E0,-7.5E-1));
#1126=LINE('',#1125,#1124);
#1127=DIRECTION('',(-1.901407442332E-2,-9.998192161455E-1,0.E0));
#1128=VECTOR('',#1127,2.562167113821E0);
#1129=CARTESIAN_POINT('',(2.580260902304E1,-6.077408591635E-1,7.5E-1));
#1130=LINE('',#1129,#1128);
#1131=CARTESIAN_POINT('',(2.672962670083E1,-2.355157354093E-1,7.5E-1));
#1132=DIRECTION('',(0.E0,0.E0,-1.E0));
#1133=DIRECTION('',(-3.185737642143E-2,-9.994924249676E-1,0.E0));
#1134=AXIS2_PLACEMENT_3D('',#1131,#1132,#1133);
#1136=DIRECTION('',(0.E0,1.E0,0.E0));
#1137=VECTOR('',#1136,4.001028806584E0);
#1138=CARTESIAN_POINT('',(2.669776932440E1,-5.236036966961E0,7.5E-1));
#1139=LINE('',#1138,#1137);
#1140=CARTESIAN_POINT('',(2.672026110425E1,-6.235783994883E0,7.5E-1));
#1141=DIRECTION('',(0.E0,0.E0,-1.E0));
#1142=DIRECTION('',(-9.998285763251E-1,1.851534400602E-2,0.E0));
#1143=AXIS2_PLACEMENT_3D('',#1140,#1141,#1142);
#1145=DIRECTION('',(-1.851534400602E-2,-9.998285763251E-1,0.E0));
#1146=VECTOR('',#1145,3.048346435088E0);
#1147=CARTESIAN_POINT('',(2.577687371082E1,-3.169444774537E0,7.5E-1));
#1148=LINE('',#1147,#1146);
#1149=DIRECTION('',(0.E0,0.E0,1.E0));
#1150=VECTOR('',#1149,1.5E0);
#1151=CARTESIAN_POINT('',(2.575389178686E1,-3.169444774537E0,-7.5E-1));
#1152=LINE('',#1151,#1150);
#1153=CARTESIAN_POINT('',(2.583174357733E1,7.935280170442E-1,2.025855321833E0));
#1154=CARTESIAN_POINT('',(2.582742139554E1,5.601302003702E-1,2.040744007398E0));
#1155=CARTESIAN_POINT('',(2.581949698055E1,9.465570857034E-2,2.068959778633E0));
#1156=CARTESIAN_POINT('',(2.580868321601E1,-3.766193292268E-1,
2.094527200513E0));
#1157=CARTESIAN_POINT('',(2.580435783538E1,-6.101898830689E-1,
2.106436376832E0));
#1159=DIRECTION('',(1.289266541488E-3,-1.805479357707E-3,9.999975390150E-1));
#1160=VECTOR('',#1159,1.356439715010E0);
#1161=CARTESIAN_POINT('',(2.580260902304E1,-6.077408591635E-1,7.5E-1));
#1162=LINE('',#1161,#1160);
#1163=DIRECTION('',(-6.404770147034E-4,-2.623615336192E-4,9.999997604778E-1));
#1164=VECTOR('',#1163,1.500000359283E0);
#1165=CARTESIAN_POINT('',(2.580356973879E1,-6.073473167688E-1,-7.5E-1));
#1166=LINE('',#1165,#1164);
#1167=DIRECTION('',(0.E0,0.E0,-1.E0));
#1168=VECTOR('',#1167,1.5E0);
#1169=CARTESIAN_POINT('',(2.587575342122E1,3.170059587511E0,7.5E-1));
#1170=LINE('',#1169,#1168);
#1171=CARTESIAN_POINT('',(2.669776932440E1,-1.235008160377E0,2.136544598102E0));
#1172=CARTESIAN_POINT('',(2.662141508781E1,-1.232574479445E0,2.136434229708E0));
#1173=CARTESIAN_POINT('',(2.646902221387E1,-1.210412559808E0,2.135431723478E0));
#1174=CARTESIAN_POINT('',(2.625009987569E1,-1.123063401899E0,2.131428179524E0));
#1175=CARTESIAN_POINT('',(2.606357299827E1,-9.931651594392E-1,
2.125347192308E0));
#1176=CARTESIAN_POINT('',(2.590354071113E1,-8.163112067553E-1,
2.116817383485E0));
#1177=CARTESIAN_POINT('',(2.583314250175E1,-6.817008797140E-1,
2.110082543071E0));
#1178=CARTESIAN_POINT('',(2.580435783538E1,-6.101898830689E-1,
2.106436376832E0));
#1180=DIRECTION('',(0.E0,0.E0,1.E0));
#1181=VECTOR('',#1180,1.386544598102E0);
#1182=CARTESIAN_POINT('',(2.669776932440E1,-1.235008160377E0,7.5E-1));
#1183=LINE('',#1182,#1181);
#1184=DIRECTION('',(-9.999996160875E-1,8.762561776131E-4,-2.822027239452E-13));
#1185=VECTOR('',#1184,1.691677152916E-2);
#1186=CARTESIAN_POINT('',(2.587575342122E1,3.170059587511E0,7.5E-1));
#1187=LINE('',#1186,#1185);
#1188=DIRECTION('',(9.999996160875E-1,-8.762561776127E-4,2.756398698999E-13));
#1189=VECTOR('',#1188,1.691677152917E-2);
#1190=CARTESIAN_POINT('',(2.585883665619E1,3.170074410937E0,-7.5E-1));
#1191=LINE('',#1190,#1189);
#1192=CARTESIAN_POINT('',(2.690509005865E1,5.744979543136E0,7.5E-1));
#1193=DIRECTION('',(0.E0,0.E0,-1.E0));
#1194=DIRECTION('',(-2.073207342498E-1,-9.782730258727E-1,0.E0));
#1195=AXIS2_PLACEMENT_3D('',#1192,#1193,#1194);
#1197=DIRECTION('',(0.E0,1.E0,0.E0));
#1198=VECTOR('',#1197,3.000685871056E0);
#1199=CARTESIAN_POINT('',(2.669776932440E1,1.766020646208E0,7.5E-1));
#1200=LINE('',#1199,#1198);
#1201=CARTESIAN_POINT('',(2.683157215365E1,7.750126730382E-1,7.5E-1));
#1202=DIRECTION('',(0.E0,0.E0,-1.E0));
#1203=DIRECTION('',(-9.998285763251E-1,1.851534400599E-2,0.E0));
#1204=AXIS2_PLACEMENT_3D('',#1201,#1202,#1203);
#1206=DIRECTION('',(-1.851534400602E-2,-9.998285763251E-1,0.E0));
#1207=VECTOR('',#1206,2.376939034091E0);
#1208=CARTESIAN_POINT('',(2.587575342122E1,3.170059587511E0,7.5E-1));
#1209=LINE('',#1208,#1207);
#1210=DIRECTION('',(-1.789813492632E-2,-9.998398155536E-1,0.E0));
#1211=VECTOR('',#1210,2.593835968384E0);
#1212=CARTESIAN_POINT('',(2.590526148233E1,5.763494887142E0,7.5E-1));
#1213=LINE('',#1212,#1211);
#1214=DIRECTION('',(0.E0,0.E0,1.E0));
#1215=VECTOR('',#1214,1.5E0);
#1216=CARTESIAN_POINT('',(2.585883665619E1,3.170074410937E0,-7.5E-1));
#1217=LINE('',#1216,#1215);
#1218=DIRECTION('',(1.817197315637E-2,9.998348760628E-1,0.E0));
#1219=VECTOR('',#1218,4.662408159262E0);
#1220=CARTESIAN_POINT('',(2.585883665619E1,3.170074410937E0,-7.5E-1));
#1221=LINE('',#1220,#1219);
#1222=CARTESIAN_POINT('',(2.590608211365E1,5.807808978653E0,1.591131798797E0));
#1223=CARTESIAN_POINT('',(2.590580857592E1,5.793037940941E0,1.592752089983E0));
#1224=CARTESIAN_POINT('',(2.590553503214E1,5.778266577104E0,1.594369401558E0));
#1225=CARTESIAN_POINT('',(2.590526148233E1,5.763494887142E0,1.595983733521E0));
#1227=DIRECTION('',(0.E0,0.E0,1.E0));
#1228=VECTOR('',#1227,1.5E0);
#1229=CARTESIAN_POINT('',(2.594356181210E1,7.831712695007E0,-7.5E-1));
#1230=LINE('',#1229,#1228);
#1231=DIRECTION('',(0.E0,0.E0,-1.E0));
#1232=VECTOR('',#1231,1.5E0);
#1233=CARTESIAN_POINT('',(2.659776932440E1,8.292102835535E0,7.5E-1));
#1234=LINE('',#1233,#1232);
#1235=DIRECTION('',(-1.851534400602E-2,-9.998285763251E-1,0.E0));
#1236=VECTOR('',#1235,2.024250720851E0);
#1237=CARTESIAN_POINT('',(2.594356181210E1,7.831712695007E0,7.5E-1));
#1238=LINE('',#1237,#1236);
#1239=CARTESIAN_POINT('',(2.659776932440E1,8.292102835535E0,7.5E-1));
#1240=CARTESIAN_POINT('',(2.659776932440E1,8.025447304383E0,7.5E-1));
#1241=CARTESIAN_POINT('',(2.594849903099E1,8.098322515088E0,7.5E-1));
#1242=CARTESIAN_POINT('',(2.594356181210E1,7.831712695007E0,7.5E-1));
#1244=CARTESIAN_POINT('',(2.560881309937E1,1.320712627049E1,7.5E-1));
#1245=CARTESIAN_POINT('',(2.610880381265E1,1.313524720361E1,7.5E-1));
#1246=CARTESIAN_POINT('',(2.659776932440E1,1.256404934580E1,7.5E-1));
#1247=CARTESIAN_POINT('',(2.659776932440E1,1.205891835921E1,7.5E-1));
#1249=CARTESIAN_POINT('',(1.369776932440E1,-6.964608164079E1,7.5E-1));
#1250=DIRECTION('',(0.E0,0.E0,-1.E0));
#1251=DIRECTION('',(-1.493339704916E-3,9.999988849676E-1,0.E0));
#1252=AXIS2_PLACEMENT_3D('',#1249,#1250,#1251);
#1254=CARTESIAN_POINT('',(1.319776932440E1,-6.964608164079E1,7.5E-1));
#1255=DIRECTION('',(0.E0,0.E0,-1.E0));
#1256=DIRECTION('',(-1.493339705031E-3,9.999988849676E-1,0.E0));
#1257=AXIS2_PLACEMENT_3D('',#1254,#1255,#1256);
#1259=CARTESIAN_POINT('',(1.269776932440E1,-6.964608164079E1,7.5E-1));
#1260=DIRECTION('',(0.E0,0.E0,-1.E0));
#1261=DIRECTION('',(-1.422978767692E-1,9.898238804287E-1,0.E0));
#1262=AXIS2_PLACEMENT_3D('',#1259,#1260,#1261);
#1264=CARTESIAN_POINT('',(-2.022306755955E-1,1.205891835921E1,7.5E-1));
#1265=CARTESIAN_POINT('',(-2.022306755955E-1,1.256404934580E1,7.5E-1));
#1266=CARTESIAN_POINT('',(2.867348361605E-1,1.313524720361E1,7.5E-1));
#1267=CARTESIAN_POINT('',(7.867255494374E-1,1.320712627049E1,7.5E-1));
#1269=CARTESIAN_POINT('',(4.519768367044E-1,7.831712695007E0,7.5E-1));
#1270=CARTESIAN_POINT('',(4.470396178141E-1,8.098322515088E0,7.5E-1));
#1271=CARTESIAN_POINT('',(-2.022306755956E-1,8.025447304383E0,7.5E-1));
#1272=CARTESIAN_POINT('',(-2.022306755956E-1,8.292102835535E0,7.5E-1));
#1274=DIRECTION('',(-1.851534400602E-2,9.998285763251E-1,0.E0));
#1275=VECTOR('',#1274,1.522140001727E0);
#1276=CARTESIAN_POINT('',(4.801597824617E-1,6.309833624113E0,7.5E-1));
#1277=LINE('',#1276,#1275);
#1278=CARTESIAN_POINT('',(-5.196687938634E-1,6.291318280107E0,7.5E-1));
#1279=DIRECTION('',(0.E0,0.E0,-1.E0));
#1280=DIRECTION('',(2.174381182678E-1,9.760741082132E-1,0.E0));
#1281=AXIS2_PLACEMENT_3D('',#1278,#1279,#1280);
#1283=DIRECTION('',(0.E0,1.E0,0.E0));
#1284=VECTOR('',#1283,8.291525970888E0);
#1285=CARTESIAN_POINT('',(2.669776932440E1,6.767392388320E0,7.5E-1));
#1286=LINE('',#1285,#1284);
#1287=CARTESIAN_POINT('',(2.690591068998E1,5.789293634647E0,7.5E-1));
#1288=DIRECTION('',(0.E0,0.E0,-1.E0));
#1289=DIRECTION('',(-9.998285763251E-1,1.851534400599E-2,0.E0));
#1290=AXIS2_PLACEMENT_3D('',#1287,#1288,#1289);
#1292=DIRECTION('',(0.E0,1.E0,0.E0));
#1293=VECTOR('',#1292,3.766815523673E0);
#1294=CARTESIAN_POINT('',(2.659776932440E1,8.292102835535E0,7.5E-1));
#1295=LINE('',#1294,#1293);
#1296=DIRECTION('',(0.E0,-1.E0,0.E0));
#1297=VECTOR('',#1296,3.766815523673E0);
#1298=CARTESIAN_POINT('',(2.659776932440E1,1.205891835921E1,-7.5E-1));
#1299=LINE('',#1298,#1297);
#1300=DIRECTION('',(0.E0,-1.184237892934E-14,1.E0));
#1301=VECTOR('',#1300,1.5E0);
#1302=CARTESIAN_POINT('',(2.659776932440E1,1.205891835921E1,-7.5E-1));
#1303=LINE('',#1302,#1301);
#1304=DIRECTION('',(3.315866100214E-14,0.E0,-1.E0));
#1305=VECTOR('',#1304,1.5E0);
#1306=CARTESIAN_POINT('',(2.560881309937E1,1.320712627049E1,7.5E-1));
#1307=LINE('',#1306,#1305);
#1308=DIRECTION('',(0.E0,0.E0,-1.E0));
#1309=VECTOR('',#1308,1.5E0);
#1310=CARTESIAN_POINT('',(1.357276932440E1,1.405882502542E1,7.5E-1));
#1311=LINE('',#1310,#1309);
#1312=CARTESIAN_POINT('',(1.344776932440E1,-6.964608164079E1,-7.5E-1));
#1313=DIRECTION('',(0.E0,0.E0,-1.E0));
#1314=DIRECTION('',(-1.493339704802E-3,9.999988849676E-1,0.E0));
#1315=AXIS2_PLACEMENT_3D('',#1312,#1313,#1314);
#1317=DIRECTION('',(0.E0,0.E0,-1.E0));
#1318=VECTOR('',#1317,1.5E0);
#1319=CARTESIAN_POINT('',(1.332276932441E1,1.405882502542E1,7.5E-1));
#1320=LINE('',#1319,#1318);
#1321=CARTESIAN_POINT('',(1.344776932440E1,-6.964608164079E1,7.5E-1));
#1322=DIRECTION('',(0.E0,0.E0,1.E0));
#1323=DIRECTION('',(1.493339704916E-3,9.999988849676E-1,0.E0));
#1324=AXIS2_PLACEMENT_3D('',#1321,#1322,#1323);
#1326=CARTESIAN_POINT('',(1.319776932440E1,-6.964608164079E1,-7.5E-1));
#1327=DIRECTION('',(0.E0,0.E0,-1.E0));
#1328=DIRECTION('',(-1.493339705029E-3,9.999988849676E-1,0.E0));
#1329=AXIS2_PLACEMENT_3D('',#1326,#1327,#1328);
#1331=CARTESIAN_POINT('',(1.294776932440E1,-6.964608164079E1,7.5E-1));
#1332=DIRECTION('',(0.E0,0.E0,1.E0));
#1333=DIRECTION('',(1.493339704802E-3,9.999988849676E-1,0.E0));
#1334=AXIS2_PLACEMENT_3D('',#1331,#1332,#1333);
#1336=DIRECTION('',(-2.250051996574E-14,0.E0,1.E0));
#1337=VECTOR('',#1336,1.5E0);
#1338=CARTESIAN_POINT('',(1.307276932439E1,1.405882502542E1,-7.5E-1));
#1339=LINE('',#1338,#1337);
#1340=CARTESIAN_POINT('',(1.294776932440E1,-6.964608164079E1,-7.5E-1));
#1341=DIRECTION('',(0.E0,0.E0,-1.E0));
#1342=DIRECTION('',(-1.493339705045E-3,9.999988849676E-1,0.E0));
#1343=AXIS2_PLACEMENT_3D('',#1340,#1341,#1342);
#1345=DIRECTION('',(1.184237892934E-14,0.E0,1.E0));
#1346=VECTOR('',#1345,1.5E0);
#1347=CARTESIAN_POINT('',(1.282276932440E1,1.405882502542E1,-7.5E-1));
#1348=LINE('',#1347,#1346);
#1349=DIRECTION('',(0.E0,0.E0,1.E0));
#1350=VECTOR('',#1349,1.5E0);
#1351=CARTESIAN_POINT('',(7.867255494374E-1,1.320712627049E1,-7.5E-1));
#1352=LINE('',#1351,#1350);
#1353=DIRECTION('',(0.E0,0.E0,-1.E0));
#1354=VECTOR('',#1353,1.5E0);
#1355=CARTESIAN_POINT('',(-2.022306755955E-1,1.205891835921E1,7.5E-1));
#1356=LINE('',#1355,#1354);
#1357=DIRECTION('',(-1.349899250661E-14,-1.E0,0.E0));
#1358=VECTOR('',#1357,3.766815523673E0);
#1359=CARTESIAN_POINT('',(-2.022306755955E-1,1.205891835921E1,7.5E-1));
#1360=LINE('',#1359,#1358);
#1361=DIRECTION('',(1.318214934188E-14,1.E0,0.E0));
#1362=VECTOR('',#1361,3.766815523673E0);
#1363=CARTESIAN_POINT('',(-2.022306755956E-1,8.292102835535E0,-7.5E-1));
#1364=LINE('',#1363,#1362);
#1365=DIRECTION('',(0.E0,0.E0,1.E0));
#1366=VECTOR('',#1365,1.5E0);
#1367=CARTESIAN_POINT('',(-2.022306755956E-1,8.292102835535E0,-7.5E-1));
#1368=LINE('',#1367,#1366);
#1369=DIRECTION('',(0.E0,0.E0,-1.E0));
#1370=VECTOR('',#1369,1.5E0);
#1371=CARTESIAN_POINT('',(4.519768367044E-1,7.831712695007E0,7.5E-1));
#1372=LINE('',#1371,#1370);
#1373=CARTESIAN_POINT('',(-3.022306755956E-1,7.267392388320E0,
1.421195531939E0));
#1374=CARTESIAN_POINT('',(-2.500766514734E-1,7.255774138466E0,
1.422626580681E0));
#1375=CARTESIAN_POINT('',(-1.472554054562E-1,7.224127783322E0,
1.426521388753E0));
#1376=CARTESIAN_POINT('',(-6.971726062418E-4,7.151276076126E0,
1.435446261510E0));
#1377=CARTESIAN_POINT('',(1.310507276914E-1,7.056389027829E0,1.446996493687E0));
#1378=CARTESIAN_POINT('',(2.447006361468E-1,6.942434055034E0,1.460754869323E0));
#1379=CARTESIAN_POINT('',(3.357562273210E-1,6.817083117330E0,1.475750750216E0));
#1380=CARTESIAN_POINT('',(4.097394721485E-1,6.672727164818E0,1.492842825495E0));
#1381=CARTESIAN_POINT('',(4.625938887870E-1,6.506724284374E0,1.512262860519E0));
#1382=CARTESIAN_POINT('',(4.789050125418E-1,6.377591199791E0,1.527154940523E0));
#1383=CARTESIAN_POINT('',(4.801597824617E-1,6.309833624113E0,1.534901175039E0));
#1385=DIRECTION('',(0.E0,0.E0,1.E0));
#1386=VECTOR('',#1385,6.711955319391E-1);
#1387=CARTESIAN_POINT('',(-3.022306755956E-1,7.267392388320E0,7.5E-1));
#1388=LINE('',#1387,#1386);
#1389=DIRECTION('',(0.E0,-1.018421940431E-14,-1.E0));
#1390=VECTOR('',#1389,7.849011750395E-1);
#1391=CARTESIAN_POINT('',(4.801597824617E-1,6.309833624113E0,1.534901175039E0));
#1392=LINE('',#1391,#1390);
#1393=CARTESIAN_POINT('',(2.590608211365E1,5.807808978653E0,1.591131798797E0));
#1394=CARTESIAN_POINT('',(2.590734225919E1,5.875856837500E0,1.583667370903E0));
#1395=CARTESIAN_POINT('',(2.592378328733E1,6.005601818966E0,1.569305012138E0));
#1396=CARTESIAN_POINT('',(2.597719651057E1,6.172549166841E0,1.550545824771E0));
#1397=CARTESIAN_POINT('',(2.605203954430E1,6.317682754770E0,1.534031327083E0));
#1398=CARTESIAN_POINT('',(2.614418417370E1,6.443596829515E0,1.519548541123E0));
#1399=CARTESIAN_POINT('',(2.625930257259E1,6.557933255063E0,1.506270852723E0));
#1400=CARTESIAN_POINT('',(2.639262997446E1,6.652738941860E0,1.495167259992E0));
#1401=CARTESIAN_POINT('',(2.654091469492E1,6.725113626185E0,1.486634535980E0));
#1402=CARTESIAN_POINT('',(2.664498576787E1,6.756159942215E0,1.482956941723E0));
#1403=CARTESIAN_POINT('',(2.669776932440E1,6.767392388320E0,1.481625356749E0));
#1405=DIRECTION('',(0.E0,0.E0,1.E0));
#1406=VECTOR('',#1405,8.411317987968E-1);
#1407=CARTESIAN_POINT('',(2.590608211365E1,5.807808978653E0,7.5E-1));
#1408=LINE('',#1407,#1406);
#1409=DIRECTION('',(0.E0,0.E0,-1.E0));
#1410=VECTOR('',#1409,7.316253567490E-1);
#1411=CARTESIAN_POINT('',(2.669776932440E1,6.767392388320E0,1.481625356749E0));
#1412=LINE('',#1411,#1410);
#1413=CARTESIAN_POINT('',(2.669776932440E1,4.766706517264E0,1.700346065246E0));
#1414=CARTESIAN_POINT('',(2.664356844806E1,4.778193050352E0,1.699196079571E0));
#1415=CARTESIAN_POINT('',(2.653672248578E1,4.810215581951E0,1.695987152459E0));
#1416=CARTESIAN_POINT('',(2.638478193070E1,4.885458991165E0,1.688403787608E0));
#1417=CARTESIAN_POINT('',(2.624876910423E1,4.984283611599E0,1.678364269650E0));
#1418=CARTESIAN_POINT('',(2.613215972591E1,5.103586741379E0,1.666121478205E0));
#1419=CARTESIAN_POINT('',(2.603999390099E1,5.234717820186E0,1.652514187087E0));
#1420=CARTESIAN_POINT('',(2.596654717994E1,5.385727855050E0,1.636650769214E0));
#1421=CARTESIAN_POINT('',(2.591645357056E1,5.558844417241E0,1.618209980553E0));
#1422=CARTESIAN_POINT('',(2.590396024791E1,5.693228228660E0,1.603662862520E0));
#1423=CARTESIAN_POINT('',(2.590526148233E1,5.763494887142E0,1.595983733521E0));
#1425=DIRECTION('',(0.E0,0.E0,1.E0));
#1426=VECTOR('',#1425,9.503460652460E-1);
#1427=CARTESIAN_POINT('',(2.669776932440E1,4.766706517264E0,7.5E-1));
#1428=LINE('',#1427,#1426);
#1429=DIRECTION('',(0.E0,0.E0,-1.E0));
#1430=VECTOR('',#1429,8.459837335210E-1);
#1431=CARTESIAN_POINT('',(2.590526148233E1,5.763494887142E0,1.595983733521E0));
#1432=LINE('',#1431,#1430);
#1433=CARTESIAN_POINT('',(2.583174357733E1,7.935280170442E-1,2.025855321833E0));
#1434=CARTESIAN_POINT('',(2.583308244229E1,8.658267247907E-1,2.021243313282E0));
#1435=CARTESIAN_POINT('',(2.585148138600E1,1.003551442550E0,2.012312401521E0));
#1436=CARTESIAN_POINT('',(2.591133636350E1,1.179624722219E0,2.000587044641E0));
#1437=CARTESIAN_POINT('',(2.599474765797E1,1.330847537536E0,1.990293666746E0));
#1438=CARTESIAN_POINT('',(2.609661617319E1,1.459929449954E0,1.981344903469E0));
#1439=CARTESIAN_POINT('',(2.622340670368E1,1.575045751094E0,1.973236371920E0));
#1440=CARTESIAN_POINT('',(2.636916956174E1,1.667300927768E0,1.966648305587E0));
#1441=CARTESIAN_POINT('',(2.652994923863E1,1.733651520105E0,1.961861886018E0));
#1442=CARTESIAN_POINT('',(2.664153522317E1,1.758428091911E0,1.960062616748E0));
#1443=CARTESIAN_POINT('',(2.669776932440E1,1.766020646208E0,1.959510991409E0));
#1445=DIRECTION('',(0.E0,0.E0,1.E0));
#1446=VECTOR('',#1445,1.275855321833E0);
#1447=CARTESIAN_POINT('',(2.583174357733E1,7.935280170442E-1,7.5E-1));
#1448=LINE('',#1447,#1446);
#1449=DIRECTION('',(0.E0,0.E0,-1.E0));
#1450=VECTOR('',#1449,1.209510991409E0);
#1451=CARTESIAN_POINT('',(2.669776932440E1,1.766020646208E0,1.959510991409E0));
#1452=LINE('',#1451,#1450);
#1453=CARTESIAN_POINT('',(2.572043252792E1,-6.217268650877E0,2.249997434124E0));
#1454=CARTESIAN_POINT('',(2.572198376494E1,-6.133501851878E0,2.249979382197E0));
#1455=CARTESIAN_POINT('',(2.574590565595E1,-5.965354807898E0,2.249751291808E0));
#1456=CARTESIAN_POINT('',(2.584864482113E1,-5.723268747237E0,2.248862578140E0));
#1457=CARTESIAN_POINT('',(2.600455156227E1,-5.522541176878E0,2.247711324610E0));
#1458=CARTESIAN_POINT('',(2.620474443298E1,-5.365972950079E0,2.246560457025E0));
#1459=CARTESIAN_POINT('',(2.644592215753E1,-5.262557782288E0,2.245673987718E0));
#1460=CARTESIAN_POINT('',(2.661397070710E1,-5.237922223930E0,2.245446398206E0));
#1461=CARTESIAN_POINT('',(2.669776932440E1,-5.236036966961E0,2.245429250280E0));
#1463=DIRECTION('',(0.E0,0.E0,1.E0));
#1464=VECTOR('',#1463,1.499997434124E0);
#1465=CARTESIAN_POINT('',(2.572043252792E1,-6.217268650877E0,7.5E-1));
#1466=LINE('',#1465,#1464);
#1467=DIRECTION('',(0.E0,0.E0,-1.E0));
#1468=VECTOR('',#1467,1.495429250280E0);
#1469=CARTESIAN_POINT('',(2.669776932440E1,-5.236036966961E0,2.245429250280E0));
#1470=LINE('',#1469,#1468);
#1471=CARTESIAN_POINT('',(2.668320532508E1,-8.236796069854E0,2.231976466379E0));
#1472=CARTESIAN_POINT('',(2.659710945802E1,-8.235201701946E0,2.232005266580E0));
#1473=CARTESIAN_POINT('',(2.642429800139E1,-8.210008688596E0,2.232464341291E0));
#1474=CARTESIAN_POINT('',(2.617657883544E1,-8.101767540048E0,2.234361275822E0));
#1475=CARTESIAN_POINT('',(2.597303791164E1,-7.937813328090E0,2.237024745757E0));
#1476=CARTESIAN_POINT('',(2.581715206708E1,-7.728015529599E0,2.240077422956E0));
#1477=CARTESIAN_POINT('',(2.571889537135E1,-7.477060163879E0,2.243189050768E0));
#1478=CARTESIAN_POINT('',(2.570030542800E1,-7.304132046547E0,2.244919636397E0));
#1479=CARTESIAN_POINT('',(2.570189209276E1,-7.218452149523E0,2.245677503189E0));
#1481=DIRECTION('',(1.678096536334E-14,0.E0,1.E0));
#1482=VECTOR('',#1481,1.481976466379E0);
#1483=CARTESIAN_POINT('',(2.668320532508E1,-8.236796069854E0,7.5E-1));
#1484=LINE('',#1483,#1482);
#1485=DIRECTION('',(0.E0,-1.247043348178E-14,-1.E0));
#1486=VECTOR('',#1485,1.495677503189E0);
#1487=CARTESIAN_POINT('',(2.570189209276E1,-7.218452149523E0,2.245677503189E0));
#1488=LINE('',#1487,#1486);
#1489=CARTESIAN_POINT('',(2.668320532508E1,-8.236796069854E0,2.231976466379E0));
#1490=CARTESIAN_POINT('',(2.668805999152E1,-8.236885971085E0,2.231974842430E0));
#1491=CARTESIAN_POINT('',(2.669291465796E1,-8.236975872315E0,2.231973218370E0));
#1492=CARTESIAN_POINT('',(2.669776932440E1,-8.237065773545E0,2.231971594201E0));
#1494=DIRECTION('',(0.E0,0.E0,1.E0));
#1495=VECTOR('',#1494,1.481971594201E0);
#1496=CARTESIAN_POINT('',(2.669776932440E1,-8.237065773545E0,7.5E-1));
#1497=LINE('',#1496,#1495);
#1498=DIRECTION('',(9.998285763251E-1,-1.851534400614E-2,-1.829221792307E-13));
#1499=VECTOR('',#1498,1.456649636641E-2);
#1500=CARTESIAN_POINT('',(2.668320532508E1,-8.236796069854E0,7.5E-1));
#1501=LINE('',#1500,#1499);
#1502=CARTESIAN_POINT('',(2.662764976952E1,-1.223679606985E1,2.087216787832E0));
#1503=CARTESIAN_POINT('',(2.665102295449E1,-1.223722890661E1,2.087193267522E0));
#1504=CARTESIAN_POINT('',(2.667439613945E1,-1.223766174337E1,2.087169744657E0));
#1505=CARTESIAN_POINT('',(2.669776932440E1,-1.223809458013E1,2.087146219238E0));
#1507=DIRECTION('',(0.E0,0.E0,-1.E0));
#1508=VECTOR('',#1507,1.337146219238E0);
#1509=CARTESIAN_POINT('',(2.669776932440E1,-1.223809458013E1,2.087146219238E0));
#1510=LINE('',#1509,#1508);
#1511=CARTESIAN_POINT('',(2.560930584919E1,-1.321810930217E1,2.029513442037E0));
#1512=CARTESIAN_POINT('',(2.561090100178E1,-1.313197106274E1,2.034963129476E0));
#1513=CARTESIAN_POINT('',(2.563608828007E1,-1.295905923896E1,2.045698495807E0));
#1514=CARTESIAN_POINT('',(2.574470027318E1,-1.271082611355E1,2.060515895945E0));
#1515=CARTESIAN_POINT('',(2.590880834691E1,-1.250744493379E1,2.072224966944E0));
#1516=CARTESIAN_POINT('',(2.611872232037E1,-1.235173952532E1,2.080935226071E0));
#1517=CARTESIAN_POINT('',(2.636911902613E1,-1.225382557342E1,2.086295146518E0));
#1518=CARTESIAN_POINT('',(2.654197498732E1,-1.223520949981E1,2.087303001906E0));
#1519=CARTESIAN_POINT('',(2.662764976952E1,-1.223679606985E1,2.087216787832E0));
#1521=DIRECTION('',(0.E0,0.E0,1.E0));
#1522=VECTOR('',#1521,1.279513442037E0);
#1523=CARTESIAN_POINT('',(2.560930584919E1,-1.321810930217E1,7.5E-1));
#1524=LINE('',#1523,#1522);
#1525=DIRECTION('',(0.E0,0.E0,-1.E0));
#1526=VECTOR('',#1525,1.337216787832E0);
#1527=CARTESIAN_POINT('',(2.662764976952E1,-1.223679606985E1,2.087216787832E0));
#1528=LINE('',#1527,#1526);
#1529=CARTESIAN_POINT('',(9.067560996266E-1,-1.972636750279E1,
1.424049187673E0));
#1530=CARTESIAN_POINT('',(9.083885208494E-1,-1.981451824882E1,
1.413210361005E0));
#1531=CARTESIAN_POINT('',(8.886488632987E-1,-1.999224196764E1,
1.391140317983E0));
#1532=CARTESIAN_POINT('',(7.846948608834E-1,-2.024923568816E1,
1.358579846421E0));
#1533=CARTESIAN_POINT('',(6.211267500276E-1,-2.046126247475E1,
1.331240368257E0));
#1534=CARTESIAN_POINT('',(4.083964609517E-1,-2.062424941117E1,
1.309940256855E0));
#1535=CARTESIAN_POINT('',(1.524365593934E-1,-2.072690807357E1,
1.296392347536E0));
#1536=CARTESIAN_POINT('',(-2.417208115413E-2,-2.074633023311E1,
1.293816648597E0));
#1537=CARTESIAN_POINT('',(-1.115878207046E-1,-2.074471142312E1,
1.294030979041E0));
#1539=DIRECTION('',(0.E0,-3.689492726406E-14,1.E0));
#1540=VECTOR('',#1539,6.740491876733E-1);
#1541=CARTESIAN_POINT('',(9.067560996266E-1,-1.972636750279E1,7.5E-1));
#1542=LINE('',#1541,#1540);
#1543=DIRECTION('',(-1.405556186448E-14,1.306070358369E-14,-1.E0));
#1544=VECTOR('',#1543,5.440309790411E-1);
#1545=CARTESIAN_POINT('',(-1.115878207046E-1,-2.074471142312E1,
1.294030979041E0));
#1546=LINE('',#1545,#1544);
#1547=CARTESIAN_POINT('',(-9.309471026523E-2,-1.774402508155E1,
1.649646460754E0));
#1548=CARTESIAN_POINT('',(-9.329989753486E-3,-1.774557628007E1,
1.649484100369E0));
#1549=CARTESIAN_POINT('',(1.588558447840E-1,-1.776952487733E1,
1.646981038500E0));
#1550=CARTESIAN_POINT('',(4.008219781700E-1,-1.787215585813E1,
1.636185762427E0));
#1551=CARTESIAN_POINT('',(6.021439059500E-1,-1.802856951871E1,
1.619539697851E0));
#1552=CARTESIAN_POINT('',(7.589435035982E-1,-1.822941313861E1,
1.597835307629E0));
#1553=CARTESIAN_POINT('',(8.624895532902E-1,-1.847216688891E1,
1.571091012490E0));
#1554=CARTESIAN_POINT('',(8.866583592733E-1,-1.864108952371E1,
1.552081010032E0));
#1555=CARTESIAN_POINT('',(8.882185220539E-1,-1.872533831386E1,
1.542501270901E0));
#1557=DIRECTION('',(0.E0,0.E0,1.E0));
#1558=VECTOR('',#1557,8.996464607545E-1);
#1559=CARTESIAN_POINT('',(-9.309471026522E-2,-1.774402508155E1,7.5E-1));
#1560=LINE('',#1559,#1558);
#1561=DIRECTION('',(0.E0,-3.586329823558E-14,-1.E0));
#1562=VECTOR('',#1561,7.925012709012E-1);
#1563=CARTESIAN_POINT('',(8.882185220539E-1,-1.872533831386E1,
1.542501270901E0));
#1564=LINE('',#1563,#1562);
#1565=CARTESIAN_POINT('',(-3.022306755953E-1,-1.774015219330E1,
1.650051758079E0));
#1566=CARTESIAN_POINT('',(-2.325186871074E-1,-1.774144315605E1,
1.649916681967E0));
#1567=CARTESIAN_POINT('',(-1.628066986642E-1,-1.774273411880E1,
1.649781582859E0));
#1568=CARTESIAN_POINT('',(-9.309471026540E-2,-1.774402508155E1,
1.649646460754E0));
#1570=DIRECTION('',(-9.998285763251E-1,1.851534400601E-2,3.078470833696E-14));
#1571=VECTOR('',#1570,2.091718223328E-1);
#1572=CARTESIAN_POINT('',(-9.309471026522E-2,-1.774402508155E1,7.5E-1));
#1573=LINE('',#1572,#1571);
#1574=DIRECTION('',(-1.851534400602E-2,9.998285763251E-1,0.E0));
#1575=VECTOR('',#1574,5.003945243835E0);
#1576=CARTESIAN_POINT('',(8.882185220539E-1,-1.872533831386E1,7.5E-1));
#1577=LINE('',#1576,#1575);
#1578=CARTESIAN_POINT('',(-1.116100542712E-1,-1.874385365787E1,7.5E-1));
#1579=DIRECTION('',(0.E0,0.E0,-1.E0));
#1580=DIRECTION('',(7.071067811865E-1,7.071067811865E-1,0.E0));
#1581=AXIS2_PLACEMENT_3D('',#1578,#1579,#1580);
#1583=CARTESIAN_POINT('',(-1.116100542712E-1,-1.874385365787E1,7.5E-1));
#1584=DIRECTION('',(0.E0,0.E0,-1.E0));
#1585=DIRECTION('',(1.851534400602E-2,9.998285763251E-1,0.E0));
#1586=AXIS2_PLACEMENT_3D('',#1583,#1584,#1585);
#1588=DIRECTION('',(-9.998285763251E-1,1.851534400606E-2,2.766157772139E-13));
#1589=VECTOR('',#1588,7.946913263223E-2);
#1590=CARTESIAN_POINT('',(-2.227751658541E-1,-1.474059478504E1,7.5E-1));
#1591=LINE('',#1590,#1589);
#1592=CARTESIAN_POINT('',(-2.042598218481E-1,-1.374076620872E1,
7.499999999999E-1));
#1593=DIRECTION('',(0.E0,0.E0,-1.E0));
#1594=DIRECTION('',(7.071067811865E-1,-7.071067811865E-1,0.E0));
#1595=AXIS2_PLACEMENT_3D('',#1592,#1593,#1594);
#1597=CARTESIAN_POINT('',(-2.042598218481E-1,-1.374076620872E1,
7.499999999999E-1));
#1598=DIRECTION('',(0.E0,0.E0,-1.E0));
#1599=DIRECTION('',(9.998285763251E-1,1.851534400602E-2,0.E0));
#1600=AXIS2_PLACEMENT_3D('',#1597,#1598,#1599);
#1602=CARTESIAN_POINT('',(-3.022306755955E-1,-1.473912338671E1,
1.922742938009E0));
#1603=CARTESIAN_POINT('',(-2.757455056769E-1,-1.473961385282E1,
1.922705106497E0));
#1604=CARTESIAN_POINT('',(-2.492603357629E-1,-1.474010431893E1,
1.922667271690E0));
#1605=CARTESIAN_POINT('',(-2.227751658536E-1,-1.474059478504E1,
1.922629433588E0));
#1607=CARTESIAN_POINT('',(7.955687544770E-1,-1.372225086471E1,
1.996460746108E0));
#1608=CARTESIAN_POINT('',(7.971961040936E-1,-1.381012774401E1,
1.990497545108E0));
#1609=CARTESIAN_POINT('',(7.775800813616E-1,-1.398748847998E1,
1.978249188948E0));
#1610=CARTESIAN_POINT('',(6.739814264560E-1,-1.424427852255E1,
1.959880653831E0));
#1611=CARTESIAN_POINT('',(5.105756188254E-1,-1.445651069219E1,
1.944230361239E0));
#1612=CARTESIAN_POINT('',(2.980655979189E-1,-1.461964714604E1,
1.931920555348E0));
#1613=CARTESIAN_POINT('',(4.194231805131E-2,-1.472266253147E1,
1.924017043207E0));
#1614=CARTESIAN_POINT('',(-1.350888674292E-1,-1.474221860538E1,
1.922504160347E0));
#1615=CARTESIAN_POINT('',(-2.227751658541E-1,-1.474059478504E1,
1.922629433588E0));
#1617=DIRECTION('',(0.E0,1.425120562318E-14,1.E0));
#1618=VECTOR('',#1617,1.246460746108E0);
#1619=CARTESIAN_POINT('',(7.955687544770E-1,-1.372225086471E1,7.5E-1));
#1620=LINE('',#1619,#1618);
#1621=DIRECTION('',(-1.858057305589E-14,0.E0,-1.E0));
#1622=VECTOR('',#1621,1.172629433588E0);
#1623=CARTESIAN_POINT('',(-2.227751658541E-1,-1.474059478504E1,
1.922629433588E0));
#1624=LINE('',#1623,#1622);
#1625=CARTESIAN_POINT('',(6.843907319452E-1,-6.718637647997E0,
2.248968050656E0));
#1626=CARTESIAN_POINT('',(6.859833845186E-1,-6.804640886960E0,
2.248596360639E0));
#1627=CARTESIAN_POINT('',(6.672121534954E-1,-6.978236806581E0,
2.247643411121E0));
#1628=CARTESIAN_POINT('',(5.683618750210E-1,-7.229823381047E0,
2.245659173308E0));
#1629=CARTESIAN_POINT('',(4.110034570493E-1,-7.440421161430E0,
2.243543420871E0));
#1630=CARTESIAN_POINT('',(2.067164521380E-1,-7.603828570806E0,
2.241624537303E0));
#1631=CARTESIAN_POINT('',(-4.263504638948E-2,-7.711607905942E0,
2.240221827055E0));
#1632=CARTESIAN_POINT('',(-2.159663345378E-1,-7.735926366456E0,
2.239888408599E0));
#1633=CARTESIAN_POINT('',(-3.022306755956E-1,-7.737065773546E0,
2.239872981530E0));
#1635=DIRECTION('',(0.E0,0.E0,1.E0));
#1636=VECTOR('',#1635,1.498968050656E0);
#1637=CARTESIAN_POINT('',(6.843907319452E-1,-6.718637647997E0,7.5E-1));
#1638=LINE('',#1637,#1636);
#1639=DIRECTION('',(0.E0,0.E0,-1.E0));
#1640=VECTOR('',#1639,1.489872981530E0);
#1641=CARTESIAN_POINT('',(-3.022306755956E-1,-7.737065773546E0,
2.239872981530E0));
#1642=LINE('',#1641,#1640);
#1643=CARTESIAN_POINT('',(-3.022306755956E-1,-4.736036966961E0,
2.239749934235E0));
#1644=CARTESIAN_POINT('',(-2.189305649396E-1,-4.738683554567E0,
2.239785984933E0));
#1645=CARTESIAN_POINT('',(-5.207275514822E-2,-4.764561888481E0,
2.240141958325E0));
#1646=CARTESIAN_POINT('',(1.873939342648E-1,-4.869396850747E0,
2.241511931332E0));
#1647=CARTESIAN_POINT('',(3.849385074299E-1,-5.025720075379E0,
2.243363575927E0));
#1648=CARTESIAN_POINT('',(5.394108931400E-1,-5.226298162406E0,
2.245415488455E0));
#1649=CARTESIAN_POINT('',(6.406238470074E-1,-5.466699664020E0,
2.247380443174E0));
#1650=CARTESIAN_POINT('',(6.643007940474E-1,-5.633781001513E0,
2.248362496320E0));
#1651=CARTESIAN_POINT('',(6.658422066809E-1,-5.717017283724E0,
2.248757262467E0));
#1653=DIRECTION('',(0.E0,0.E0,1.E0));
#1654=VECTOR('',#1653,1.489749934235E0);
#1655=CARTESIAN_POINT('',(-3.022306755956E-1,-4.736036966961E0,7.5E-1));
#1656=LINE('',#1655,#1654);
#1657=DIRECTION('',(0.E0,0.E0,-1.E0));
#1658=VECTOR('',#1657,1.498757262467E0);
#1659=CARTESIAN_POINT('',(6.658422066809E-1,-5.717017283724E0,
2.248757262467E0));
#1660=LINE('',#1659,#1658);
#1661=DIRECTION('',(-9.999996160875E-1,-8.762561776130E-4,2.822027239452E-13));
#1662=VECTOR('',#1661,1.691677152916E-2);
#1663=CARTESIAN_POINT('',(5.367019926186E-1,3.170074410937E0,7.5E-1));
#1664=LINE('',#1663,#1662);
#1665=DIRECTION('',(9.999996160875E-1,8.762561776130E-4,-2.756398698999E-13));
#1666=VECTOR('',#1665,1.691677152916E-2);
#1667=CARTESIAN_POINT('',(5.197852275840E-1,3.170059587511E0,-7.5E-1));
#1668=LINE('',#1667,#1666);
#1669=CARTESIAN_POINT('',(1.197769324404E0,2.005891835921E1,3.5E0));
#1670=DIRECTION('',(0.E0,0.E0,1.E0));
#1671=DIRECTION('',(0.E0,1.E0,0.E0));
#1672=AXIS2_PLACEMENT_3D('',#1669,#1670,#1671);
#1674=CARTESIAN_POINT('',(2.519776932440E1,2.005891835921E1,3.5E0));
#1675=DIRECTION('',(0.E0,0.E0,1.E0));
#1676=DIRECTION('',(1.E0,0.E0,0.E0));
#1677=AXIS2_PLACEMENT_3D('',#1674,#1675,#1676);
#1679=DIRECTION('',(0.E0,-1.E0,0.E0));
#1680=VECTOR('',#1679,4.E0);
#1681=CARTESIAN_POINT('',(2.819776932440E1,2.005891835921E1,3.5E0));
#1682=LINE('',#1681,#1680);
#1683=DIRECTION('',(0.E0,1.E0,0.E0));
#1684=VECTOR('',#1683,4.E0);
#1685=CARTESIAN_POINT('',(-1.802230675596E0,1.605891835921E1,3.5E0));
#1686=LINE('',#1685,#1684);
#1687=DIRECTION('',(0.E0,0.E0,1.E0));
#1688=VECTOR('',#1687,4.25E0);
#1689=CARTESIAN_POINT('',(1.197769324404E0,2.305891835921E1,-7.5E-1));
#1690=LINE('',#1689,#1688);
#1691=DIRECTION('',(-1.E0,0.E0,0.E0));
#1692=VECTOR('',#1691,2.4E1);
#1693=CARTESIAN_POINT('',(2.519776932440E1,2.305891835921E1,-7.5E-1));
#1694=LINE('',#1693,#1692);
#1695=DIRECTION('',(0.E0,0.E0,-1.E0));
#1696=VECTOR('',#1695,4.25E0);
#1697=CARTESIAN_POINT('',(2.519776932440E1,2.305891835921E1,3.5E0));
#1698=LINE('',#1697,#1696);
#1699=DIRECTION('',(1.E0,0.E0,0.E0));
#1700=VECTOR('',#1699,2.4E1);
#1701=CARTESIAN_POINT('',(1.197769324404E0,2.305891835921E1,3.5E0));
#1702=LINE('',#1701,#1700);
#1703=DIRECTION('',(0.E0,0.E0,-1.E0));
#1704=VECTOR('',#1703,3.E0);
#1705=CARTESIAN_POINT('',(2.819776932440E1,-1.144108164079E1,1.425E1));
#1706=LINE('',#1705,#1704);
#1707=DIRECTION('',(0.E0,1.E0,0.E0));
#1708=VECTOR('',#1707,1.4E1);
#1709=CARTESIAN_POINT('',(2.819776932440E1,-1.144108164079E1,1.125E1));
#1710=LINE('',#1709,#1708);
#1711=DIRECTION('',(0.E0,0.E0,-1.E0));
#1712=VECTOR('',#1711,3.E0);
#1713=CARTESIAN_POINT('',(2.819776932440E1,2.558918359208E0,1.425E1));
#1714=LINE('',#1713,#1712);
#1715=DIRECTION('',(0.E0,0.E0,-1.E0));
#1716=VECTOR('',#1715,1.075E1);
#1717=CARTESIAN_POINT('',(2.819776932440E1,1.605891835921E1,1.425E1));
#1718=LINE('',#1717,#1716);
#1719=DIRECTION('',(0.E0,0.E0,-1.E0));
#1720=VECTOR('',#1719,4.25E0);
#1721=CARTESIAN_POINT('',(2.819776932440E1,2.005891835921E1,3.5E0));
#1722=LINE('',#1721,#1720);
#1723=DIRECTION('',(0.E0,-1.E0,0.E0));
#1724=VECTOR('',#1723,4.9E1);
#1725=CARTESIAN_POINT('',(2.819776932440E1,2.005891835921E1,-7.5E-1));
#1726=LINE('',#1725,#1724);
#1727=DIRECTION('',(0.E0,0.E0,1.E0));
#1728=VECTOR('',#1727,4.25E0);
#1729=CARTESIAN_POINT('',(2.819776932440E1,-2.894108164079E1,-7.5E-1));
#1730=LINE('',#1729,#1728);
#1731=DIRECTION('',(0.E0,0.E0,-1.E0));
#1732=VECTOR('',#1731,1.075E1);
#1733=CARTESIAN_POINT('',(2.819776932440E1,-2.494108164079E1,1.425E1));
#1734=LINE('',#1733,#1732);
#1735=CARTESIAN_POINT('',(2.319776932440E1,1.605891835921E1,3.5E0));
#1736=DIRECTION('',(0.E0,0.E0,-1.E0));
#1737=DIRECTION('',(0.E0,1.E0,0.E0));
#1738=AXIS2_PLACEMENT_3D('',#1735,#1736,#1737);
#1740=CARTESIAN_POINT('',(1.197769324404E0,-2.894108164079E1,3.5E0));
#1741=DIRECTION('',(0.E0,0.E0,1.E0));
#1742=DIRECTION('',(-1.E0,0.E0,0.E0));
#1743=AXIS2_PLACEMENT_3D('',#1740,#1741,#1742);
#1745=DIRECTION('',(0.E0,1.E0,0.E0));
#1746=VECTOR('',#1745,4.E0);
#1747=CARTESIAN_POINT('',(-1.802230675596E0,-2.894108164079E1,3.5E0));
#1748=LINE('',#1747,#1746);
#1749=DIRECTION('',(0.E0,-1.E0,0.E0));
#1750=VECTOR('',#1749,4.E0);
#1751=CARTESIAN_POINT('',(2.819776932440E1,-2.494108164079E1,3.5E0));
#1752=LINE('',#1751,#1750);
#1753=CARTESIAN_POINT('',(2.519776932440E1,-2.894108164079E1,3.5E0));
#1754=DIRECTION('',(0.E0,0.E0,1.E0));
#1755=DIRECTION('',(0.E0,-1.E0,0.E0));
#1756=AXIS2_PLACEMENT_3D('',#1753,#1754,#1755);
#1758=DIRECTION('',(0.E0,0.E0,-1.E0));
#1759=VECTOR('',#1758,4.25E0);
#1760=CARTESIAN_POINT('',(1.197769324404E0,-3.194108164079E1,3.5E0));
#1761=LINE('',#1760,#1759);
#1762=DIRECTION('',(-1.E0,0.E0,0.E0));
#1763=VECTOR('',#1762,2.4E1);
#1764=CARTESIAN_POINT('',(2.519776932440E1,-3.194108164079E1,3.5E0));
#1765=LINE('',#1764,#1763);
#1766=DIRECTION('',(0.E0,0.E0,1.E0));
#1767=VECTOR('',#1766,4.25E0);
#1768=CARTESIAN_POINT('',(2.519776932440E1,-3.194108164079E1,-7.5E-1));
#1769=LINE('',#1768,#1767);
#1770=DIRECTION('',(1.E0,0.E0,0.E0));
#1771=VECTOR('',#1770,2.4E1);
#1772=CARTESIAN_POINT('',(1.197769324404E0,-3.194108164079E1,-7.5E-1));
#1773=LINE('',#1772,#1771);
#1774=CARTESIAN_POINT('',(2.319776932440E1,-2.494108164079E1,3.5E0));
#1775=DIRECTION('',(0.E0,0.E0,-1.E0));
#1776=DIRECTION('',(1.E0,0.E0,0.E0));
#1777=AXIS2_PLACEMENT_3D('',#1774,#1775,#1776);
#1779=CARTESIAN_POINT('',(3.197769324404E0,1.605891835921E1,3.5E0));
#1780=DIRECTION('',(0.E0,0.E0,-1.E0));
#1781=DIRECTION('',(-1.E0,0.E0,0.E0));
#1782=AXIS2_PLACEMENT_3D('',#1779,#1780,#1781);
#1784=CARTESIAN_POINT('',(4.810549430583E-1,6.261494951897E0,1.540416606113E0));
#1785=CARTESIAN_POINT('',(4.823508681800E-1,6.191514995323E0,1.548385696623E0));
#1786=CARTESIAN_POINT('',(4.699673979295E-1,6.057739218798E0,1.563481487520E0));
#1787=CARTESIAN_POINT('',(4.204046645692E-1,5.885565584063E0,1.582613808257E0));
#1788=CARTESIAN_POINT('',(3.477974755079E-1,5.735337121942E0,1.599087094599E0));
#1789=CARTESIAN_POINT('',(2.567090214221E-1,5.604777049465E0,1.613237054858E0));
#1790=CARTESIAN_POINT('',(1.415659078613E-1,5.485863924808E0,1.625988436175E0));
#1791=CARTESIAN_POINT('',(7.138668511488E-3,5.386957884605E0,1.636492582708E0));
#1792=CARTESIAN_POINT('',(-1.430666436625E-1,5.311227004014E0,
1.644474190261E0));
#1793=CARTESIAN_POINT('',(-2.486595404381E-1,5.278588901572E0,
1.647895035959E0));
#1794=CARTESIAN_POINT('',(-3.022306755956E-1,5.266706517264E0,
1.649139267372E0));
#1796=DIRECTION('',(0.E0,-1.348420687770E-14,1.E0));
#1797=VECTOR('',#1796,7.904166061134E-1);
#1798=CARTESIAN_POINT('',(4.810549430583E-1,6.261494951897E0,7.5E-1));
#1799=LINE('',#1798,#1797);
#1800=DIRECTION('',(0.E0,0.E0,-1.E0));
#1801=VECTOR('',#1800,8.991392673724E-1);
#1802=CARTESIAN_POINT('',(-3.022306755956E-1,5.266706517264E0,
1.649139267372E0));
#1803=LINE('',#1802,#1801);
#1804=CARTESIAN_POINT('',(-3.022306755956E-1,1.505891835921E1,7.5E-1));
#1805=CARTESIAN_POINT('',(2.669776932440E1,1.505891835921E1,7.5E-1));
#1806=VERTEX_POINT('',#1804);
#1807=VERTEX_POINT('',#1805);
#1808=CARTESIAN_POINT('',(-3.022306755956E-1,-2.394108164079E1,7.5E-1));
#1809=CARTESIAN_POINT('',(-3.022306755956E-1,-2.074118099988E1,7.5E-1));
#1810=VERTEX_POINT('',#1808);
#1811=VERTEX_POINT('',#1809);
#1812=CARTESIAN_POINT('',(-3.022306755956E-1,7.267392388320E0,7.5E-1));
#1813=VERTEX_POINT('',#1812);
#1814=CARTESIAN_POINT('',(2.669776932440E1,6.767392388320E0,7.5E-1));
#1815=VERTEX_POINT('',#1814);
#1816=CARTESIAN_POINT('',(-1.115878207046E-1,-2.074471142312E1,7.5E-1));
#1817=VERTEX_POINT('',#1816);
#1818=CARTESIAN_POINT('',(4.801597824617E-1,6.309833624113E0,7.5E-1));
#1819=VERTEX_POINT('',#1818);
#1820=CARTESIAN_POINT('',(2.590608211365E1,5.807808978653E0,7.5E-1));
#1821=VERTEX_POINT('',#1820);
#1822=CARTESIAN_POINT('',(2.594356181210E1,7.831712695007E0,7.5E-1));
#1823=VERTEX_POINT('',#1822);
#1824=CARTESIAN_POINT('',(2.669776932440E1,-2.394108164079E1,7.5E-1));
#1825=CARTESIAN_POINT('',(2.669776932440E1,-2.124118099988E1,7.5E-1));
#1826=VERTEX_POINT('',#1824);
#1827=VERTEX_POINT('',#1825);
#1828=CARTESIAN_POINT('',(6.020113610861E-1,-1.029127727689E0,-7.5E-1));
#1829=CARTESIAN_POINT('',(6.020113610861E-1,-1.029127727689E0,7.5E-1));
#1830=VERTEX_POINT('',#1828);
#1831=VERTEX_POINT('',#1829);
#1832=CARTESIAN_POINT('',(9.067560996266E-1,-1.972636750279E1,
7.499999999999E-1));
#1833=CARTESIAN_POINT('',(6.140343044880E-1,-2.045198962798E1,
7.499999999999E-1));
#1834=VERTEX_POINT('',#1832);
#1835=VERTEX_POINT('',#1833);
#1836=VERTEX_POINT('',#516);
#1837=VERTEX_POINT('',#519);
#1838=CARTESIAN_POINT('',(4.519768367044E-1,7.831712695007E0,7.5E-1));
#1839=VERTEX_POINT('',#1838);
#1840=VERTEX_POINT('',#1239);
#1841=CARTESIAN_POINT('',(5.733833206286E-1,2.757625631007E-1,7.5E-1));
#1842=CARTESIAN_POINT('',(-3.022306755956E-1,-7.350081603769E-1,7.5E-1));
#1843=VERTEX_POINT('',#1841);
#1844=VERTEX_POINT('',#1842);
#1845=CARTESIAN_POINT('',(6.416468619536E-1,-3.169444774537E0,7.5E-1));
#1846=VERTEX_POINT('',#1845);
#1847=CARTESIAN_POINT('',(6.416468619536E-1,-3.169444774537E0,-7.5E-1));
#1848=VERTEX_POINT('',#1847);
#1849=CARTESIAN_POINT('',(-3.022306755956E-1,-1.774015219330E1,7.5E-1));
#1850=CARTESIAN_POINT('',(-3.022306755956E-1,-1.473912338671E1,7.5E-1));
#1851=VERTEX_POINT('',#1849);
#1852=VERTEX_POINT('',#1850);
#1853=CARTESIAN_POINT('',(9.292539803984E-1,-2.094125306447E1,7.5E-1));
#1854=VERTEX_POINT('',#1853);
#1855=CARTESIAN_POINT('',(1.357276932441E1,-2.294096928115E1,7.5E-1));
#1856=VERTEX_POINT('',#1855);
#1857=VERTEX_POINT('',#521);
#1858=CARTESIAN_POINT('',(-3.022306755956E-1,2.266020646208E0,7.5E-1));
#1859=CARTESIAN_POINT('',(-3.022306755956E-1,5.266706517264E0,7.5E-1));
#1860=VERTEX_POINT('',#1858);
#1861=VERTEX_POINT('',#1859);
#1862=VERTEX_POINT('',#1272);
#1863=CARTESIAN_POINT('',(2.659776932440E1,1.205891835921E1,7.5E-1));
#1864=VERTEX_POINT('',#1863);
#1865=CARTESIAN_POINT('',(2.594356181210E1,7.831712695007E0,-7.5E-1));
#1866=VERTEX_POINT('',#1865);
#1867=CARTESIAN_POINT('',(2.669776932440E1,1.766020646208E0,7.5E-1));
#1868=CARTESIAN_POINT('',(2.669776932440E1,4.766706517264E0,7.5E-1));
#1869=VERTEX_POINT('',#1867);
#1870=VERTEX_POINT('',#1868);
#1871=CARTESIAN_POINT('',(2.646098310286E1,-2.123679606985E1,7.5E-1));
#1872=VERTEX_POINT('',#1871);
#1873=CARTESIAN_POINT('',(6.088348927935E-1,-1.029127727689E0,-7.5E-1));
#1874=VERTEX_POINT('',#1873);
#1875=CARTESIAN_POINT('',(6.088348927935E-1,-1.029127727689E0,7.5E-1));
#1876=VERTEX_POINT('',#1875);
#1877=CARTESIAN_POINT('',(-9.309471026522E-2,-1.774402508155E1,7.5E-1));
#1878=VERTEX_POINT('',#1877);
#1879=VERTEX_POINT('',#486);
#1880=CARTESIAN_POINT('',(1.332276932441E1,-2.294096928115E1,7.5E-1));
#1881=VERTEX_POINT('',#1880);
#1882=CARTESIAN_POINT('',(2.547966987054E1,-2.021845214952E1,7.5E-1));
#1883=VERTEX_POINT('',#1882);
#1884=CARTESIAN_POINT('',(2.446096163057E1,-2.210297844557E1,-7.5E-1));
#1885=VERTEX_POINT('',#1884);
#1886=CARTESIAN_POINT('',(4.810549430583E-1,6.261494951897E0,7.5E-1));
#1887=VERTEX_POINT('',#1886);
#1888=CARTESIAN_POINT('',(-2.022306755955E-1,1.205891835921E1,7.5E-1));
#1889=VERTEX_POINT('',#1888);
#1890=CARTESIAN_POINT('',(4.519768367044E-1,7.831712695007E0,-7.5E-1));
#1891=VERTEX_POINT('',#1890);
#1892=VERTEX_POINT('',#1244);
#1893=CARTESIAN_POINT('',(2.659776932440E1,8.292102835535E0,-7.5E-1));
#1894=VERTEX_POINT('',#1893);
#1895=CARTESIAN_POINT('',(2.590526148233E1,5.763494887143E0,7.5E-1));
#1896=VERTEX_POINT('',#1895);
#1897=CARTESIAN_POINT('',(-3.022306755956E-1,-4.736036966961E0,7.5E-1));
#1898=VERTEX_POINT('',#1897);
#1899=CARTESIAN_POINT('',(5.594321138770E-1,1.029127727689E0,7.5E-1));
#1900=VERTEX_POINT('',#1899);
#1901=CARTESIAN_POINT('',(6.186649379923E-1,-3.169444774537E0,7.5E-1));
#1902=VERTEX_POINT('',#1901);
#1903=CARTESIAN_POINT('',(6.186649379923E-1,-3.169444774537E0,-7.5E-1));
#1904=VERTEX_POINT('',#1903);
#1905=CARTESIAN_POINT('',(-2.227751658541E-1,-1.474059478504E1,7.5E-1));
#1906=VERTEX_POINT('',#1905);
#1907=CARTESIAN_POINT('',(1.282276932441E1,-2.294096928115E1,7.5E-1));
#1908=VERTEX_POINT('',#1907);
#1909=CARTESIAN_POINT('',(9.292539803984E-1,-2.094125306447E1,-7.5E-1));
#1910=VERTEX_POINT('',#1909);
#1911=CARTESIAN_POINT('',(1.307276932440E1,-2.294096928115E1,7.5E-1));
#1912=VERTEX_POINT('',#1911);
#1913=CARTESIAN_POINT('',(1.357276932441E1,-2.294096928115E1,-7.5E-1));
#1914=VERTEX_POINT('',#1913);
#1915=CARTESIAN_POINT('',(2.546628466841E1,-2.094125306447E1,-7.5E-1));
#1916=VERTEX_POINT('',#1915);
#1917=CARTESIAN_POINT('',(5.545117801540E-1,1.294825748729E0,7.5E-1));
#1918=VERTEX_POINT('',#1917);
#1919=VERTEX_POINT('',#1267);
#1920=CARTESIAN_POINT('',(-2.022306755956E-1,8.292102835535E0,-7.5E-1));
#1921=VERTEX_POINT('',#1920);
#1922=CARTESIAN_POINT('',(1.357276932440E1,1.405882502542E1,7.5E-1));
#1923=VERTEX_POINT('',#1922);
#1924=CARTESIAN_POINT('',(2.659776932440E1,1.205891835921E1,-7.5E-1));
#1925=VERTEX_POINT('',#1924);
#1926=CARTESIAN_POINT('',(2.583174357733E1,7.935280170442E-1,7.5E-1));
#1927=VERTEX_POINT('',#1926);
#1928=CARTESIAN_POINT('',(2.669776932440E1,-1.824015219330E1,7.5E-1));
#1929=CARTESIAN_POINT('',(2.669776932440E1,-1.523912338671E1,7.5E-1));
#1930=VERTEX_POINT('',#1928);
#1931=VERTEX_POINT('',#1929);
#1932=CARTESIAN_POINT('',(6.658422066809E-1,-5.717017283724E0,7.5E-1));
#1933=VERTEX_POINT('',#1932);
#1934=CARTESIAN_POINT('',(6.088348927935E-1,1.029127727689E0,7.5E-1));
#1935=VERTEX_POINT('',#1934);
#1936=CARTESIAN_POINT('',(6.088348927935E-1,1.029127727689E0,-7.5E-1));
#1937=VERTEX_POINT('',#1936);
#1938=CARTESIAN_POINT('',(5.594321138770E-1,1.029127727689E0,-7.5E-1));
#1939=VERTEX_POINT('',#1938);
#1940=CARTESIAN_POINT('',(5.954967269153E-1,-1.803674687668E1,7.5E-1));
#1941=VERTEX_POINT('',#1940);
#1942=CARTESIAN_POINT('',(8.882185220539E-1,-1.872533831386E1,7.5E-1));
#1943=VERTEX_POINT('',#1942);
#1944=CARTESIAN_POINT('',(7.955687544770E-1,-1.372225086471E1,
7.499999999999E-1));
#1945=CARTESIAN_POINT('',(5.028469593384E-1,-1.444787298990E1,
7.499999999999E-1));
#1946=VERTEX_POINT('',#1944);
#1947=VERTEX_POINT('',#1945);
#1948=CARTESIAN_POINT('',(1.934577018234E0,-2.210297844557E1,-7.5E-1));
#1949=VERTEX_POINT('',#1948);
#1950=CARTESIAN_POINT('',(7.317350186948E-1,-1.027522913247E1,-7.5E-1));
#1951=VERTEX_POINT('',#1950);
#1952=CARTESIAN_POINT('',(1.332276932441E1,-2.294096928115E1,-7.5E-1));
#1953=VERTEX_POINT('',#1952);
#1954=CARTESIAN_POINT('',(5.197852275840E-1,3.170059587511E0,7.5E-1));
#1955=VERTEX_POINT('',#1954);
#1956=CARTESIAN_POINT('',(1.282276932439E1,1.405882502542E1,7.5E-1));
#1957=VERTEX_POINT('',#1956);
#1958=CARTESIAN_POINT('',(-2.022306755955E-1,1.205891835921E1,-7.5E-1));
#1959=VERTEX_POINT('',#1958);
#1960=CARTESIAN_POINT('',(1.332276932441E1,1.405882502542E1,7.5E-1));
#1961=VERTEX_POINT('',#1960);
#1962=CARTESIAN_POINT('',(2.560881309937E1,1.320712627049E1,-7.5E-1));
#1963=VERTEX_POINT('',#1962);
#1964=CARTESIAN_POINT('',(2.587575342122E1,3.170059587511E0,7.5E-1));
#1965=VERTEX_POINT('',#1964);
#1966=CARTESIAN_POINT('',(2.651653865841E1,-1.823679606985E1,7.5E-1));
#1967=VERTEX_POINT('',#1966);
#1968=CARTESIAN_POINT('',(5.197852275840E-1,3.170059587511E0,-7.5E-1));
#1969=VERTEX_POINT('',#1968);
#1970=CARTESIAN_POINT('',(-3.022306755956E-1,-1.173809458013E1,7.5E-1));
#1971=CARTESIAN_POINT('',(-3.022306755956E-1,-7.737065773546E0,7.5E-1));
#1972=VERTEX_POINT('',#1970);
#1973=VERTEX_POINT('',#1971);
#1974=CARTESIAN_POINT('',(1.282276932440E1,-2.294096928115E1,-7.5E-1));
#1975=VERTEX_POINT('',#1974);
#1976=CARTESIAN_POINT('',(7.317350186948E-1,-1.027522913247E1,7.5E-1));
#1977=VERTEX_POINT('',#1976);
#1978=CARTESIAN_POINT('',(1.307276932440E1,-2.294096928115E1,-7.5E-1));
#1979=VERTEX_POINT('',#1978);
#1980=CARTESIAN_POINT('',(2.566380363011E1,-1.027522913247E1,-7.5E-1));
#1981=VERTEX_POINT('',#1980);
#1982=CARTESIAN_POINT('',(5.367019926186E-1,3.170074410937E0,7.5E-1));
#1983=VERTEX_POINT('',#1982);
#1984=CARTESIAN_POINT('',(1.307276932439E1,1.405882502542E1,7.5E-1));
#1985=VERTEX_POINT('',#1984);
#1986=CARTESIAN_POINT('',(7.867255494374E-1,1.320712627049E1,-7.5E-1));
#1987=VERTEX_POINT('',#1986);
#1988=CARTESIAN_POINT('',(1.357276932440E1,1.405882502542E1,-7.5E-1));
#1989=VERTEX_POINT('',#1988);
#1990=CARTESIAN_POINT('',(1.332276932441E1,1.405882502542E1,-7.5E-1));
#1991=VERTEX_POINT('',#1990);
#1992=CARTESIAN_POINT('',(2.669776932440E1,-5.236036966961E0,7.5E-1));
#1993=CARTESIAN_POINT('',(2.669776932440E1,-1.235008160377E0,7.5E-1));
#1994=VERTEX_POINT('',#1992);
#1995=VERTEX_POINT('',#1993);
#1996=CARTESIAN_POINT('',(2.585883665619E1,3.170074410937E0,7.5E-1));
#1997=VERTEX_POINT('',#1996);
#1998=CARTESIAN_POINT('',(2.657209421397E1,-1.523679606985E1,7.5E-1));
#1999=VERTEX_POINT('',#1998);
#2000=CARTESIAN_POINT('',(5.367019926186E-1,3.170074410937E0,-7.5E-1));
#2001=VERTEX_POINT('',#2000);
#2002=CARTESIAN_POINT('',(-2.042820554148E-1,-1.173990844347E1,7.5E-1));
#2003=VERTEX_POINT('',#2002);
#2004=CARTESIAN_POINT('',(7.770311769043E-1,-1.272122167579E1,7.5E-1));
#2005=VERTEX_POINT('',#2004);
#2006=CARTESIAN_POINT('',(7.520276380056E-1,-1.027524555089E1,-7.5E-1));
#2007=VERTEX_POINT('',#2006);
#2008=CARTESIAN_POINT('',(2.566380363011E1,-1.027522913247E1,7.5E-1));
#2009=VERTEX_POINT('',#2008);
#2010=CARTESIAN_POINT('',(2.560930584919E1,-1.321810930217E1,7.5E-1));
#2011=VERTEX_POINT('',#2010);
#2012=CARTESIAN_POINT('',(2.564351101080E1,-1.027524555089E1,-7.5E-1));
#2013=VERTEX_POINT('',#2012);
#2014=CARTESIAN_POINT('',(1.282276932440E1,1.405882502542E1,-7.5E-1));
#2015=VERTEX_POINT('',#2014);
#2016=CARTESIAN_POINT('',(2.585883665619E1,3.170074410937E0,-7.5E-1));
#2017=CARTESIAN_POINT('',(2.587575342122E1,3.170059587511E0,-7.5E-1));
#2018=VERTEX_POINT('',#2016);
#2019=VERTEX_POINT('',#2017);
#2020=CARTESIAN_POINT('',(1.307276932439E1,1.405882502542E1,-7.5E-1));
#2021=VERTEX_POINT('',#2020);
#2022=CARTESIAN_POINT('',(2.580133752603E1,-6.073748592089E-1,7.5E-1));
#2023=VERTEX_POINT('',#2022);
#2024=CARTESIAN_POINT('',(2.587053166633E1,-1.493086073457E1,7.5E-1));
#2025=VERTEX_POINT('',#2024);
#2026=CARTESIAN_POINT('',(2.559078098165E1,-1.421845214952E1,7.5E-1));
#2027=VERTEX_POINT('',#2026);
#2028=CARTESIAN_POINT('',(2.549819473808E1,-1.921810930217E1,7.5E-1));
#2029=CARTESIAN_POINT('',(2.580413007337E1,-1.851654675453E1,7.5E-1));
#2030=VERTEX_POINT('',#2028);
#2031=VERTEX_POINT('',#2029);
#2032=CARTESIAN_POINT('',(2.668320532508E1,-8.236796069854E0,7.5E-1));
#2033=CARTESIAN_POINT('',(2.570189209276E1,-7.218452149523E0,7.5E-1));
#2034=VERTEX_POINT('',#2032);
#2035=VERTEX_POINT('',#2033);
#2036=CARTESIAN_POINT('',(6.843907319452E-1,-6.718637647997E0,7.5E-1));
#2037=VERTEX_POINT('',#2036);
#2038=CARTESIAN_POINT('',(7.520276380056E-1,-1.027524555089E1,7.5E-1));
#2039=VERTEX_POINT('',#2038);
#2040=CARTESIAN_POINT('',(2.591524118448E1,-1.251654675453E1,7.5E-1));
#2041=VERTEX_POINT('',#2040);
#2042=CARTESIAN_POINT('',(2.662764976952E1,-1.223679606985E1,7.5E-1));
#2043=VERTEX_POINT('',#2042);
#2044=CARTESIAN_POINT('',(2.580356973879E1,-6.073473167688E-1,-7.5E-1));
#2045=VERTEX_POINT('',#2044);
#2046=CARTESIAN_POINT('',(2.572043252792E1,-6.217268650877E0,7.5E-1));
#2047=VERTEX_POINT('',#2046);
#2048=CARTESIAN_POINT('',(2.575389178686E1,-3.169444774537E0,7.5E-1));
#2049=VERTEX_POINT('',#2048);
#2050=CARTESIAN_POINT('',(2.669776932440E1,-1.223809458013E1,7.5E-1));
#2051=CARTESIAN_POINT('',(2.669776932440E1,-8.237065773545E0,7.5E-1));
#2052=VERTEX_POINT('',#2050);
#2053=VERTEX_POINT('',#2051);
#2054=CARTESIAN_POINT('',(4.843093817657E-1,-1.203263023861E1,7.5E-1));
#2055=VERTEX_POINT('',#2054);
#2056=CARTESIAN_POINT('',(2.564351101080E1,-1.027524555089E1,7.5E-1));
#2057=VERTEX_POINT('',#2056);
#2058=CARTESIAN_POINT('',(2.577687371082E1,-3.169444774537E0,7.5E-1));
#2059=VERTEX_POINT('',#2058);
#2060=CARTESIAN_POINT('',(2.575389178686E1,-3.169444774537E0,-7.5E-1));
#2061=VERTEX_POINT('',#2060);
#2062=CARTESIAN_POINT('',(2.577687371082E1,-3.169444774537E0,-7.5E-1));
#2063=VERTEX_POINT('',#2062);
#2064=CARTESIAN_POINT('',(1.159776932440E1,1.815891835921E1,4.85E0));
#2065=CARTESIAN_POINT('',(1.479776932440E1,1.815891835921E1,4.85E0));
#2066=VERTEX_POINT('',#2064);
#2067=VERTEX_POINT('',#2065);
#2068=CARTESIAN_POINT('',(1.159776932440E1,-2.704108164079E1,4.85E0));
#2069=CARTESIAN_POINT('',(1.479776932440E1,-2.704108164079E1,4.85E0));
#2070=VERTEX_POINT('',#2068);
#2071=VERTEX_POINT('',#2069);
#2072=VERTEX_POINT('',#544);
#2073=VERTEX_POINT('',#554);
#2074=VERTEX_POINT('',#539);
#2075=VERTEX_POINT('',#542);
#2076=VERTEX_POINT('',#1373);
#2077=VERTEX_POINT('',#1383);
#2078=VERTEX_POINT('',#626);
#2079=VERTEX_POINT('',#1565);
#2080=VERTEX_POINT('',#1568);
#2081=VERTEX_POINT('',#840);
#2082=VERTEX_POINT('',#843);
#2083=VERTEX_POINT('',#849);
#2084=VERTEX_POINT('',#852);
#2085=VERTEX_POINT('',#1602);
#2086=VERTEX_POINT('',#1605);
#2087=VERTEX_POINT('',#1794);
#2088=VERTEX_POINT('',#577);
#2089=VERTEX_POINT('',#587);
#2090=VERTEX_POINT('',#854);
#2091=VERTEX_POINT('',#872);
#2092=VERTEX_POINT('',#1643);
#2093=VERTEX_POINT('',#1651);
#2094=VERTEX_POINT('',#807);
#2095=VERTEX_POINT('',#1633);
#2096=VERTEX_POINT('',#1393);
#2097=VERTEX_POINT('',#1403);
#2098=VERTEX_POINT('',#1225);
#2099=VERTEX_POINT('',#1471);
#2100=VERTEX_POINT('',#1479);
#2101=VERTEX_POINT('',#1413);
#2102=VERTEX_POINT('',#942);
#2103=VERTEX_POINT('',#950);
#2104=VERTEX_POINT('',#1114);
#2105=VERTEX_POINT('',#928);
#2106=VERTEX_POINT('',#933);
#2107=VERTEX_POINT('',#936);
#2108=VERTEX_POINT('',#963);
#2109=VERTEX_POINT('',#1433);
#2110=VERTEX_POINT('',#1443);
#2111=VERTEX_POINT('',#1005);
#2112=VERTEX_POINT('',#1008);
#2113=VERTEX_POINT('',#1032);
#2114=VERTEX_POINT('',#1461);
#2115=VERTEX_POINT('',#1492);
#2116=VERTEX_POINT('',#1171);
#2117=VERTEX_POINT('',#1178);
#2118=VERTEX_POINT('',#1519);
#2119=VERTEX_POINT('',#1505);
#2120=CARTESIAN_POINT('',(2.669776932440E1,-2.124118099988E1,1.227152955388E0));
#2121=VERTEX_POINT('',#2120);
#2122=CARTESIAN_POINT('',(7.297769324404E0,1.505891835921E1,8.8E0));
#2123=CARTESIAN_POINT('',(4.097769324404E0,1.505891835921E1,8.8E0));
#2124=VERTEX_POINT('',#2122);
#2125=VERTEX_POINT('',#2123);
#2126=CARTESIAN_POINT('',(2.229776932440E1,1.505891835921E1,8.8E0));
#2127=CARTESIAN_POINT('',(1.909776932440E1,1.505891835921E1,8.8E0));
#2128=VERTEX_POINT('',#2126);
#2129=VERTEX_POINT('',#2127);
#2130=CARTESIAN_POINT('',(7.297769324404E0,-2.994108164079E1,8.8E0));
#2131=CARTESIAN_POINT('',(4.097769324404E0,-2.994108164079E1,8.8E0));
#2132=VERTEX_POINT('',#2130);
#2133=VERTEX_POINT('',#2131);
#2134=CARTESIAN_POINT('',(2.229776932440E1,-2.994108164079E1,8.8E0));
#2135=CARTESIAN_POINT('',(1.909776932440E1,-2.994108164079E1,8.8E0));
#2136=VERTEX_POINT('',#2134);
#2137=VERTEX_POINT('',#2135);
#2138=CARTESIAN_POINT('',(7.297769324404E0,-2.394108164079E1,8.8E0));
#2139=CARTESIAN_POINT('',(4.097769324404E0,-2.394108164079E1,8.8E0));
#2140=VERTEX_POINT('',#2138);
#2141=VERTEX_POINT('',#2139);
#2142=CARTESIAN_POINT('',(2.229776932440E1,-2.394108164079E1,8.8E0));
#2143=CARTESIAN_POINT('',(1.909776932440E1,-2.394108164079E1,8.8E0));
#2144=VERTEX_POINT('',#2142);
#2145=VERTEX_POINT('',#2143);
#2146=CARTESIAN_POINT('',(7.297769324404E0,2.105891835921E1,8.8E0));
#2147=CARTESIAN_POINT('',(4.097769324404E0,2.105891835921E1,8.8E0));
#2148=VERTEX_POINT('',#2146);
#2149=VERTEX_POINT('',#2147);
#2150=CARTESIAN_POINT('',(2.229776932440E1,2.105891835921E1,8.8E0));
#2151=CARTESIAN_POINT('',(1.909776932440E1,2.105891835921E1,8.8E0));
#2152=VERTEX_POINT('',#2150);
#2153=VERTEX_POINT('',#2151);
#2154=CARTESIAN_POINT('',(1.479776932440E1,1.815891835921E1,1.425E1));
#2155=CARTESIAN_POINT('',(1.159776932440E1,1.815891835921E1,1.425E1));
#2156=VERTEX_POINT('',#2154);
#2157=VERTEX_POINT('',#2155);
#2158=CARTESIAN_POINT('',(1.479776932440E1,-2.704108164079E1,1.425E1));
#2159=CARTESIAN_POINT('',(1.159776932440E1,-2.704108164079E1,1.425E1));
#2160=VERTEX_POINT('',#2158);
#2161=VERTEX_POINT('',#2159);
#2162=CARTESIAN_POINT('',(-3.022306755956E-1,1.505891835921E1,1.425E1));
#2163=CARTESIAN_POINT('',(2.669776932440E1,1.505891835921E1,1.425E1));
#2164=VERTEX_POINT('',#2162);
#2165=VERTEX_POINT('',#2163);
#2166=CARTESIAN_POINT('',(2.669776932440E1,-2.394108164079E1,1.425E1));
#2167=CARTESIAN_POINT('',(-3.022306755956E-1,-2.394108164079E1,1.425E1));
#2168=VERTEX_POINT('',#2166);
#2169=VERTEX_POINT('',#2167);
#2170=CARTESIAN_POINT('',(3.197769324404E0,2.105891835921E1,1.425E1));
#2171=CARTESIAN_POINT('',(-1.802230675596E0,1.605891835921E1,1.425E1));
#2172=VERTEX_POINT('',#2170);
#2173=VERTEX_POINT('',#2171);
#2174=CARTESIAN_POINT('',(-1.802230675596E0,1.605891835921E1,3.5E0));
#2175=VERTEX_POINT('',#2174);
#2176=CARTESIAN_POINT('',(3.197769324404E0,2.105891835921E1,3.5E0));
#2177=VERTEX_POINT('',#2176);
#2178=CARTESIAN_POINT('',(2.819776932440E1,1.605891835921E1,1.425E1));
#2179=CARTESIAN_POINT('',(2.819776932440E1,1.605891835921E1,3.5E0));
#2180=VERTEX_POINT('',#2178);
#2181=VERTEX_POINT('',#2179);
#2182=CARTESIAN_POINT('',(2.319776932440E1,2.105891835921E1,1.425E1));
#2183=VERTEX_POINT('',#2182);
#2184=CARTESIAN_POINT('',(2.319776932440E1,2.105891835921E1,3.5E0));
#2185=VERTEX_POINT('',#2184);
#2186=CARTESIAN_POINT('',(-1.802230675596E0,-2.494108164079E1,1.425E1));
#2187=CARTESIAN_POINT('',(-1.802230675596E0,-2.494108164079E1,3.5E0));
#2188=VERTEX_POINT('',#2186);
#2189=VERTEX_POINT('',#2187);
#2190=CARTESIAN_POINT('',(3.197769324404E0,-2.994108164079E1,1.425E1));
#2191=VERTEX_POINT('',#2190);
#2192=CARTESIAN_POINT('',(3.197769324404E0,-2.994108164079E1,3.5E0));
#2193=VERTEX_POINT('',#2192);
#2194=CARTESIAN_POINT('',(2.319776932440E1,-2.994108164079E1,1.425E1));
#2195=CARTESIAN_POINT('',(2.319776932440E1,-2.994108164079E1,3.5E0));
#2196=VERTEX_POINT('',#2194);
#2197=VERTEX_POINT('',#2195);
#2198=CARTESIAN_POINT('',(2.819776932440E1,-2.494108164079E1,1.425E1));
#2199=VERTEX_POINT('',#2198);
#2200=CARTESIAN_POINT('',(2.819776932440E1,-2.494108164079E1,3.5E0));
#2201=VERTEX_POINT('',#2200);
#2202=CARTESIAN_POINT('',(1.197769324404E0,2.305891835921E1,3.5E0));
#2203=CARTESIAN_POINT('',(-1.802230675596E0,2.005891835921E1,3.5E0));
#2204=VERTEX_POINT('',#2202);
#2205=VERTEX_POINT('',#2203);
#2206=CARTESIAN_POINT('',(-1.802230675596E0,2.005891835921E1,-7.5E-1));
#2207=VERTEX_POINT('',#2206);
#2208=CARTESIAN_POINT('',(1.197769324404E0,2.305891835921E1,-7.5E-1));
#2209=VERTEX_POINT('',#2208);
#2210=CARTESIAN_POINT('',(2.519776932440E1,2.305891835921E1,-7.5E-1));
#2211=CARTESIAN_POINT('',(2.819776932440E1,2.005891835921E1,-7.5E-1));
#2212=VERTEX_POINT('',#2210);
#2213=VERTEX_POINT('',#2211);
#2214=CARTESIAN_POINT('',(2.819776932440E1,2.005891835921E1,3.5E0));
#2215=VERTEX_POINT('',#2214);
#2216=CARTESIAN_POINT('',(2.519776932440E1,2.305891835921E1,3.5E0));
#2217=VERTEX_POINT('',#2216);
#2218=CARTESIAN_POINT('',(1.197769324404E0,-3.194108164079E1,-7.5E-1));
#2219=CARTESIAN_POINT('',(-1.802230675596E0,-2.894108164079E1,-7.5E-1));
#2220=VERTEX_POINT('',#2218);
#2221=VERTEX_POINT('',#2219);
#2222=CARTESIAN_POINT('',(-1.802230675596E0,-2.894108164079E1,3.5E0));
#2223=VERTEX_POINT('',#2222);
#2224=CARTESIAN_POINT('',(1.197769324404E0,-3.194108164079E1,3.5E0));
#2225=VERTEX_POINT('',#2224);
#2226=CARTESIAN_POINT('',(2.519776932440E1,-3.194108164079E1,3.5E0));
#2227=CARTESIAN_POINT('',(2.819776932440E1,-2.894108164079E1,3.5E0));
#2228=VERTEX_POINT('',#2226);
#2229=VERTEX_POINT('',#2227);
#2230=CARTESIAN_POINT('',(2.819776932440E1,-2.894108164079E1,-7.5E-1));
#2231=VERTEX_POINT('',#2230);
#2232=CARTESIAN_POINT('',(2.519776932440E1,-3.194108164079E1,-7.5E-1));
#2233=VERTEX_POINT('',#2232);
#2234=CARTESIAN_POINT('',(-3.022306755956E-1,-1.144108164079E1,1.425E1));
#2235=CARTESIAN_POINT('',(-3.022306755956E-1,-1.144108164079E1,1.125E1));
#2236=VERTEX_POINT('',#2234);
#2237=VERTEX_POINT('',#2235);
#2238=CARTESIAN_POINT('',(-3.022306755956E-1,2.558918359208E0,1.125E1));
#2239=VERTEX_POINT('',#2238);
#2240=CARTESIAN_POINT('',(-3.022306755956E-1,2.558918359208E0,1.425E1));
#2241=VERTEX_POINT('',#2240);
#2242=CARTESIAN_POINT('',(-1.802230675596E0,-1.144108164079E1,1.425E1));
#2243=CARTESIAN_POINT('',(-1.802230675596E0,-1.144108164079E1,1.125E1));
#2244=VERTEX_POINT('',#2242);
#2245=VERTEX_POINT('',#2243);
#2246=CARTESIAN_POINT('',(-1.802230675596E0,2.558918359208E0,1.125E1));
#2247=VERTEX_POINT('',#2246);
#2248=CARTESIAN_POINT('',(-1.802230675596E0,2.558918359208E0,1.425E1));
#2249=VERTEX_POINT('',#2248);
#2250=CARTESIAN_POINT('',(2.669776932440E1,-1.144108164079E1,1.425E1));
#2251=CARTESIAN_POINT('',(2.669776932440E1,-1.144108164079E1,1.125E1));
#2252=VERTEX_POINT('',#2250);
#2253=VERTEX_POINT('',#2251);
#2254=CARTESIAN_POINT('',(2.669776932440E1,2.558918359208E0,1.125E1));
#2255=VERTEX_POINT('',#2254);
#2256=CARTESIAN_POINT('',(2.669776932440E1,2.558918359208E0,1.425E1));
#2257=VERTEX_POINT('',#2256);
#2258=CARTESIAN_POINT('',(2.819776932440E1,-1.144108164079E1,1.425E1));
#2259=CARTESIAN_POINT('',(2.819776932440E1,-1.144108164079E1,1.125E1));
#2260=VERTEX_POINT('',#2258);
#2261=VERTEX_POINT('',#2259);
#2262=CARTESIAN_POINT('',(2.819776932440E1,2.558918359208E0,1.125E1));
#2263=VERTEX_POINT('',#2262);
#2264=CARTESIAN_POINT('',(2.819776932440E1,2.558918359208E0,1.425E1));
#2265=VERTEX_POINT('',#2264);
#2266=CARTESIAN_POINT('',(2.669776932440E1,-2.394108164079E1,1.285E1));
#2267=DIRECTION('',(0.E0,1.E0,0.E0));
#2268=DIRECTION('',(-1.E0,0.E0,0.E0));
#2269=AXIS2_PLACEMENT_3D('',#2266,#2267,#2268);
#2270=PLANE('',#2269);
#2272=ORIENTED_EDGE('',*,*,#2271,.T.);
#2274=ORIENTED_EDGE('',*,*,#2273,.T.);
#2276=ORIENTED_EDGE('',*,*,#2275,.T.);
#2278=ORIENTED_EDGE('',*,*,#2277,.T.);
#2279=EDGE_LOOP('',(#2272,#2274,#2276,#2278));
#2280=FACE_OUTER_BOUND('',#2279,.F.);
#2282=ORIENTED_EDGE('',*,*,#2281,.F.);
#2284=ORIENTED_EDGE('',*,*,#2283,.F.);
#2285=EDGE_LOOP('',(#2282,#2284));
#2286=FACE_BOUND('',#2285,.F.);
#2288=ORIENTED_EDGE('',*,*,#2287,.F.);
#2290=ORIENTED_EDGE('',*,*,#2289,.F.);
#2291=EDGE_LOOP('',(#2288,#2290));
#2292=FACE_BOUND('',#2291,.F.);
#2293=ADVANCED_FACE('',(#2280,#2286,#2292),#2270,.T.);
#2294=CARTESIAN_POINT('',(5.697769324404E0,-2.994108164079E1,8.8E0));
#2295=DIRECTION('',(0.E0,-1.E0,0.E0));
#2296=DIRECTION('',(1.E0,0.E0,0.E0));
#2297=AXIS2_PLACEMENT_3D('',#2294,#2295,#2296);
#2298=CYLINDRICAL_SURFACE('',#2297,1.6E0);
#2300=ORIENTED_EDGE('',*,*,#2299,.F.);
#2302=ORIENTED_EDGE('',*,*,#2301,.T.);
#2304=ORIENTED_EDGE('',*,*,#2303,.T.);
#2306=ORIENTED_EDGE('',*,*,#2305,.F.);
#2307=EDGE_LOOP('',(#2300,#2302,#2304,#2306));
#2308=FACE_OUTER_BOUND('',#2307,.F.);
#2309=ADVANCED_FACE('',(#2308),#2298,.F.);
#2310=CARTESIAN_POINT('',(5.697769324404E0,-2.994108164079E1,8.8E0));
#2311=DIRECTION('',(0.E0,-1.E0,0.E0));
#2312=DIRECTION('',(1.E0,0.E0,0.E0));
#2313=AXIS2_PLACEMENT_3D('',#2310,#2311,#2312);
#2314=CYLINDRICAL_SURFACE('',#2313,1.6E0);
#2316=ORIENTED_EDGE('',*,*,#2315,.F.);
#2318=ORIENTED_EDGE('',*,*,#2317,.T.);
#2319=ORIENTED_EDGE('',*,*,#2287,.T.);
#2321=ORIENTED_EDGE('',*,*,#2320,.F.);
#2322=EDGE_LOOP('',(#2316,#2318,#2319,#2321));
#2323=FACE_OUTER_BOUND('',#2322,.F.);
#2324=ADVANCED_FACE('',(#2323),#2314,.F.);
#2325=CARTESIAN_POINT('',(-3.022306755956E-1,1.505891835921E1,1.285E1));
#2326=DIRECTION('',(0.E0,-1.E0,0.E0));
#2327=DIRECTION('',(1.E0,0.E0,0.E0));
#2328=AXIS2_PLACEMENT_3D('',#2325,#2326,#2327);
#2329=PLANE('',#2328);
#2331=ORIENTED_EDGE('',*,*,#2330,.T.);
#2333=ORIENTED_EDGE('',*,*,#2332,.T.);
#2335=ORIENTED_EDGE('',*,*,#2334,.F.);
#2337=ORIENTED_EDGE('',*,*,#2336,.F.);
#2338=EDGE_LOOP('',(#2331,#2333,#2335,#2337));
#2339=FACE_OUTER_BOUND('',#2338,.F.);
#2341=ORIENTED_EDGE('',*,*,#2340,.T.);
#2343=ORIENTED_EDGE('',*,*,#2342,.T.);
#2344=EDGE_LOOP('',(#2341,#2343));
#2345=FACE_BOUND('',#2344,.F.);
#2346=ORIENTED_EDGE('',*,*,#2299,.T.);
#2348=ORIENTED_EDGE('',*,*,#2347,.T.);
#2349=EDGE_LOOP('',(#2346,#2348));
#2350=FACE_BOUND('',#2349,.F.);
#2351=ADVANCED_FACE('',(#2339,#2345,#2350),#2329,.T.);
#2352=CARTESIAN_POINT('',(5.697769324404E0,-2.994108164079E1,8.8E0));
#2353=DIRECTION('',(0.E0,-1.E0,0.E0));
#2354=DIRECTION('',(1.E0,0.E0,0.E0));
#2355=AXIS2_PLACEMENT_3D('',#2352,#2353,#2354);
#2356=CYLINDRICAL_SURFACE('',#2355,1.6E0);
#2357=ORIENTED_EDGE('',*,*,#2347,.F.);
#2358=ORIENTED_EDGE('',*,*,#2305,.T.);
#2360=ORIENTED_EDGE('',*,*,#2359,.T.);
#2361=ORIENTED_EDGE('',*,*,#2301,.F.);
#2362=EDGE_LOOP('',(#2357,#2358,#2360,#2361));
#2363=FACE_OUTER_BOUND('',#2362,.F.);
#2364=ADVANCED_FACE('',(#2363),#2356,.F.);
#2365=CARTESIAN_POINT('',(5.697769324404E0,-2.994108164079E1,8.8E0));
#2366=DIRECTION('',(0.E0,-1.E0,0.E0));
#2367=DIRECTION('',(1.E0,0.E0,0.E0));
#2368=AXIS2_PLACEMENT_3D('',#2365,#2366,#2367);
#2369=CYLINDRICAL_SURFACE('',#2368,1.6E0);
#2371=ORIENTED_EDGE('',*,*,#2370,.F.);
#2372=ORIENTED_EDGE('',*,*,#2320,.T.);
#2373=ORIENTED_EDGE('',*,*,#2289,.T.);
#2374=ORIENTED_EDGE('',*,*,#2317,.F.);
#2375=EDGE_LOOP('',(#2371,#2372,#2373,#2374));
#2376=FACE_OUTER_BOUND('',#2375,.F.);
#2377=ADVANCED_FACE('',(#2376),#2369,.F.);
#2378=CARTESIAN_POINT('',(2.719776932440E1,2.105891835921E1,1.285E1));
#2379=DIRECTION('',(0.E0,1.E0,0.E0));
#2380=DIRECTION('',(-1.E0,0.E0,0.E0));
#2381=AXIS2_PLACEMENT_3D('',#2378,#2379,#2380);
#2382=PLANE('',#2381);
#2384=ORIENTED_EDGE('',*,*,#2383,.F.);
#2386=ORIENTED_EDGE('',*,*,#2385,.T.);
#2388=ORIENTED_EDGE('',*,*,#2387,.F.);
#2390=ORIENTED_EDGE('',*,*,#2389,.T.);
#2391=EDGE_LOOP('',(#2384,#2386,#2388,#2390));
#2392=FACE_OUTER_BOUND('',#2391,.F.);
#2394=ORIENTED_EDGE('',*,*,#2393,.F.);
#2396=ORIENTED_EDGE('',*,*,#2395,.F.);
#2397=EDGE_LOOP('',(#2394,#2396));
#2398=FACE_BOUND('',#2397,.F.);
#2399=ORIENTED_EDGE('',*,*,#2303,.F.);
#2400=ORIENTED_EDGE('',*,*,#2359,.F.);
#2401=EDGE_LOOP('',(#2399,#2400));
#2402=FACE_BOUND('',#2401,.F.);
#2403=ADVANCED_FACE('',(#2392,#2398,#2402),#2382,.T.);
#2404=CARTESIAN_POINT('',(2.069776932440E1,-2.994108164079E1,8.8E0));
#2405=DIRECTION('',(0.E0,-1.E0,0.E0));
#2406=DIRECTION('',(1.E0,0.E0,0.E0));
#2407=AXIS2_PLACEMENT_3D('',#2404,#2405,#2406);
#2408=CYLINDRICAL_SURFACE('',#2407,1.6E0);
#2409=ORIENTED_EDGE('',*,*,#2340,.F.);
#2411=ORIENTED_EDGE('',*,*,#2410,.T.);
#2412=ORIENTED_EDGE('',*,*,#2393,.T.);
#2414=ORIENTED_EDGE('',*,*,#2413,.F.);
#2415=EDGE_LOOP('',(#2409,#2411,#2412,#2414));
#2416=FACE_OUTER_BOUND('',#2415,.F.);
#2417=ADVANCED_FACE('',(#2416),#2408,.F.);
#2418=CARTESIAN_POINT('',(2.069776932440E1,-2.994108164079E1,8.8E0));
#2419=DIRECTION('',(0.E0,-1.E0,0.E0));
#2420=DIRECTION('',(1.E0,0.E0,0.E0));
#2421=AXIS2_PLACEMENT_3D('',#2418,#2419,#2420);
#2422=CYLINDRICAL_SURFACE('',#2421,1.6E0);
#2424=ORIENTED_EDGE('',*,*,#2423,.F.);
#2426=ORIENTED_EDGE('',*,*,#2425,.T.);
#2427=ORIENTED_EDGE('',*,*,#2281,.T.);
#2429=ORIENTED_EDGE('',*,*,#2428,.F.);
#2430=EDGE_LOOP('',(#2424,#2426,#2427,#2429));
#2431=FACE_OUTER_BOUND('',#2430,.F.);
#2432=ADVANCED_FACE('',(#2431),#2422,.F.);
#2433=CARTESIAN_POINT('',(2.069776932440E1,-2.994108164079E1,8.8E0));
#2434=DIRECTION('',(0.E0,-1.E0,0.E0));
#2435=DIRECTION('',(1.E0,0.E0,0.E0));
#2436=AXIS2_PLACEMENT_3D('',#2433,#2434,#2435);
#2437=CYLINDRICAL_SURFACE('',#2436,1.6E0);
#2438=ORIENTED_EDGE('',*,*,#2342,.F.);
#2439=ORIENTED_EDGE('',*,*,#2413,.T.);
#2440=ORIENTED_EDGE('',*,*,#2395,.T.);
#2441=ORIENTED_EDGE('',*,*,#2410,.F.);
#2442=EDGE_LOOP('',(#2438,#2439,#2440,#2441));
#2443=FACE_OUTER_BOUND('',#2442,.F.);
#2444=ADVANCED_FACE('',(#2443),#2437,.F.);
#2445=CARTESIAN_POINT('',(2.069776932440E1,-2.994108164079E1,8.8E0));
#2446=DIRECTION('',(0.E0,-1.E0,0.E0));
#2447=DIRECTION('',(1.E0,0.E0,0.E0));
#2448=AXIS2_PLACEMENT_3D('',#2445,#2446,#2447);
#2449=CYLINDRICAL_SURFACE('',#2448,1.6E0);
#2451=ORIENTED_EDGE('',*,*,#2450,.F.);
#2452=ORIENTED_EDGE('',*,*,#2428,.T.);
#2453=ORIENTED_EDGE('',*,*,#2283,.T.);
#2454=ORIENTED_EDGE('',*,*,#2425,.F.);
#2455=EDGE_LOOP('',(#2451,#2452,#2453,#2454));
#2456=FACE_OUTER_BOUND('',#2455,.F.);
#2457=ADVANCED_FACE('',(#2456),#2449,.F.);
#2458=CARTESIAN_POINT('',(-8.022306755956E-1,-2.994108164079E1,1.285E1));
#2459=DIRECTION('',(0.E0,-1.E0,0.E0));
#2460=DIRECTION('',(1.E0,0.E0,0.E0));
#2461=AXIS2_PLACEMENT_3D('',#2458,#2459,#2460);
#2462=PLANE('',#2461);
#2464=ORIENTED_EDGE('',*,*,#2463,.F.);
#2466=ORIENTED_EDGE('',*,*,#2465,.T.);
#2468=ORIENTED_EDGE('',*,*,#2467,.T.);
#2470=ORIENTED_EDGE('',*,*,#2469,.T.);
#2471=EDGE_LOOP('',(#2464,#2466,#2468,#2470));
#2472=FACE_OUTER_BOUND('',#2471,.F.);
#2473=ORIENTED_EDGE('',*,*,#2423,.T.);
#2474=ORIENTED_EDGE('',*,*,#2450,.T.);
#2475=EDGE_LOOP('',(#2473,#2474));
#2476=FACE_BOUND('',#2475,.F.);
#2477=ORIENTED_EDGE('',*,*,#2315,.T.);
#2478=ORIENTED_EDGE('',*,*,#2370,.T.);
#2479=EDGE_LOOP('',(#2477,#2478));
#2480=FACE_BOUND('',#2479,.F.);
#2481=ADVANCED_FACE('',(#2472,#2476,#2480),#2462,.T.);
#2482=CARTESIAN_POINT('',(3.197769324404E0,-2.494108164079E1,3.61076E1));
#2483=DIRECTION('',(0.E0,0.E0,-1.E0));
#2484=DIRECTION('',(0.E0,-1.E0,0.E0));
#2485=AXIS2_PLACEMENT_3D('',#2482,#2483,#2484);
#2486=CYLINDRICAL_SURFACE('',#2485,5.E0);
#2488=ORIENTED_EDGE('',*,*,#2487,.F.);
#2490=ORIENTED_EDGE('',*,*,#2489,.T.);
#2491=ORIENTED_EDGE('',*,*,#2463,.T.);
#2493=ORIENTED_EDGE('',*,*,#2492,.T.);
#2494=EDGE_LOOP('',(#2488,#2490,#2491,#2493));
#2495=FACE_OUTER_BOUND('',#2494,.F.);
#2496=ADVANCED_FACE('',(#2495),#2486,.T.);
#2497=CARTESIAN_POINT('',(-1.802230675596E0,2.005891835921E1,1.285E1));
#2498=DIRECTION('',(-1.E0,0.E0,0.E0));
#2499=DIRECTION('',(0.E0,-1.E0,0.E0));
#2500=AXIS2_PLACEMENT_3D('',#2497,#2498,#2499);
#2501=PLANE('',#2500);
#2503=ORIENTED_EDGE('',*,*,#2502,.F.);
#2505=ORIENTED_EDGE('',*,*,#2504,.T.);
#2506=ORIENTED_EDGE('',*,*,#2487,.T.);
#2508=ORIENTED_EDGE('',*,*,#2507,.F.);
#2510=ORIENTED_EDGE('',*,*,#2509,.T.);
#2512=ORIENTED_EDGE('',*,*,#2511,.T.);
#2514=ORIENTED_EDGE('',*,*,#2513,.T.);
#2516=ORIENTED_EDGE('',*,*,#2515,.F.);
#2518=ORIENTED_EDGE('',*,*,#2517,.T.);
#2520=ORIENTED_EDGE('',*,*,#2519,.T.);
#2522=ORIENTED_EDGE('',*,*,#2521,.T.);
#2524=ORIENTED_EDGE('',*,*,#2523,.F.);
#2525=EDGE_LOOP('',(#2503,#2505,#2506,#2508,#2510,#2512,#2514,#2516,#2518,#2520,
#2522,#2524));
#2526=FACE_OUTER_BOUND('',#2525,.F.);
#2527=ADVANCED_FACE('',(#2526),#2501,.T.);
#2528=CARTESIAN_POINT('',(2.819776932440E1,-1.144108164079E1,1.425E1));
#2529=DIRECTION('',(0.E0,-1.E0,0.E0));
#2530=DIRECTION('',(0.E0,0.E0,-1.E0));
#2531=AXIS2_PLACEMENT_3D('',#2528,#2529,#2530);
#2532=PLANE('',#2531);
#2534=ORIENTED_EDGE('',*,*,#2533,.F.);
#2536=ORIENTED_EDGE('',*,*,#2535,.F.);
#2537=ORIENTED_EDGE('',*,*,#2502,.T.);
#2539=ORIENTED_EDGE('',*,*,#2538,.F.);
#2540=EDGE_LOOP('',(#2534,#2536,#2537,#2539));
#2541=FACE_OUTER_BOUND('',#2540,.F.);
#2542=ADVANCED_FACE('',(#2541),#2532,.F.);
#2543=CARTESIAN_POINT('',(2.819776932440E1,-1.144108164079E1,1.425E1));
#2544=DIRECTION('',(0.E0,-1.E0,0.E0));
#2545=DIRECTION('',(0.E0,0.E0,-1.E0));
#2546=AXIS2_PLACEMENT_3D('',#2543,#2544,#2545);
#2547=PLANE('',#2546);
#2549=ORIENTED_EDGE('',*,*,#2548,.T.);
#2551=ORIENTED_EDGE('',*,*,#2550,.F.);
#2553=ORIENTED_EDGE('',*,*,#2552,.F.);
#2555=ORIENTED_EDGE('',*,*,#2554,.F.);
#2556=EDGE_LOOP('',(#2549,#2551,#2553,#2555));
#2557=FACE_OUTER_BOUND('',#2556,.F.);
#2558=ADVANCED_FACE('',(#2557),#2547,.F.);
#2559=CARTESIAN_POINT('',(-3.022306755956E-1,-2.394108164079E1,1.285E1));
#2560=DIRECTION('',(1.E0,0.E0,0.E0));
#2561=DIRECTION('',(0.E0,1.E0,0.E0));
#2562=AXIS2_PLACEMENT_3D('',#2559,#2560,#2561);
#2563=PLANE('',#2562);
#2564=ORIENTED_EDGE('',*,*,#2533,.T.);
#2566=ORIENTED_EDGE('',*,*,#2565,.T.);
#2568=ORIENTED_EDGE('',*,*,#2567,.F.);
#2570=ORIENTED_EDGE('',*,*,#2569,.T.);
#2571=ORIENTED_EDGE('',*,*,#2330,.F.);
#2573=ORIENTED_EDGE('',*,*,#2572,.F.);
#2575=ORIENTED_EDGE('',*,*,#2574,.T.);
#2577=ORIENTED_EDGE('',*,*,#2576,.F.);
#2579=ORIENTED_EDGE('',*,*,#2578,.T.);
#2581=ORIENTED_EDGE('',*,*,#2580,.F.);
#2583=ORIENTED_EDGE('',*,*,#2582,.T.);
#2585=ORIENTED_EDGE('',*,*,#2584,.F.);
#2587=ORIENTED_EDGE('',*,*,#2586,.T.);
#2589=ORIENTED_EDGE('',*,*,#2588,.F.);
#2591=ORIENTED_EDGE('',*,*,#2590,.T.);
#2593=ORIENTED_EDGE('',*,*,#2592,.F.);
#2595=ORIENTED_EDGE('',*,*,#2594,.T.);
#2597=ORIENTED_EDGE('',*,*,#2596,.F.);
#2599=ORIENTED_EDGE('',*,*,#2598,.F.);
#2601=ORIENTED_EDGE('',*,*,#2600,.F.);
#2603=ORIENTED_EDGE('',*,*,#2602,.F.);
#2605=ORIENTED_EDGE('',*,*,#2604,.F.);
#2607=ORIENTED_EDGE('',*,*,#2606,.F.);
#2609=ORIENTED_EDGE('',*,*,#2608,.F.);
#2611=ORIENTED_EDGE('',*,*,#2610,.F.);
#2613=ORIENTED_EDGE('',*,*,#2612,.F.);
#2614=ORIENTED_EDGE('',*,*,#2275,.F.);
#2616=ORIENTED_EDGE('',*,*,#2615,.T.);
#2617=EDGE_LOOP('',(#2564,#2566,#2568,#2570,#2571,#2573,#2575,#2577,#2579,#2581,
#2583,#2585,#2587,#2589,#2591,#2593,#2595,#2597,#2599,#2601,#2603,#2605,#2607,
#2609,#2611,#2613,#2614,#2616));
#2618=FACE_OUTER_BOUND('',#2617,.F.);
#2619=ADVANCED_FACE('',(#2618),#2563,.T.);
#2620=CARTESIAN_POINT('',(2.819776932440E1,-1.144108164079E1,1.125E1));
#2621=DIRECTION('',(0.E0,0.E0,-1.E0));
#2622=DIRECTION('',(0.E0,1.E0,0.E0));
#2623=AXIS2_PLACEMENT_3D('',#2620,#2621,#2622);
#2624=PLANE('',#2623);
#2625=ORIENTED_EDGE('',*,*,#2565,.F.);
#2626=ORIENTED_EDGE('',*,*,#2538,.T.);
#2627=ORIENTED_EDGE('',*,*,#2523,.T.);
#2629=ORIENTED_EDGE('',*,*,#2628,.F.);
#2630=EDGE_LOOP('',(#2625,#2626,#2627,#2629));
#2631=FACE_OUTER_BOUND('',#2630,.F.);
#2632=ADVANCED_FACE('',(#2631),#2624,.F.);
#2633=CARTESIAN_POINT('',(2.819776932440E1,-1.144108164079E1,1.125E1));
#2634=DIRECTION('',(0.E0,0.E0,-1.E0));
#2635=DIRECTION('',(0.E0,1.E0,0.E0));
#2636=AXIS2_PLACEMENT_3D('',#2633,#2634,#2635);
#2637=PLANE('',#2636);
#2639=ORIENTED_EDGE('',*,*,#2638,.T.);
#2641=ORIENTED_EDGE('',*,*,#2640,.F.);
#2643=ORIENTED_EDGE('',*,*,#2642,.F.);
#2644=ORIENTED_EDGE('',*,*,#2550,.T.);
#2645=EDGE_LOOP('',(#2639,#2641,#2643,#2644));
#2646=FACE_OUTER_BOUND('',#2645,.F.);
#2647=ADVANCED_FACE('',(#2646),#2637,.F.);
#2648=CARTESIAN_POINT('',(2.819776932440E1,2.558918359208E0,1.125E1));
#2649=DIRECTION('',(0.E0,1.E0,0.E0));
#2650=DIRECTION('',(0.E0,0.E0,1.E0));
#2651=AXIS2_PLACEMENT_3D('',#2648,#2649,#2650);
#2652=PLANE('',#2651);
#2653=ORIENTED_EDGE('',*,*,#2567,.T.);
#2654=ORIENTED_EDGE('',*,*,#2628,.T.);
#2655=ORIENTED_EDGE('',*,*,#2521,.F.);
#2657=ORIENTED_EDGE('',*,*,#2656,.T.);
#2658=EDGE_LOOP('',(#2653,#2654,#2655,#2657));
#2659=FACE_OUTER_BOUND('',#2658,.F.);
#2660=ADVANCED_FACE('',(#2659),#2652,.F.);
#2661=CARTESIAN_POINT('',(2.819776932440E1,2.558918359208E0,1.125E1));
#2662=DIRECTION('',(0.E0,1.E0,0.E0));
#2663=DIRECTION('',(0.E0,0.E0,1.E0));
#2664=AXIS2_PLACEMENT_3D('',#2661,#2662,#2663);
#2665=PLANE('',#2664);
#2667=ORIENTED_EDGE('',*,*,#2666,.F.);
#2669=ORIENTED_EDGE('',*,*,#2668,.T.);
#2671=ORIENTED_EDGE('',*,*,#2670,.T.);
#2672=ORIENTED_EDGE('',*,*,#2640,.T.);
#2673=EDGE_LOOP('',(#2667,#2669,#2671,#2672));
#2674=FACE_OUTER_BOUND('',#2673,.F.);
#2675=ADVANCED_FACE('',(#2674),#2665,.F.);
#2676=CARTESIAN_POINT('',(0.E0,0.E0,1.425E1));
#2677=DIRECTION('',(0.E0,0.E0,1.E0));
#2678=DIRECTION('',(1.E0,0.E0,0.E0));
#2679=AXIS2_PLACEMENT_3D('',#2676,#2677,#2678);
#2680=PLANE('',#2679);
#2681=ORIENTED_EDGE('',*,*,#2535,.T.);
#2682=ORIENTED_EDGE('',*,*,#2615,.F.);
#2683=ORIENTED_EDGE('',*,*,#2273,.F.);
#2685=ORIENTED_EDGE('',*,*,#2684,.F.);
#2686=ORIENTED_EDGE('',*,*,#2554,.T.);
#2688=ORIENTED_EDGE('',*,*,#2687,.F.);
#2690=ORIENTED_EDGE('',*,*,#2689,.F.);
#2691=ORIENTED_EDGE('',*,*,#2465,.F.);
#2692=ORIENTED_EDGE('',*,*,#2489,.F.);
#2693=ORIENTED_EDGE('',*,*,#2504,.F.);
#2694=EDGE_LOOP('',(#2681,#2682,#2683,#2685,#2686,#2688,#2690,#2691,#2692,
#2693));
#2695=FACE_OUTER_BOUND('',#2694,.F.);
#2697=ORIENTED_EDGE('',*,*,#2696,.F.);
#2699=ORIENTED_EDGE('',*,*,#2698,.F.);
#2700=EDGE_LOOP('',(#2697,#2699));
#2701=FACE_BOUND('',#2700,.F.);
#2702=ADVANCED_FACE('',(#2695,#2701),#2680,.T.);
#2703=CARTESIAN_POINT('',(0.E0,0.E0,1.425E1));
#2704=DIRECTION('',(0.E0,0.E0,1.E0));
#2705=DIRECTION('',(1.E0,0.E0,0.E0));
#2706=AXIS2_PLACEMENT_3D('',#2703,#2704,#2705);
#2707=PLANE('',#2706);
#2708=ORIENTED_EDGE('',*,*,#2656,.F.);
#2709=ORIENTED_EDGE('',*,*,#2519,.F.);
#2711=ORIENTED_EDGE('',*,*,#2710,.F.);
#2712=ORIENTED_EDGE('',*,*,#2389,.F.);
#2714=ORIENTED_EDGE('',*,*,#2713,.F.);
#2716=ORIENTED_EDGE('',*,*,#2715,.F.);
#2717=ORIENTED_EDGE('',*,*,#2668,.F.);
#2719=ORIENTED_EDGE('',*,*,#2718,.F.);
#2720=ORIENTED_EDGE('',*,*,#2332,.F.);
#2721=ORIENTED_EDGE('',*,*,#2569,.F.);
#2722=EDGE_LOOP('',(#2708,#2709,#2711,#2712,#2714,#2716,#2717,#2719,#2720,
#2721));
#2723=FACE_OUTER_BOUND('',#2722,.F.);
#2725=ORIENTED_EDGE('',*,*,#2724,.F.);
#2727=ORIENTED_EDGE('',*,*,#2726,.F.);
#2728=EDGE_LOOP('',(#2725,#2727));
#2729=FACE_BOUND('',#2728,.F.);
#2730=ADVANCED_FACE('',(#2723,#2729),#2707,.T.);
#2731=CARTESIAN_POINT('',(1.319776932440E1,1.815891835921E1,1.285E1));
#2732=DIRECTION('',(0.E0,0.E0,1.E0));
#2733=DIRECTION('',(-1.E0,0.E0,0.E0));
#2734=AXIS2_PLACEMENT_3D('',#2731,#2732,#2733);
#2735=CYLINDRICAL_SURFACE('',#2734,1.6E0);
#2737=ORIENTED_EDGE('',*,*,#2736,.F.);
#2738=ORIENTED_EDGE('',*,*,#2724,.T.);
#2740=ORIENTED_EDGE('',*,*,#2739,.F.);
#2742=ORIENTED_EDGE('',*,*,#2741,.T.);
#2743=EDGE_LOOP('',(#2737,#2738,#2740,#2742));
#2744=FACE_OUTER_BOUND('',#2743,.F.);
#2745=ADVANCED_FACE('',(#2744),#2735,.F.);
#2746=CARTESIAN_POINT('',(1.319776932440E1,1.815891835921E1,1.285E1));
#2747=DIRECTION('',(0.E0,0.E0,1.E0));
#2748=DIRECTION('',(-1.E0,0.E0,0.E0));
#2749=AXIS2_PLACEMENT_3D('',#2746,#2747,#2748);
#2750=CYLINDRICAL_SURFACE('',#2749,1.6E0);
#2751=ORIENTED_EDGE('',*,*,#2739,.T.);
#2752=ORIENTED_EDGE('',*,*,#2726,.T.);
#2753=ORIENTED_EDGE('',*,*,#2736,.T.);
#2755=ORIENTED_EDGE('',*,*,#2754,.T.);
#2756=EDGE_LOOP('',(#2751,#2752,#2753,#2755));
#2757=FACE_OUTER_BOUND('',#2756,.F.);
#2758=ADVANCED_FACE('',(#2757),#2750,.F.);
#2759=CARTESIAN_POINT('',(1.319776932440E1,1.815891835921E1,4.85E0));
#2760=DIRECTION('',(0.E0,0.E0,1.E0));
#2761=DIRECTION('',(1.E0,0.E0,0.E0));
#2762=AXIS2_PLACEMENT_3D('',#2759,#2760,#2761);
#2763=PLANE('',#2762);
#2764=ORIENTED_EDGE('',*,*,#2741,.F.);
#2765=ORIENTED_EDGE('',*,*,#2754,.F.);
#2766=EDGE_LOOP('',(#2764,#2765));
#2767=FACE_OUTER_BOUND('',#2766,.F.);
#2768=ADVANCED_FACE('',(#2767),#2763,.T.);
#2769=CARTESIAN_POINT('',(1.319776932440E1,-2.704108164079E1,1.285E1));
#2770=DIRECTION('',(0.E0,0.E0,1.E0));
#2771=DIRECTION('',(-1.E0,0.E0,0.E0));
#2772=AXIS2_PLACEMENT_3D('',#2769,#2770,#2771);
#2773=CYLINDRICAL_SURFACE('',#2772,1.6E0);
#2775=ORIENTED_EDGE('',*,*,#2774,.F.);
#2776=ORIENTED_EDGE('',*,*,#2696,.T.);
#2778=ORIENTED_EDGE('',*,*,#2777,.F.);
#2780=ORIENTED_EDGE('',*,*,#2779,.T.);
#2781=EDGE_LOOP('',(#2775,#2776,#2778,#2780));
#2782=FACE_OUTER_BOUND('',#2781,.F.);
#2783=ADVANCED_FACE('',(#2782),#2773,.F.);
#2784=CARTESIAN_POINT('',(1.319776932440E1,-2.704108164079E1,1.285E1));
#2785=DIRECTION('',(0.E0,0.E0,1.E0));
#2786=DIRECTION('',(-1.E0,0.E0,0.E0));
#2787=AXIS2_PLACEMENT_3D('',#2784,#2785,#2786);
#2788=CYLINDRICAL_SURFACE('',#2787,1.6E0);
#2789=ORIENTED_EDGE('',*,*,#2777,.T.);
#2790=ORIENTED_EDGE('',*,*,#2698,.T.);
#2791=ORIENTED_EDGE('',*,*,#2774,.T.);
#2793=ORIENTED_EDGE('',*,*,#2792,.T.);
#2794=EDGE_LOOP('',(#2789,#2790,#2791,#2793));
#2795=FACE_OUTER_BOUND('',#2794,.F.);
#2796=ADVANCED_FACE('',(#2795),#2788,.F.);
#2797=CARTESIAN_POINT('',(1.319776932440E1,-2.704108164079E1,4.85E0));
#2798=DIRECTION('',(0.E0,0.E0,1.E0));
#2799=DIRECTION('',(1.E0,0.E0,0.E0));
#2800=AXIS2_PLACEMENT_3D('',#2797,#2798,#2799);
#2801=PLANE('',#2800);
#2802=ORIENTED_EDGE('',*,*,#2779,.F.);
#2803=ORIENTED_EDGE('',*,*,#2792,.F.);
#2804=EDGE_LOOP('',(#2802,#2803));
#2805=FACE_OUTER_BOUND('',#2804,.F.);
#2806=ADVANCED_FACE('',(#2805),#2801,.T.);
#2807=CARTESIAN_POINT('',(2.669776932440E1,1.505891835921E1,1.285E1));
#2808=DIRECTION('',(-1.E0,0.E0,0.E0));
#2809=DIRECTION('',(0.E0,-1.E0,0.E0));
#2810=AXIS2_PLACEMENT_3D('',#2807,#2808,#2809);
#2811=PLANE('',#2810);
#2812=ORIENTED_EDGE('',*,*,#2548,.F.);
#2813=ORIENTED_EDGE('',*,*,#2684,.T.);
#2814=ORIENTED_EDGE('',*,*,#2271,.F.);
#2816=ORIENTED_EDGE('',*,*,#2815,.T.);
#2818=ORIENTED_EDGE('',*,*,#2817,.T.);
#2820=ORIENTED_EDGE('',*,*,#2819,.T.);
#2822=ORIENTED_EDGE('',*,*,#2821,.T.);
#2824=ORIENTED_EDGE('',*,*,#2823,.T.);
#2826=ORIENTED_EDGE('',*,*,#2825,.T.);
#2828=ORIENTED_EDGE('',*,*,#2827,.T.);
#2830=ORIENTED_EDGE('',*,*,#2829,.T.);
#2832=ORIENTED_EDGE('',*,*,#2831,.T.);
#2834=ORIENTED_EDGE('',*,*,#2833,.T.);
#2836=ORIENTED_EDGE('',*,*,#2835,.T.);
#2838=ORIENTED_EDGE('',*,*,#2837,.T.);
#2840=ORIENTED_EDGE('',*,*,#2839,.T.);
#2842=ORIENTED_EDGE('',*,*,#2841,.T.);
#2844=ORIENTED_EDGE('',*,*,#2843,.T.);
#2846=ORIENTED_EDGE('',*,*,#2845,.T.);
#2848=ORIENTED_EDGE('',*,*,#2847,.T.);
#2850=ORIENTED_EDGE('',*,*,#2849,.T.);
#2852=ORIENTED_EDGE('',*,*,#2851,.T.);
#2854=ORIENTED_EDGE('',*,*,#2853,.T.);
#2856=ORIENTED_EDGE('',*,*,#2855,.T.);
#2857=ORIENTED_EDGE('',*,*,#2334,.T.);
#2858=ORIENTED_EDGE('',*,*,#2718,.T.);
#2859=ORIENTED_EDGE('',*,*,#2666,.T.);
#2860=ORIENTED_EDGE('',*,*,#2638,.F.);
#2861=EDGE_LOOP('',(#2812,#2813,#2814,#2816,#2818,#2820,#2822,#2824,#2826,#2828,
#2830,#2832,#2834,#2836,#2838,#2840,#2842,#2844,#2846,#2848,#2850,#2852,#2854,
#2856,#2857,#2858,#2859,#2860));
#2862=FACE_OUTER_BOUND('',#2861,.F.);
#2863=ADVANCED_FACE('',(#2862),#2811,.T.);
#2864=CARTESIAN_POINT('',(1.319776932440E1,-4.797404104237E0,7.5E-1));
#2865=DIRECTION('',(0.E0,0.E0,1.E0));
#2866=DIRECTION('',(1.E0,0.E0,0.E0));
#2867=AXIS2_PLACEMENT_3D('',#2864,#2865,#2866);
#2868=PLANE('',#2867);
#2869=ORIENTED_EDGE('',*,*,#2277,.F.);
#2870=ORIENTED_EDGE('',*,*,#2612,.T.);
#2872=ORIENTED_EDGE('',*,*,#2871,.F.);
#2874=ORIENTED_EDGE('',*,*,#2873,.F.);
#2876=ORIENTED_EDGE('',*,*,#2875,.F.);
#2878=ORIENTED_EDGE('',*,*,#2877,.F.);
#2880=ORIENTED_EDGE('',*,*,#2879,.F.);
#2882=ORIENTED_EDGE('',*,*,#2881,.F.);
#2884=ORIENTED_EDGE('',*,*,#2883,.F.);
#2886=ORIENTED_EDGE('',*,*,#2885,.F.);
#2888=ORIENTED_EDGE('',*,*,#2887,.F.);
#2890=ORIENTED_EDGE('',*,*,#2889,.F.);
#2892=ORIENTED_EDGE('',*,*,#2891,.F.);
#2894=ORIENTED_EDGE('',*,*,#2893,.F.);
#2896=ORIENTED_EDGE('',*,*,#2895,.F.);
#2898=ORIENTED_EDGE('',*,*,#2897,.F.);
#2900=ORIENTED_EDGE('',*,*,#2899,.T.);
#2901=ORIENTED_EDGE('',*,*,#2815,.F.);
#2902=EDGE_LOOP('',(#2869,#2870,#2872,#2874,#2876,#2878,#2880,#2882,#2884,#2886,
#2888,#2890,#2892,#2894,#2896,#2898,#2900,#2901));
#2903=FACE_OUTER_BOUND('',#2902,.F.);
#2904=ADVANCED_FACE('',(#2903),#2868,.T.);
#2905=CARTESIAN_POINT('',(-1.529589388448E0,-2.071845213483E1,
3.749796218893E0));
#2906=DIRECTION('',(-1.851534400602E-2,-9.998285763251E-1,0.E0));
#2907=DIRECTION('',(0.E0,0.E0,-1.E0));
#2908=AXIS2_PLACEMENT_3D('',#2905,#2906,#2907);
#2909=PLANE('',#2908);
#2911=ORIENTED_EDGE('',*,*,#2910,.T.);
#2913=ORIENTED_EDGE('',*,*,#2912,.T.);
#2914=ORIENTED_EDGE('',*,*,#2871,.T.);
#2915=ORIENTED_EDGE('',*,*,#2610,.T.);
#2916=EDGE_LOOP('',(#2911,#2913,#2914,#2915));
#2917=FACE_OUTER_BOUND('',#2916,.F.);
#2918=ADVANCED_FACE('',(#2917),#2909,.T.);
#2919=CARTESIAN_POINT('',(-3.022306755956E-1,-6.241081640792E0,-1.0825E2));
#2920=DIRECTION('',(1.E0,0.E0,0.E0));
#2921=DIRECTION('',(0.E0,1.E0,0.E0));
#2922=AXIS2_PLACEMENT_3D('',#2919,#2920,#2921);
#2923=CYLINDRICAL_SURFACE('',#2922,1.105E2);
#2925=ORIENTED_EDGE('',*,*,#2924,.T.);
#2926=ORIENTED_EDGE('',*,*,#2584,.T.);
#2928=ORIENTED_EDGE('',*,*,#2927,.T.);
#2930=ORIENTED_EDGE('',*,*,#2929,.T.);
#2931=EDGE_LOOP('',(#2925,#2926,#2928,#2930));
#2932=FACE_OUTER_BOUND('',#2931,.F.);
#2933=ADVANCED_FACE('',(#2932),#2923,.T.);
#2934=CARTESIAN_POINT('',(-3.022306755956E-1,-6.241081640792E0,-1.0825E2));
#2935=DIRECTION('',(1.E0,0.E0,0.E0));
#2936=DIRECTION('',(0.E0,1.E0,0.E0));
#2937=AXIS2_PLACEMENT_3D('',#2934,#2935,#2936);
#2938=CYLINDRICAL_SURFACE('',#2937,1.105E2);
#2939=ORIENTED_EDGE('',*,*,#2910,.F.);
#2940=ORIENTED_EDGE('',*,*,#2608,.T.);
#2942=ORIENTED_EDGE('',*,*,#2941,.T.);
#2944=ORIENTED_EDGE('',*,*,#2943,.T.);
#2946=ORIENTED_EDGE('',*,*,#2945,.T.);
#2948=ORIENTED_EDGE('',*,*,#2947,.T.);
#2949=EDGE_LOOP('',(#2939,#2940,#2942,#2944,#2946,#2948));
#2950=FACE_OUTER_BOUND('',#2949,.F.);
#2951=ADVANCED_FACE('',(#2950),#2938,.T.);
#2952=CARTESIAN_POINT('',(-3.022306755956E-1,-6.241081640792E0,-1.0825E2));
#2953=DIRECTION('',(1.E0,0.E0,0.E0));
#2954=DIRECTION('',(0.E0,1.E0,0.E0));
#2955=AXIS2_PLACEMENT_3D('',#2952,#2953,#2954);
#2956=CYLINDRICAL_SURFACE('',#2955,1.105E2);
#2958=ORIENTED_EDGE('',*,*,#2957,.T.);
#2960=ORIENTED_EDGE('',*,*,#2959,.T.);
#2962=ORIENTED_EDGE('',*,*,#2961,.T.);
#2963=ORIENTED_EDGE('',*,*,#2576,.T.);
#2964=EDGE_LOOP('',(#2958,#2960,#2962,#2963));
#2965=FACE_OUTER_BOUND('',#2964,.F.);
#2966=ADVANCED_FACE('',(#2965),#2956,.T.);
#2967=CARTESIAN_POINT('',(-3.022306755956E-1,-6.241081640792E0,-1.0825E2));
#2968=DIRECTION('',(1.E0,0.E0,0.E0));
#2969=DIRECTION('',(0.E0,1.E0,0.E0));
#2970=AXIS2_PLACEMENT_3D('',#2967,#2968,#2969);
#2971=CYLINDRICAL_SURFACE('',#2970,1.105E2);
#2973=ORIENTED_EDGE('',*,*,#2972,.T.);
#2975=ORIENTED_EDGE('',*,*,#2974,.T.);
#2977=ORIENTED_EDGE('',*,*,#2976,.F.);
#2978=ORIENTED_EDGE('',*,*,#2600,.T.);
#2980=ORIENTED_EDGE('',*,*,#2979,.T.);
#2982=ORIENTED_EDGE('',*,*,#2981,.T.);
#2983=EDGE_LOOP('',(#2973,#2975,#2977,#2978,#2980,#2982));
#2984=FACE_OUTER_BOUND('',#2983,.F.);
#2985=ADVANCED_FACE('',(#2984),#2971,.T.);
#2986=CARTESIAN_POINT('',(-3.022306755956E-1,-6.241081640792E0,-1.0825E2));
#2987=DIRECTION('',(1.E0,0.E0,0.E0));
#2988=DIRECTION('',(0.E0,1.E0,0.E0));
#2989=AXIS2_PLACEMENT_3D('',#2986,#2987,#2988);
#2990=CYLINDRICAL_SURFACE('',#2989,1.105E2);
#2992=ORIENTED_EDGE('',*,*,#2991,.T.);
#2994=ORIENTED_EDGE('',*,*,#2993,.T.);
#2996=ORIENTED_EDGE('',*,*,#2995,.T.);
#2997=ORIENTED_EDGE('',*,*,#2592,.T.);
#2998=EDGE_LOOP('',(#2992,#2994,#2996,#2997));
#2999=FACE_OUTER_BOUND('',#2998,.F.);
#3000=ADVANCED_FACE('',(#2999),#2990,.T.);
#3001=CARTESIAN_POINT('',(-3.022306755956E-1,-6.241081640792E0,-1.0825E2));
#3002=DIRECTION('',(1.E0,0.E0,0.E0));
#3003=DIRECTION('',(0.E0,1.E0,0.E0));
#3004=AXIS2_PLACEMENT_3D('',#3001,#3002,#3003);
#3005=CYLINDRICAL_SURFACE('',#3004,1.105E2);
#3007=ORIENTED_EDGE('',*,*,#3006,.T.);
#3008=ORIENTED_EDGE('',*,*,#2851,.F.);
#3010=ORIENTED_EDGE('',*,*,#3009,.T.);
#3012=ORIENTED_EDGE('',*,*,#3011,.F.);
#3013=EDGE_LOOP('',(#3007,#3008,#3010,#3012));
#3014=FACE_OUTER_BOUND('',#3013,.F.);
#3015=ADVANCED_FACE('',(#3014),#3005,.T.);
#3016=CARTESIAN_POINT('',(-3.022306755956E-1,-6.241081640792E0,-1.0825E2));
#3017=DIRECTION('',(1.E0,0.E0,0.E0));
#3018=DIRECTION('',(0.E0,1.E0,0.E0));
#3019=AXIS2_PLACEMENT_3D('',#3016,#3017,#3018);
#3020=CYLINDRICAL_SURFACE('',#3019,1.105E2);
#3022=ORIENTED_EDGE('',*,*,#3021,.T.);
#3024=ORIENTED_EDGE('',*,*,#3023,.F.);
#3026=ORIENTED_EDGE('',*,*,#3025,.T.);
#3027=ORIENTED_EDGE('',*,*,#2835,.F.);
#3029=ORIENTED_EDGE('',*,*,#3028,.F.);
#3030=EDGE_LOOP('',(#3022,#3024,#3026,#3027,#3029));
#3031=FACE_OUTER_BOUND('',#3030,.F.);
#3032=ADVANCED_FACE('',(#3031),#3020,.T.);
#3033=CARTESIAN_POINT('',(-3.022306755956E-1,-6.241081640792E0,-1.0825E2));
#3034=DIRECTION('',(1.E0,0.E0,0.E0));
#3035=DIRECTION('',(0.E0,1.E0,0.E0));
#3036=AXIS2_PLACEMENT_3D('',#3033,#3034,#3035);
#3037=CYLINDRICAL_SURFACE('',#3036,1.105E2);
#3039=ORIENTED_EDGE('',*,*,#3038,.T.);
#3041=ORIENTED_EDGE('',*,*,#3040,.F.);
#3043=ORIENTED_EDGE('',*,*,#3042,.T.);
#3045=ORIENTED_EDGE('',*,*,#3044,.T.);
#3046=ORIENTED_EDGE('',*,*,#2827,.F.);
#3048=ORIENTED_EDGE('',*,*,#3047,.F.);
#3049=EDGE_LOOP('',(#3039,#3041,#3043,#3045,#3046,#3048));
#3050=FACE_OUTER_BOUND('',#3049,.F.);
#3051=ADVANCED_FACE('',(#3050),#3037,.T.);
#3052=CARTESIAN_POINT('',(-3.022306755956E-1,-6.241081640792E0,-1.0825E2));
#3053=DIRECTION('',(1.E0,0.E0,0.E0));
#3054=DIRECTION('',(0.E0,1.E0,0.E0));
#3055=AXIS2_PLACEMENT_3D('',#3052,#3053,#3054);
#3056=CYLINDRICAL_SURFACE('',#3055,1.105E2);
#3058=ORIENTED_EDGE('',*,*,#3057,.F.);
#3060=ORIENTED_EDGE('',*,*,#3059,.T.);
#3062=ORIENTED_EDGE('',*,*,#3061,.T.);
#3063=ORIENTED_EDGE('',*,*,#2819,.F.);
#3065=ORIENTED_EDGE('',*,*,#3064,.F.);
#3067=ORIENTED_EDGE('',*,*,#3066,.T.);
#3068=EDGE_LOOP('',(#3058,#3060,#3062,#3063,#3065,#3067));
#3069=FACE_OUTER_BOUND('',#3068,.F.);
#3070=ADVANCED_FACE('',(#3069),#3056,.T.);
#3071=CARTESIAN_POINT('',(-3.022306755956E-1,-6.241081640792E0,-1.0825E2));
#3072=DIRECTION('',(1.E0,0.E0,0.E0));
#3073=DIRECTION('',(0.E0,1.E0,0.E0));
#3074=AXIS2_PLACEMENT_3D('',#3071,#3072,#3073);
#3075=CYLINDRICAL_SURFACE('',#3074,1.105E2);
#3077=ORIENTED_EDGE('',*,*,#3076,.T.);
#3078=ORIENTED_EDGE('',*,*,#2843,.F.);
#3080=ORIENTED_EDGE('',*,*,#3079,.T.);
#3082=ORIENTED_EDGE('',*,*,#3081,.F.);
#3083=EDGE_LOOP('',(#3077,#3078,#3080,#3082));
#3084=FACE_OUTER_BOUND('',#3083,.F.);
#3085=ADVANCED_FACE('',(#3084),#3075,.T.);
#3086=CARTESIAN_POINT('',(-4.264452556965E-1,2.572472190947E-1,
2.009685886949E0));
#3087=DIRECTION('',(0.E0,0.E0,1.E0));
#3088=DIRECTION('',(1.242145801009E-1,-9.922553794716E-1,0.E0));
#3089=AXIS2_PLACEMENT_3D('',#3086,#3087,#3088);
#3090=CYLINDRICAL_SURFACE('',#3089,1.E0);
#3091=ORIENTED_EDGE('',*,*,#2924,.F.);
#3093=ORIENTED_EDGE('',*,*,#3092,.F.);
#3095=ORIENTED_EDGE('',*,*,#3094,.T.);
#3096=ORIENTED_EDGE('',*,*,#2586,.F.);
#3097=EDGE_LOOP('',(#3091,#3093,#3095,#3096));
#3098=FACE_OUTER_BOUND('',#3097,.F.);
#3099=ADVANCED_FACE('',(#3098),#3090,.T.);
#3100=CARTESIAN_POINT('',(5.897377173381E-1,-6.073748592090E-1,
6.010800756163E1));
#3101=DIRECTION('',(-9.998285763251E-1,-1.851534400602E-2,0.E0));
#3102=DIRECTION('',(-1.851534400602E-2,9.998285763251E-1,0.E0));
#3103=AXIS2_PLACEMENT_3D('',#3100,#3101,#3102);
#3104=PLANE('',#3103);
#3105=ORIENTED_EDGE('',*,*,#2929,.F.);
#3107=ORIENTED_EDGE('',*,*,#3106,.T.);
#3109=ORIENTED_EDGE('',*,*,#3108,.T.);
#3111=ORIENTED_EDGE('',*,*,#3110,.F.);
#3113=ORIENTED_EDGE('',*,*,#3112,.T.);
#3115=ORIENTED_EDGE('',*,*,#3114,.F.);
#3117=ORIENTED_EDGE('',*,*,#3116,.T.);
#3118=ORIENTED_EDGE('',*,*,#3092,.T.);
#3119=EDGE_LOOP('',(#3105,#3107,#3109,#3111,#3113,#3115,#3117,#3118));
#3120=FACE_OUTER_BOUND('',#3119,.F.);
#3121=ADVANCED_FACE('',(#3120),#3104,.F.);
#3122=CARTESIAN_POINT('',(-4.453167961711E-1,1.276310404723E0,-5.E-1));
#3123=DIRECTION('',(0.E0,0.E0,-1.E0));
#3124=DIRECTION('',(1.430861205755E-1,9.897102414842E-1,0.E0));
#3125=AXIS2_PLACEMENT_3D('',#3122,#3123,#3124);
#3126=CYLINDRICAL_SURFACE('',#3125,1.E0);
#3127=ORIENTED_EDGE('',*,*,#2927,.F.);
#3128=ORIENTED_EDGE('',*,*,#2582,.F.);
#3130=ORIENTED_EDGE('',*,*,#3129,.T.);
#3131=ORIENTED_EDGE('',*,*,#3106,.F.);
#3132=EDGE_LOOP('',(#3127,#3128,#3130,#3131));
#3133=FACE_OUTER_BOUND('',#3132,.F.);
#3134=ADVANCED_FACE('',(#3133),#3126,.T.);
#3135=CARTESIAN_POINT('',(1.319776932440E1,-4.797404104237E0,7.5E-1));
#3136=DIRECTION('',(0.E0,0.E0,1.E0));
#3137=DIRECTION('',(1.E0,0.E0,0.E0));
#3138=AXIS2_PLACEMENT_3D('',#3135,#3136,#3137);
#3139=PLANE('',#3138);
#3141=ORIENTED_EDGE('',*,*,#3140,.F.);
#3143=ORIENTED_EDGE('',*,*,#3142,.T.);
#3144=ORIENTED_EDGE('',*,*,#3108,.F.);
#3145=ORIENTED_EDGE('',*,*,#3129,.F.);
#3146=ORIENTED_EDGE('',*,*,#2580,.T.);
#3148=ORIENTED_EDGE('',*,*,#3147,.F.);
#3149=EDGE_LOOP('',(#3141,#3143,#3144,#3145,#3146,#3148));
#3150=FACE_OUTER_BOUND('',#3149,.F.);
#3151=ADVANCED_FACE('',(#3150),#3139,.T.);
#3152=CARTESIAN_POINT('',(5.185041776887E-1,4.239236281854E0,6.010800756163E1));
#3153=DIRECTION('',(-9.998285763251E-1,-1.851534400602E-2,0.E0));
#3154=DIRECTION('',(-1.851534400602E-2,9.998285763251E-1,0.E0));
#3155=AXIS2_PLACEMENT_3D('',#3152,#3153,#3154);
#3156=PLANE('',#3155);
#3158=ORIENTED_EDGE('',*,*,#3157,.T.);
#3160=ORIENTED_EDGE('',*,*,#3159,.F.);
#3161=ORIENTED_EDGE('',*,*,#3140,.T.);
#3163=ORIENTED_EDGE('',*,*,#3162,.T.);
#3164=ORIENTED_EDGE('',*,*,#2959,.F.);
#3166=ORIENTED_EDGE('',*,*,#3165,.T.);
#3168=ORIENTED_EDGE('',*,*,#3167,.T.);
#3170=ORIENTED_EDGE('',*,*,#3169,.T.);
#3171=EDGE_LOOP('',(#3158,#3160,#3161,#3163,#3164,#3166,#3168,#3170));
#3172=FACE_OUTER_BOUND('',#3171,.F.);
#3173=ADVANCED_FACE('',(#3172),#3156,.F.);
#3174=CARTESIAN_POINT('',(0.E0,0.E0,-7.5E-1));
#3175=DIRECTION('',(0.E0,0.E0,1.E0));
#3176=DIRECTION('',(1.E0,0.E0,0.E0));
#3177=AXIS2_PLACEMENT_3D('',#3174,#3175,#3176);
#3178=PLANE('',#3177);
#3180=ORIENTED_EDGE('',*,*,#3179,.F.);
#3181=ORIENTED_EDGE('',*,*,#2511,.F.);
#3183=ORIENTED_EDGE('',*,*,#3182,.F.);
#3185=ORIENTED_EDGE('',*,*,#3184,.T.);
#3187=ORIENTED_EDGE('',*,*,#3186,.F.);
#3189=ORIENTED_EDGE('',*,*,#3188,.F.);
#3191=ORIENTED_EDGE('',*,*,#3190,.F.);
#3193=ORIENTED_EDGE('',*,*,#3192,.T.);
#3194=EDGE_LOOP('',(#3180,#3181,#3183,#3185,#3187,#3189,#3191,#3193));
#3195=FACE_OUTER_BOUND('',#3194,.F.);
#3197=ORIENTED_EDGE('',*,*,#3196,.T.);
#3198=ORIENTED_EDGE('',*,*,#3112,.F.);
#3200=ORIENTED_EDGE('',*,*,#3199,.T.);
#3201=ORIENTED_EDGE('',*,*,#3157,.F.);
#3203=ORIENTED_EDGE('',*,*,#3202,.F.);
#3205=ORIENTED_EDGE('',*,*,#3204,.T.);
#3207=ORIENTED_EDGE('',*,*,#3206,.F.);
#3209=ORIENTED_EDGE('',*,*,#3208,.F.);
#3211=ORIENTED_EDGE('',*,*,#3210,.T.);
#3213=ORIENTED_EDGE('',*,*,#3212,.T.);
#3215=ORIENTED_EDGE('',*,*,#3214,.T.);
#3217=ORIENTED_EDGE('',*,*,#3216,.F.);
#3219=ORIENTED_EDGE('',*,*,#3218,.F.);
#3221=ORIENTED_EDGE('',*,*,#3220,.T.);
#3223=ORIENTED_EDGE('',*,*,#3222,.F.);
#3225=ORIENTED_EDGE('',*,*,#3224,.F.);
#3227=ORIENTED_EDGE('',*,*,#3226,.T.);
#3229=ORIENTED_EDGE('',*,*,#3228,.F.);
#3231=ORIENTED_EDGE('',*,*,#3230,.F.);
#3233=ORIENTED_EDGE('',*,*,#3232,.T.);
#3235=ORIENTED_EDGE('',*,*,#3234,.F.);
#3237=ORIENTED_EDGE('',*,*,#3236,.T.);
#3239=ORIENTED_EDGE('',*,*,#3238,.F.);
#3241=ORIENTED_EDGE('',*,*,#3240,.F.);
#3243=ORIENTED_EDGE('',*,*,#3242,.F.);
#3245=ORIENTED_EDGE('',*,*,#3244,.T.);
#3247=ORIENTED_EDGE('',*,*,#3246,.T.);
#3249=ORIENTED_EDGE('',*,*,#3248,.T.);
#3251=ORIENTED_EDGE('',*,*,#3250,.F.);
#3253=ORIENTED_EDGE('',*,*,#3252,.F.);
#3255=ORIENTED_EDGE('',*,*,#3254,.F.);
#3257=ORIENTED_EDGE('',*,*,#3256,.T.);
#3259=ORIENTED_EDGE('',*,*,#3258,.F.);
#3261=ORIENTED_EDGE('',*,*,#3260,.T.);
#3263=ORIENTED_EDGE('',*,*,#3262,.F.);
#3265=ORIENTED_EDGE('',*,*,#3264,.F.);
#3267=ORIENTED_EDGE('',*,*,#3266,.F.);
#3268=EDGE_LOOP('',(#3197,#3198,#3200,#3201,#3203,#3205,#3207,#3209,#3211,#3213,
#3215,#3217,#3219,#3221,#3223,#3225,#3227,#3229,#3231,#3233,#3235,#3237,#3239,
#3241,#3243,#3245,#3247,#3249,#3251,#3253,#3255,#3257,#3259,#3261,#3263,#3265,
#3267));
#3269=FACE_BOUND('',#3268,.F.);
#3270=ADVANCED_FACE('',(#3195,#3269),#3178,.F.);
#3271=CARTESIAN_POINT('',(0.E0,1.029127727689E0,0.E0));
#3272=DIRECTION('',(0.E0,-1.E0,0.E0));
#3273=DIRECTION('',(0.E0,0.E0,-1.E0));
#3274=AXIS2_PLACEMENT_3D('',#3271,#3272,#3273);
#3275=PLANE('',#3274);
#3276=ORIENTED_EDGE('',*,*,#3114,.T.);
#3277=ORIENTED_EDGE('',*,*,#3196,.F.);
#3279=ORIENTED_EDGE('',*,*,#3278,.F.);
#3281=ORIENTED_EDGE('',*,*,#3280,.F.);
#3282=EDGE_LOOP('',(#3276,#3277,#3279,#3281));
#3283=FACE_OUTER_BOUND('',#3282,.F.);
#3284=ADVANCED_FACE('',(#3283),#3275,.F.);
#3285=CARTESIAN_POINT('',(6.088348927935E-1,0.E0,0.E0));
#3286=DIRECTION('',(-1.E0,0.E0,0.E0));
#3287=DIRECTION('',(0.E0,0.E0,1.E0));
#3288=AXIS2_PLACEMENT_3D('',#3285,#3286,#3287);
#3289=PLANE('',#3288);
#3291=ORIENTED_EDGE('',*,*,#3290,.T.);
#3293=ORIENTED_EDGE('',*,*,#3292,.T.);
#3294=ORIENTED_EDGE('',*,*,#3278,.T.);
#3295=ORIENTED_EDGE('',*,*,#3266,.T.);
#3296=EDGE_LOOP('',(#3291,#3293,#3294,#3295));
#3297=FACE_OUTER_BOUND('',#3296,.F.);
#3298=ADVANCED_FACE('',(#3297),#3289,.F.);
#3299=CARTESIAN_POINT('',(0.E0,-1.029127727689E0,0.E0));
#3300=DIRECTION('',(0.E0,1.E0,0.E0));
#3301=DIRECTION('',(0.E0,0.E0,1.E0));
#3302=AXIS2_PLACEMENT_3D('',#3299,#3300,#3301);
#3303=PLANE('',#3302);
#3305=ORIENTED_EDGE('',*,*,#3304,.T.);
#3307=ORIENTED_EDGE('',*,*,#3306,.T.);
#3308=ORIENTED_EDGE('',*,*,#3290,.F.);
#3309=ORIENTED_EDGE('',*,*,#3264,.T.);
#3310=EDGE_LOOP('',(#3305,#3307,#3308,#3309));
#3311=FACE_OUTER_BOUND('',#3310,.F.);
#3312=ADVANCED_FACE('',(#3311),#3303,.F.);
#3313=CARTESIAN_POINT('',(6.416468619536E-1,-3.169444774537E0,
6.010800756163E1));
#3314=DIRECTION('',(-9.998285763251E-1,-1.851534400602E-2,0.E0));
#3315=DIRECTION('',(-1.851534400602E-2,9.998285763251E-1,0.E0));
#3316=AXIS2_PLACEMENT_3D('',#3313,#3314,#3315);
#3317=PLANE('',#3316);
#3318=ORIENTED_EDGE('',*,*,#3304,.F.);
#3319=ORIENTED_EDGE('',*,*,#3262,.T.);
#3321=ORIENTED_EDGE('',*,*,#3320,.F.);
#3323=ORIENTED_EDGE('',*,*,#3322,.T.);
#3324=EDGE_LOOP('',(#3318,#3319,#3321,#3323));
#3325=FACE_OUTER_BOUND('',#3324,.F.);
#3326=ADVANCED_FACE('',(#3325),#3317,.F.);
#3327=CARTESIAN_POINT('',(6.186649379923E-1,-3.169444774537E0,
6.010800756163E1));
#3328=DIRECTION('',(0.E0,1.E0,0.E0));
#3329=DIRECTION('',(1.E0,0.E0,0.E0));
#3330=AXIS2_PLACEMENT_3D('',#3327,#3328,#3329);
#3331=PLANE('',#3330);
#3333=ORIENTED_EDGE('',*,*,#3332,.F.);
#3334=ORIENTED_EDGE('',*,*,#3320,.T.);
#3335=ORIENTED_EDGE('',*,*,#3260,.F.);
#3337=ORIENTED_EDGE('',*,*,#3336,.T.);
#3338=EDGE_LOOP('',(#3333,#3334,#3335,#3337));
#3339=FACE_OUTER_BOUND('',#3338,.F.);
#3340=ADVANCED_FACE('',(#3339),#3331,.F.);
#3341=CARTESIAN_POINT('',(0.E0,0.E0,7.5E-1));
#3342=DIRECTION('',(0.E0,0.E0,1.E0));
#3343=DIRECTION('',(1.E0,0.E0,0.E0));
#3344=AXIS2_PLACEMENT_3D('',#3341,#3342,#3343);
#3345=PLANE('',#3344);
#3346=ORIENTED_EDGE('',*,*,#3116,.F.);
#3347=ORIENTED_EDGE('',*,*,#3280,.T.);
#3348=ORIENTED_EDGE('',*,*,#3292,.F.);
#3349=ORIENTED_EDGE('',*,*,#3306,.F.);
#3350=ORIENTED_EDGE('',*,*,#3322,.F.);
#3351=ORIENTED_EDGE('',*,*,#3332,.T.);
#3353=ORIENTED_EDGE('',*,*,#3352,.F.);
#3355=ORIENTED_EDGE('',*,*,#3354,.F.);
#3356=ORIENTED_EDGE('',*,*,#2588,.T.);
#3357=ORIENTED_EDGE('',*,*,#3094,.F.);
#3358=EDGE_LOOP('',(#3346,#3347,#3348,#3349,#3350,#3351,#3353,#3355,#3356,
#3357));
#3359=FACE_OUTER_BOUND('',#3358,.F.);
#3360=ADVANCED_FACE('',(#3359),#3345,.T.);
#3361=CARTESIAN_POINT('',(7.088484821504E-1,-8.039356159076E0,
6.010800756163E1));
#3362=DIRECTION('',(-9.998285763251E-1,-1.851534400602E-2,0.E0));
#3363=DIRECTION('',(-1.851534400602E-2,9.998285763251E-1,0.E0));
#3364=AXIS2_PLACEMENT_3D('',#3361,#3362,#3363);
#3365=PLANE('',#3364);
#3366=ORIENTED_EDGE('',*,*,#3258,.T.);
#3368=ORIENTED_EDGE('',*,*,#3367,.F.);
#3370=ORIENTED_EDGE('',*,*,#3369,.T.);
#3372=ORIENTED_EDGE('',*,*,#3371,.T.);
#3373=ORIENTED_EDGE('',*,*,#2993,.F.);
#3375=ORIENTED_EDGE('',*,*,#3374,.T.);
#3376=ORIENTED_EDGE('',*,*,#3352,.T.);
#3377=ORIENTED_EDGE('',*,*,#3336,.F.);
#3378=EDGE_LOOP('',(#3366,#3368,#3370,#3372,#3373,#3375,#3376,#3377));
#3379=FACE_OUTER_BOUND('',#3378,.F.);
#3380=ADVANCED_FACE('',(#3379),#3365,.F.);
#3381=CARTESIAN_POINT('',(7.317350186948E-1,-1.027522913247E1,
6.010800756163E1));
#3382=DIRECTION('',(0.E0,1.E0,0.E0));
#3383=DIRECTION('',(1.E0,0.E0,0.E0));
#3384=AXIS2_PLACEMENT_3D('',#3381,#3382,#3383);
#3385=PLANE('',#3384);
#3387=ORIENTED_EDGE('',*,*,#3386,.F.);
#3388=ORIENTED_EDGE('',*,*,#3367,.T.);
#3389=ORIENTED_EDGE('',*,*,#3256,.F.);
#3391=ORIENTED_EDGE('',*,*,#3390,.T.);
#3392=EDGE_LOOP('',(#3387,#3388,#3389,#3391));
#3393=FACE_OUTER_BOUND('',#3392,.F.);
#3394=ADVANCED_FACE('',(#3393),#3385,.F.);
#3395=CARTESIAN_POINT('',(1.319776932440E1,-4.797404104237E0,7.5E-1));
#3396=DIRECTION('',(0.E0,0.E0,1.E0));
#3397=DIRECTION('',(1.E0,0.E0,0.E0));
#3398=AXIS2_PLACEMENT_3D('',#3395,#3396,#3397);
#3399=PLANE('',#3398);
#3400=ORIENTED_EDGE('',*,*,#3369,.F.);
#3401=ORIENTED_EDGE('',*,*,#3386,.T.);
#3403=ORIENTED_EDGE('',*,*,#3402,.F.);
#3405=ORIENTED_EDGE('',*,*,#3404,.F.);
#3407=ORIENTED_EDGE('',*,*,#3406,.F.);
#3409=ORIENTED_EDGE('',*,*,#3408,.T.);
#3410=ORIENTED_EDGE('',*,*,#2596,.T.);
#3412=ORIENTED_EDGE('',*,*,#3411,.F.);
#3413=EDGE_LOOP('',(#3400,#3401,#3403,#3405,#3407,#3409,#3410,#3412));
#3414=FACE_OUTER_BOUND('',#3413,.F.);
#3415=ADVANCED_FACE('',(#3414),#3399,.T.);
#3416=CARTESIAN_POINT('',(9.292539803984E-1,-2.094125306447E1,
6.010800756163E1));
#3417=DIRECTION('',(-9.998285763251E-1,-1.851534400602E-2,0.E0));
#3418=DIRECTION('',(-1.851534400602E-2,9.998285763251E-1,0.E0));
#3419=AXIS2_PLACEMENT_3D('',#3416,#3417,#3418);
#3420=PLANE('',#3419);
#3421=ORIENTED_EDGE('',*,*,#2972,.F.);
#3423=ORIENTED_EDGE('',*,*,#3422,.T.);
#3424=ORIENTED_EDGE('',*,*,#3402,.T.);
#3425=ORIENTED_EDGE('',*,*,#3390,.F.);
#3426=ORIENTED_EDGE('',*,*,#3254,.T.);
#3428=ORIENTED_EDGE('',*,*,#3427,.T.);
#3429=ORIENTED_EDGE('',*,*,#2877,.T.);
#3431=ORIENTED_EDGE('',*,*,#3430,.T.);
#3432=ORIENTED_EDGE('',*,*,#2945,.F.);
#3434=ORIENTED_EDGE('',*,*,#3433,.T.);
#3436=ORIENTED_EDGE('',*,*,#3435,.T.);
#3438=ORIENTED_EDGE('',*,*,#3437,.T.);
#3439=EDGE_LOOP('',(#3421,#3423,#3424,#3425,#3426,#3428,#3429,#3431,#3432,#3434,
#3436,#3438));
#3440=FACE_OUTER_BOUND('',#3439,.F.);
#3441=ADVANCED_FACE('',(#3440),#3420,.F.);
#3442=CARTESIAN_POINT('',(-2.227973994208E-1,-1.273973701979E1,
2.992900378081E1));
#3443=DIRECTION('',(0.E0,0.E0,-1.E0));
#3444=DIRECTION('',(7.071067811865E-1,7.071067811865E-1,0.E0));
#3445=AXIS2_PLACEMENT_3D('',#3442,#3443,#3444);
#3446=CYLINDRICAL_SURFACE('',#3445,1.E0);
#3447=ORIENTED_EDGE('',*,*,#2981,.F.);
#3449=ORIENTED_EDGE('',*,*,#3448,.F.);
#3450=ORIENTED_EDGE('',*,*,#3406,.T.);
#3451=ORIENTED_EDGE('',*,*,#3404,.T.);
#3452=ORIENTED_EDGE('',*,*,#3422,.F.);
#3453=EDGE_LOOP('',(#3447,#3449,#3450,#3451,#3452));
#3454=FACE_OUTER_BOUND('',#3453,.F.);
#3455=ADVANCED_FACE('',(#3454),#3446,.T.);
#3456=CARTESIAN_POINT('',(-1.362922721781E0,-1.171845213483E1,-2.5E-1));
#3457=DIRECTION('',(1.851534400602E-2,9.998285763251E-1,0.E0));
#3458=DIRECTION('',(0.E0,0.E0,1.E0));
#3459=AXIS2_PLACEMENT_3D('',#3456,#3457,#3458);
#3460=PLANE('',#3459);
#3461=ORIENTED_EDGE('',*,*,#2979,.F.);
#3462=ORIENTED_EDGE('',*,*,#2598,.T.);
#3463=ORIENTED_EDGE('',*,*,#3408,.F.);
#3464=ORIENTED_EDGE('',*,*,#3448,.T.);
#3465=EDGE_LOOP('',(#3461,#3462,#3463,#3464));
#3466=FACE_OUTER_BOUND('',#3465,.F.);
#3467=ADVANCED_FACE('',(#3466),#3460,.T.);
#3468=CARTESIAN_POINT('',(1.976878800673E0,-2.210844728797E1,6.010800756163E1));
#3469=CARTESIAN_POINT('',(1.962772462958E0,-2.210701328019E1,6.010800756163E1));
#3470=CARTESIAN_POINT('',(1.442288086701E0,-2.203959410990E1,6.010800756163E1));
#3471=CARTESIAN_POINT('',(9.251846301308E-1,-2.143749345093E1,
6.010800756163E1));
#3472=CARTESIAN_POINT('',(9.290970125341E-1,-2.091297213235E1,
6.010800756163E1));
#3473=CARTESIAN_POINT('',(9.295797281209E-1,-2.089891033871E1,
6.010800756163E1));
#3475=DIRECTION('',(0.E0,0.E0,-1.E0));
#3476=VECTOR('',#3475,1.E0);
#3477=SURFACE_OF_LINEAR_EXTRUSION('',#3474,#3476);
#3478=ORIENTED_EDGE('',*,*,#2879,.T.);
#3479=ORIENTED_EDGE('',*,*,#3427,.F.);
#3480=ORIENTED_EDGE('',*,*,#3252,.T.);
#3482=ORIENTED_EDGE('',*,*,#3481,.F.);
#3483=EDGE_LOOP('',(#3478,#3479,#3480,#3482));
#3484=FACE_OUTER_BOUND('',#3483,.F.);
#3485=ADVANCED_FACE('',(#3484),#3477,.F.);
#3486=CARTESIAN_POINT('',(1.269776932440E1,4.659016835921E1,6.010800756163E1));
#3487=DIRECTION('',(0.E0,0.E0,-1.E0));
#3488=DIRECTION('',(-1.547964736168E-1,-9.879463810126E-1,0.E0));
#3489=AXIS2_PLACEMENT_3D('',#3486,#3487,#3488);
#3490=CYLINDRICAL_SURFACE('',#3489,6.953125E1);
#3491=ORIENTED_EDGE('',*,*,#2881,.T.);
#3492=ORIENTED_EDGE('',*,*,#3481,.T.);
#3493=ORIENTED_EDGE('',*,*,#3250,.T.);
#3495=ORIENTED_EDGE('',*,*,#3494,.F.);
#3496=EDGE_LOOP('',(#3491,#3492,#3493,#3495));
#3497=FACE_OUTER_BOUND('',#3496,.F.);
#3498=ADVANCED_FACE('',(#3497),#3490,.F.);
#3499=CARTESIAN_POINT('',(1.294776932440E1,4.659016835921E1,-5.657150486250E0));
#3500=DIRECTION('',(0.E0,0.E0,1.E0));
#3501=DIRECTION('',(-1.547964736168E-1,-9.879463810126E-1,0.E0));
#3502=AXIS2_PLACEMENT_3D('',#3499,#3500,#3501);
#3503=CYLINDRICAL_SURFACE('',#3502,6.953125E1);
#3504=ORIENTED_EDGE('',*,*,#3494,.T.);
#3505=ORIENTED_EDGE('',*,*,#3248,.F.);
#3507=ORIENTED_EDGE('',*,*,#3506,.F.);
#3508=ORIENTED_EDGE('',*,*,#2883,.T.);
#3509=EDGE_LOOP('',(#3504,#3505,#3507,#3508));
#3510=FACE_OUTER_BOUND('',#3509,.F.);
#3511=ADVANCED_FACE('',(#3510),#3503,.F.);
#3512=CARTESIAN_POINT('',(1.319776932440E1,4.659016835921E1,-7.5E-1));
#3513=DIRECTION('',(0.E0,0.E0,1.E0));
#3514=DIRECTION('',(-1.547964736168E-1,-9.879463810126E-1,0.E0));
#3515=AXIS2_PLACEMENT_3D('',#3512,#3513,#3514);
#3516=CYLINDRICAL_SURFACE('',#3515,6.953125E1);
#3518=ORIENTED_EDGE('',*,*,#3517,.T.);
#3519=ORIENTED_EDGE('',*,*,#2885,.T.);
#3520=ORIENTED_EDGE('',*,*,#3506,.T.);
#3521=ORIENTED_EDGE('',*,*,#3246,.F.);
#3522=EDGE_LOOP('',(#3518,#3519,#3520,#3521));
#3523=FACE_OUTER_BOUND('',#3522,.F.);
#3524=ADVANCED_FACE('',(#3523),#3516,.F.);
#3525=CARTESIAN_POINT('',(1.344776932440E1,4.659016835921E1,-5.657150486250E0));
#3526=DIRECTION('',(0.E0,0.E0,1.E0));
#3527=DIRECTION('',(-1.547964736168E-1,-9.879463810126E-1,0.E0));
#3528=AXIS2_PLACEMENT_3D('',#3525,#3526,#3527);
#3529=CYLINDRICAL_SURFACE('',#3528,6.953125E1);
#3531=ORIENTED_EDGE('',*,*,#3530,.T.);
#3532=ORIENTED_EDGE('',*,*,#2887,.T.);
#3533=ORIENTED_EDGE('',*,*,#3517,.F.);
#3534=ORIENTED_EDGE('',*,*,#3244,.F.);
#3535=EDGE_LOOP('',(#3531,#3532,#3533,#3534));
#3536=FACE_OUTER_BOUND('',#3535,.F.);
#3537=ADVANCED_FACE('',(#3536),#3529,.F.);
#3538=CARTESIAN_POINT('',(1.369776932440E1,4.659016835921E1,6.010800756163E1));
#3539=DIRECTION('',(0.E0,0.E0,-1.E0));
#3540=DIRECTION('',(-1.547964736168E-1,-9.879463810126E-1,0.E0));
#3541=AXIS2_PLACEMENT_3D('',#3538,#3539,#3540);
#3542=CYLINDRICAL_SURFACE('',#3541,6.953125E1);
#3543=ORIENTED_EDGE('',*,*,#3242,.T.);
#3545=ORIENTED_EDGE('',*,*,#3544,.T.);
#3546=ORIENTED_EDGE('',*,*,#2889,.T.);
#3547=ORIENTED_EDGE('',*,*,#3530,.F.);
#3548=EDGE_LOOP('',(#3543,#3545,#3546,#3547));
#3549=FACE_OUTER_BOUND('',#3548,.F.);
#3550=ADVANCED_FACE('',(#3549),#3542,.F.);
#3551=CARTESIAN_POINT('',(2.546594825417E1,-2.089860139482E1,6.010800756163E1));
#3552=CARTESIAN_POINT('',(2.546644007409E1,-2.091276534109E1,6.010800756163E1));
#3553=CARTESIAN_POINT('',(2.547045326344E1,-2.143737789313E1,6.010800756163E1));
#3554=CARTESIAN_POINT('',(2.495333932990E1,-2.203949075119E1,6.010800756163E1));
#3555=CARTESIAN_POINT('',(2.443294969061E1,-2.210698949433E1,6.010800756163E1));
#3556=CARTESIAN_POINT('',(2.441893515257E1,-2.210841925144E1,6.010800756163E1));
#3558=DIRECTION('',(0.E0,0.E0,-1.E0));
#3559=VECTOR('',#3558,1.E0);
#3560=SURFACE_OF_LINEAR_EXTRUSION('',#3557,#3559);
#3561=ORIENTED_EDGE('',*,*,#2893,.T.);
#3562=ORIENTED_EDGE('',*,*,#2891,.T.);
#3563=ORIENTED_EDGE('',*,*,#3544,.F.);
#3564=ORIENTED_EDGE('',*,*,#3240,.T.);
#3566=ORIENTED_EDGE('',*,*,#3565,.F.);
#3567=EDGE_LOOP('',(#3561,#3562,#3563,#3564,#3566));
#3568=FACE_OUTER_BOUND('',#3567,.F.);
#3569=ADVANCED_FACE('',(#3568),#3560,.F.);
#3570=CARTESIAN_POINT('',(2.566380363011E1,-1.027522913247E1,6.010800756163E1));
#3571=DIRECTION('',(9.998285763251E-1,-1.851534400602E-2,0.E0));
#3572=DIRECTION('',(-1.851534400602E-2,-9.998285763251E-1,0.E0));
#3573=AXIS2_PLACEMENT_3D('',#3570,#3571,#3572);
#3574=PLANE('',#3573);
#3575=ORIENTED_EDGE('',*,*,#3040,.T.);
#3577=ORIENTED_EDGE('',*,*,#3576,.T.);
#3579=ORIENTED_EDGE('',*,*,#3578,.T.);
#3581=ORIENTED_EDGE('',*,*,#3580,.T.);
#3582=ORIENTED_EDGE('',*,*,#3057,.T.);
#3584=ORIENTED_EDGE('',*,*,#3583,.T.);
#3585=ORIENTED_EDGE('',*,*,#2895,.T.);
#3586=ORIENTED_EDGE('',*,*,#3565,.T.);
#3587=ORIENTED_EDGE('',*,*,#3238,.T.);
#3589=ORIENTED_EDGE('',*,*,#3588,.F.);
#3591=ORIENTED_EDGE('',*,*,#3590,.T.);
#3593=ORIENTED_EDGE('',*,*,#3592,.T.);
#3594=EDGE_LOOP('',(#3575,#3577,#3579,#3581,#3582,#3584,#3585,#3586,#3587,#3589,
#3591,#3593));
#3595=FACE_OUTER_BOUND('',#3594,.F.);
#3596=ADVANCED_FACE('',(#3595),#3574,.F.);
#3597=CARTESIAN_POINT('',(2.659060955798E1,-1.423696749353E1,3.228812856660E1));
#3598=DIRECTION('',(0.E0,0.E0,-1.E0));
#3599=DIRECTION('',(-7.200778916462E-1,-6.938932410409E-1,-1.004859173558E-14));
#3600=AXIS2_PLACEMENT_3D('',#3597,#3598,#3599);
#3601=CYLINDRICAL_SURFACE('',#3600,1.E0);
#3602=ORIENTED_EDGE('',*,*,#3038,.F.);
#3604=ORIENTED_EDGE('',*,*,#3603,.F.);
#3606=ORIENTED_EDGE('',*,*,#3605,.T.);
#3608=ORIENTED_EDGE('',*,*,#3607,.T.);
#3609=ORIENTED_EDGE('',*,*,#3576,.F.);
#3610=EDGE_LOOP('',(#3602,#3604,#3606,#3608,#3609));
#3611=FACE_OUTER_BOUND('',#3610,.F.);
#3612=ADVANCED_FACE('',(#3611),#3601,.T.);
#3613=CARTESIAN_POINT('',(-1.418478277337E0,-1.471845213483E1,
4.468249571572E0));
#3614=DIRECTION('',(-1.851534400602E-2,-9.998285763251E-1,0.E0));
#3615=DIRECTION('',(0.E0,0.E0,-1.E0));
#3616=AXIS2_PLACEMENT_3D('',#3613,#3614,#3615);
#3617=PLANE('',#3616);
#3618=ORIENTED_EDGE('',*,*,#3047,.T.);
#3619=ORIENTED_EDGE('',*,*,#2825,.F.);
#3621=ORIENTED_EDGE('',*,*,#3620,.F.);
#3622=ORIENTED_EDGE('',*,*,#3603,.T.);
#3623=EDGE_LOOP('',(#3618,#3619,#3621,#3622));
#3624=FACE_OUTER_BOUND('',#3623,.F.);
#3625=ADVANCED_FACE('',(#3624),#3617,.T.);
#3626=CARTESIAN_POINT('',(1.319776932440E1,-4.797404104237E0,7.5E-1));
#3627=DIRECTION('',(0.E0,0.E0,1.E0));
#3628=DIRECTION('',(1.E0,0.E0,0.E0));
#3629=AXIS2_PLACEMENT_3D('',#3626,#3627,#3628);
#3630=PLANE('',#3629);
#3631=ORIENTED_EDGE('',*,*,#3578,.F.);
#3632=ORIENTED_EDGE('',*,*,#3607,.F.);
#3633=ORIENTED_EDGE('',*,*,#3605,.F.);
#3634=ORIENTED_EDGE('',*,*,#3620,.T.);
#3635=ORIENTED_EDGE('',*,*,#2823,.F.);
#3637=ORIENTED_EDGE('',*,*,#3636,.F.);
#3639=ORIENTED_EDGE('',*,*,#3638,.F.);
#3641=ORIENTED_EDGE('',*,*,#3640,.F.);
#3642=EDGE_LOOP('',(#3631,#3632,#3633,#3634,#3635,#3637,#3639,#3641));
#3643=FACE_OUTER_BOUND('',#3642,.F.);
#3644=ADVANCED_FACE('',(#3643),#3630,.T.);
#3645=CARTESIAN_POINT('',(-1.474033832893E0,-1.771845213483E1,-2.5E-1));
#3646=DIRECTION('',(1.851534400602E-2,9.998285763251E-1,0.E0));
#3647=DIRECTION('',(0.E0,0.E0,1.E0));
#3648=AXIS2_PLACEMENT_3D('',#3645,#3646,#3647);
#3649=PLANE('',#3648);
#3650=ORIENTED_EDGE('',*,*,#3061,.F.);
#3652=ORIENTED_EDGE('',*,*,#3651,.T.);
#3653=ORIENTED_EDGE('',*,*,#3636,.T.);
#3654=ORIENTED_EDGE('',*,*,#2821,.F.);
#3655=EDGE_LOOP('',(#3650,#3652,#3653,#3654));
#3656=FACE_OUTER_BOUND('',#3655,.F.);
#3657=ADVANCED_FACE('',(#3656),#3649,.T.);
#3658=CARTESIAN_POINT('',(2.649802331441E1,-1.923662464618E1,2.992900378081E1));
#3659=DIRECTION('',(0.E0,0.E0,1.E0));
#3660=DIRECTION('',(-6.938932410409E-1,7.200778916463E-1,0.E0));
#3661=AXIS2_PLACEMENT_3D('',#3658,#3659,#3660);
#3662=CYLINDRICAL_SURFACE('',#3661,1.E0);
#3663=ORIENTED_EDGE('',*,*,#3059,.F.);
#3664=ORIENTED_EDGE('',*,*,#3580,.F.);
#3665=ORIENTED_EDGE('',*,*,#3640,.T.);
#3666=ORIENTED_EDGE('',*,*,#3638,.T.);
#3667=ORIENTED_EDGE('',*,*,#3651,.F.);
#3668=EDGE_LOOP('',(#3663,#3664,#3665,#3666,#3667));
#3669=FACE_OUTER_BOUND('',#3668,.F.);
#3670=ADVANCED_FACE('',(#3669),#3662,.T.);
#3671=CARTESIAN_POINT('',(2.647949844686E1,-2.023696749353E1,3.749796218893E0));
#3672=DIRECTION('',(0.E0,0.E0,-1.E0));
#3673=DIRECTION('',(-1.851534400602E-2,-9.998285763251E-1,0.E0));
#3674=AXIS2_PLACEMENT_3D('',#3671,#3672,#3673);
#3675=CYLINDRICAL_SURFACE('',#3674,1.E0);
#3676=ORIENTED_EDGE('',*,*,#3066,.F.);
#3678=ORIENTED_EDGE('',*,*,#3677,.F.);
#3679=ORIENTED_EDGE('',*,*,#2897,.T.);
#3680=ORIENTED_EDGE('',*,*,#3583,.F.);
#3681=EDGE_LOOP('',(#3676,#3678,#3679,#3680));
#3682=FACE_OUTER_BOUND('',#3681,.F.);
#3683=ADVANCED_FACE('',(#3682),#3675,.T.);
#3684=CARTESIAN_POINT('',(-1.529589388448E0,-2.071845213483E1,
3.749796218893E0));
#3685=DIRECTION('',(-1.851534400602E-2,-9.998285763251E-1,0.E0));
#3686=DIRECTION('',(0.E0,0.E0,-1.E0));
#3687=AXIS2_PLACEMENT_3D('',#3684,#3685,#3686);
#3688=PLANE('',#3687);
#3689=ORIENTED_EDGE('',*,*,#3064,.T.);
#3690=ORIENTED_EDGE('',*,*,#2817,.F.);
#3691=ORIENTED_EDGE('',*,*,#2899,.F.);
#3692=ORIENTED_EDGE('',*,*,#3677,.T.);
#3693=EDGE_LOOP('',(#3689,#3690,#3691,#3692));
#3694=FACE_OUTER_BOUND('',#3693,.F.);
#3695=ADVANCED_FACE('',(#3694),#3688,.T.);
#3696=CARTESIAN_POINT('',(2.564262441647E1,-1.027522913247E1,6.010800756163E1));
#3697=DIRECTION('',(0.E0,1.E0,0.E0));
#3698=DIRECTION('',(1.E0,0.E0,0.E0));
#3699=AXIS2_PLACEMENT_3D('',#3696,#3697,#3698);
#3700=PLANE('',#3699);
#3702=ORIENTED_EDGE('',*,*,#3701,.F.);
#3703=ORIENTED_EDGE('',*,*,#3588,.T.);
#3704=ORIENTED_EDGE('',*,*,#3236,.F.);
#3706=ORIENTED_EDGE('',*,*,#3705,.T.);
#3707=EDGE_LOOP('',(#3702,#3703,#3704,#3706));
#3708=FACE_OUTER_BOUND('',#3707,.F.);
#3709=ADVANCED_FACE('',(#3708),#3700,.F.);
#3710=CARTESIAN_POINT('',(1.319776932440E1,-4.797404104237E0,7.5E-1));
#3711=DIRECTION('',(0.E0,0.E0,1.E0));
#3712=DIRECTION('',(1.E0,0.E0,0.E0));
#3713=AXIS2_PLACEMENT_3D('',#3710,#3711,#3712);
#3714=PLANE('',#3713);
#3716=ORIENTED_EDGE('',*,*,#3715,.F.);
#3718=ORIENTED_EDGE('',*,*,#3717,.F.);
#3720=ORIENTED_EDGE('',*,*,#3719,.T.);
#3721=ORIENTED_EDGE('',*,*,#2831,.F.);
#3723=ORIENTED_EDGE('',*,*,#3722,.F.);
#3725=ORIENTED_EDGE('',*,*,#3724,.F.);
#3727=ORIENTED_EDGE('',*,*,#3726,.F.);
#3728=ORIENTED_EDGE('',*,*,#3590,.F.);
#3729=ORIENTED_EDGE('',*,*,#3701,.T.);
#3730=EDGE_LOOP('',(#3716,#3718,#3720,#3721,#3723,#3725,#3727,#3728,#3729));
#3731=FACE_OUTER_BOUND('',#3730,.F.);
#3732=ADVANCED_FACE('',(#3731),#3714,.T.);
#3733=CARTESIAN_POINT('',(2.577687371082E1,-3.169444774537E0,6.010800756163E1));
#3734=DIRECTION('',(9.998285763251E-1,-1.851534400602E-2,0.E0));
#3735=DIRECTION('',(-1.851534400602E-2,-9.998285763251E-1,0.E0));
#3736=AXIS2_PLACEMENT_3D('',#3733,#3734,#3735);
#3737=PLANE('',#3736);
#3738=ORIENTED_EDGE('',*,*,#3715,.T.);
#3739=ORIENTED_EDGE('',*,*,#3705,.F.);
#3740=ORIENTED_EDGE('',*,*,#3234,.T.);
#3742=ORIENTED_EDGE('',*,*,#3741,.F.);
#3744=ORIENTED_EDGE('',*,*,#3743,.T.);
#3746=ORIENTED_EDGE('',*,*,#3745,.T.);
#3747=ORIENTED_EDGE('',*,*,#3023,.T.);
#3749=ORIENTED_EDGE('',*,*,#3748,.T.);
#3750=EDGE_LOOP('',(#3738,#3739,#3740,#3742,#3744,#3746,#3747,#3749));
#3751=FACE_OUTER_BOUND('',#3750,.F.);
#3752=ADVANCED_FACE('',(#3751),#3737,.F.);
#3753=CARTESIAN_POINT('',(2.575389178686E1,-3.169444774537E0,6.010800756163E1));
#3754=DIRECTION('',(0.E0,1.E0,0.E0));
#3755=DIRECTION('',(1.E0,0.E0,0.E0));
#3756=AXIS2_PLACEMENT_3D('',#3753,#3754,#3755);
#3757=PLANE('',#3756);
#3759=ORIENTED_EDGE('',*,*,#3758,.F.);
#3760=ORIENTED_EDGE('',*,*,#3741,.T.);
#3761=ORIENTED_EDGE('',*,*,#3232,.F.);
#3763=ORIENTED_EDGE('',*,*,#3762,.T.);
#3764=EDGE_LOOP('',(#3759,#3760,#3761,#3763));
#3765=FACE_OUTER_BOUND('',#3764,.F.);
#3766=ADVANCED_FACE('',(#3765),#3757,.F.);
#3767=CARTESIAN_POINT('',(1.319776932440E1,-4.797404104237E0,7.5E-1));
#3768=DIRECTION('',(0.E0,0.E0,1.E0));
#3769=DIRECTION('',(1.E0,0.E0,0.E0));
#3770=AXIS2_PLACEMENT_3D('',#3767,#3768,#3769);
#3771=PLANE('',#3770);
#3773=ORIENTED_EDGE('',*,*,#3772,.F.);
#3775=ORIENTED_EDGE('',*,*,#3774,.F.);
#3776=ORIENTED_EDGE('',*,*,#2839,.F.);
#3778=ORIENTED_EDGE('',*,*,#3777,.F.);
#3779=ORIENTED_EDGE('',*,*,#3743,.F.);
#3780=ORIENTED_EDGE('',*,*,#3758,.T.);
#3781=EDGE_LOOP('',(#3773,#3775,#3776,#3778,#3779,#3780));
#3782=FACE_OUTER_BOUND('',#3781,.F.);
#3783=ADVANCED_FACE('',(#3782),#3771,.T.);
#3784=CARTESIAN_POINT('',(2.580133752603E1,-6.073748592090E-1,
6.010800756163E1));
#3785=DIRECTION('',(9.998285763251E-1,-1.851534400602E-2,0.E0));
#3786=DIRECTION('',(-1.851534400602E-2,-9.998285763251E-1,0.E0));
#3787=AXIS2_PLACEMENT_3D('',#3784,#3785,#3786);
#3788=PLANE('',#3787);
#3789=ORIENTED_EDGE('',*,*,#3772,.T.);
#3790=ORIENTED_EDGE('',*,*,#3762,.F.);
#3791=ORIENTED_EDGE('',*,*,#3230,.T.);
#3793=ORIENTED_EDGE('',*,*,#3792,.T.);
#3794=EDGE_LOOP('',(#3789,#3790,#3791,#3793));
#3795=FACE_OUTER_BOUND('',#3794,.F.);
#3796=ADVANCED_FACE('',(#3795),#3788,.F.);
#3797=CARTESIAN_POINT('',(2.587575342122E1,3.170059587511E0,6.010800756163E1));
#3798=DIRECTION('',(9.998285763251E-1,-1.851534400602E-2,0.E0));
#3799=DIRECTION('',(-1.851534400602E-2,-9.998285763251E-1,0.E0));
#3800=AXIS2_PLACEMENT_3D('',#3797,#3798,#3799);
#3801=PLANE('',#3800);
#3802=ORIENTED_EDGE('',*,*,#3081,.T.);
#3804=ORIENTED_EDGE('',*,*,#3803,.F.);
#3805=ORIENTED_EDGE('',*,*,#3792,.F.);
#3806=ORIENTED_EDGE('',*,*,#3228,.T.);
#3808=ORIENTED_EDGE('',*,*,#3807,.F.);
#3810=ORIENTED_EDGE('',*,*,#3809,.T.);
#3812=ORIENTED_EDGE('',*,*,#3811,.T.);
#3813=EDGE_LOOP('',(#3802,#3804,#3805,#3806,#3808,#3810,#3812));
#3814=FACE_OUTER_BOUND('',#3813,.F.);
#3815=ADVANCED_FACE('',(#3814),#3801,.F.);
#3816=CARTESIAN_POINT('',(2.672962670083E1,-2.355157354093E-1,
2.009685886949E0));
#3817=DIRECTION('',(0.E0,0.E0,-1.E0));
#3818=DIRECTION('',(-3.185737642143E-2,-9.994924249676E-1,0.E0));
#3819=AXIS2_PLACEMENT_3D('',#3816,#3817,#3818);
#3820=CYLINDRICAL_SURFACE('',#3819,1.E0);
#3821=ORIENTED_EDGE('',*,*,#3079,.F.);
#3822=ORIENTED_EDGE('',*,*,#2841,.F.);
#3823=ORIENTED_EDGE('',*,*,#3774,.T.);
#3824=ORIENTED_EDGE('',*,*,#3803,.T.);
#3825=EDGE_LOOP('',(#3821,#3822,#3823,#3824));
#3826=FACE_OUTER_BOUND('',#3825,.F.);
#3827=ADVANCED_FACE('',(#3826),#3820,.T.);
#3828=CARTESIAN_POINT('',(2.585963712117E1,3.170059587511E0,6.010800756163E1));
#3829=DIRECTION('',(0.E0,1.E0,0.E0));
#3830=DIRECTION('',(1.E0,0.E0,0.E0));
#3831=AXIS2_PLACEMENT_3D('',#3828,#3829,#3830);
#3832=PLANE('',#3831);
#3834=ORIENTED_EDGE('',*,*,#3833,.F.);
#3835=ORIENTED_EDGE('',*,*,#3807,.T.);
#3836=ORIENTED_EDGE('',*,*,#3226,.F.);
#3838=ORIENTED_EDGE('',*,*,#3837,.T.);
#3839=EDGE_LOOP('',(#3834,#3835,#3836,#3838));
#3840=FACE_OUTER_BOUND('',#3839,.F.);
#3841=ADVANCED_FACE('',(#3840),#3832,.F.);
#3842=CARTESIAN_POINT('',(1.319776932440E1,-4.797404104237E0,7.5E-1));
#3843=DIRECTION('',(0.E0,0.E0,1.E0));
#3844=DIRECTION('',(1.E0,0.E0,0.E0));
#3845=AXIS2_PLACEMENT_3D('',#3842,#3843,#3844);
#3846=PLANE('',#3845);
#3848=ORIENTED_EDGE('',*,*,#3847,.F.);
#3850=ORIENTED_EDGE('',*,*,#3849,.F.);
#3851=ORIENTED_EDGE('',*,*,#2847,.F.);
#3853=ORIENTED_EDGE('',*,*,#3852,.F.);
#3854=ORIENTED_EDGE('',*,*,#3809,.F.);
#3855=ORIENTED_EDGE('',*,*,#3833,.T.);
#3856=EDGE_LOOP('',(#3848,#3850,#3851,#3853,#3854,#3855));
#3857=FACE_OUTER_BOUND('',#3856,.F.);
#3858=ADVANCED_FACE('',(#3857),#3846,.T.);
#3859=CARTESIAN_POINT('',(2.594356181210E1,7.831712695007E0,6.010800756163E1));
#3860=DIRECTION('',(9.998285763251E-1,-1.851534400602E-2,0.E0));
#3861=DIRECTION('',(-1.851534400602E-2,-9.998285763251E-1,0.E0));
#3862=AXIS2_PLACEMENT_3D('',#3859,#3860,#3861);
#3863=PLANE('',#3862);
#3864=ORIENTED_EDGE('',*,*,#3847,.T.);
#3865=ORIENTED_EDGE('',*,*,#3837,.F.);
#3866=ORIENTED_EDGE('',*,*,#3224,.T.);
#3868=ORIENTED_EDGE('',*,*,#3867,.T.);
#3870=ORIENTED_EDGE('',*,*,#3869,.T.);
#3872=ORIENTED_EDGE('',*,*,#3871,.T.);
#3873=ORIENTED_EDGE('',*,*,#3011,.T.);
#3875=ORIENTED_EDGE('',*,*,#3874,.T.);
#3876=EDGE_LOOP('',(#3864,#3865,#3866,#3868,#3870,#3872,#3873,#3875));
#3877=FACE_OUTER_BOUND('',#3876,.F.);
#3878=ADVANCED_FACE('',(#3877),#3863,.F.);
#3879=CARTESIAN_POINT('',(2.659271476163E1,8.334835909375E0,6.010800756163E1));
#3880=CARTESIAN_POINT('',(2.659613873974E1,8.319681877627E0,6.010800756163E1));
#3881=CARTESIAN_POINT('',(2.663030684398E1,8.021795237410E0,6.010800756163E1));
#3882=CARTESIAN_POINT('',(2.591126246912E1,8.102502010623E0,6.010800756163E1));
#3883=CARTESIAN_POINT('',(2.594511482888E1,7.800015172335E0,6.010800756163E1));
#3884=CARTESIAN_POINT('',(2.594931435611E1,7.782363379183E0,6.010800756163E1));
#3886=DIRECTION('',(0.E0,0.E0,-1.E0));
#3887=VECTOR('',#3886,1.E0);
#3888=SURFACE_OF_LINEAR_EXTRUSION('',#3885,#3887);
#3890=ORIENTED_EDGE('',*,*,#3889,.T.);
#3891=ORIENTED_EDGE('',*,*,#3867,.F.);
#3892=ORIENTED_EDGE('',*,*,#3222,.T.);
#3894=ORIENTED_EDGE('',*,*,#3893,.F.);
#3895=EDGE_LOOP('',(#3890,#3891,#3892,#3894));
#3896=FACE_OUTER_BOUND('',#3895,.F.);
#3897=ADVANCED_FACE('',(#3896),#3888,.F.);
#3898=CARTESIAN_POINT('',(1.319776932440E1,-4.797404104237E0,7.5E-1));
#3899=DIRECTION('',(0.E0,0.E0,1.E0));
#3900=DIRECTION('',(1.E0,0.E0,0.E0));
#3901=AXIS2_PLACEMENT_3D('',#3898,#3899,#3900);
#3902=PLANE('',#3901);
#3903=ORIENTED_EDGE('',*,*,#3869,.F.);
#3904=ORIENTED_EDGE('',*,*,#3889,.F.);
#3906=ORIENTED_EDGE('',*,*,#3905,.T.);
#3908=ORIENTED_EDGE('',*,*,#3907,.F.);
#3910=ORIENTED_EDGE('',*,*,#3909,.F.);
#3912=ORIENTED_EDGE('',*,*,#3911,.T.);
#3914=ORIENTED_EDGE('',*,*,#3913,.F.);
#3916=ORIENTED_EDGE('',*,*,#3915,.T.);
#3918=ORIENTED_EDGE('',*,*,#3917,.F.);
#3920=ORIENTED_EDGE('',*,*,#3919,.F.);
#3922=ORIENTED_EDGE('',*,*,#3921,.T.);
#3924=ORIENTED_EDGE('',*,*,#3923,.F.);
#3925=ORIENTED_EDGE('',*,*,#3167,.F.);
#3927=ORIENTED_EDGE('',*,*,#3926,.F.);
#3928=ORIENTED_EDGE('',*,*,#2572,.T.);
#3929=ORIENTED_EDGE('',*,*,#2336,.T.);
#3930=ORIENTED_EDGE('',*,*,#2855,.F.);
#3932=ORIENTED_EDGE('',*,*,#3931,.F.);
#3933=EDGE_LOOP('',(#3903,#3904,#3906,#3908,#3910,#3912,#3914,#3916,#3918,#3920,
#3922,#3924,#3925,#3927,#3928,#3929,#3930,#3932));
#3934=FACE_OUTER_BOUND('',#3933,.F.);
#3935=ADVANCED_FACE('',(#3934),#3902,.T.);
#3936=CARTESIAN_POINT('',(2.659776932440E1,1.205891835921E1,6.010800756163E1));
#3937=DIRECTION('',(1.E0,0.E0,0.E0));
#3938=DIRECTION('',(0.E0,-1.E0,0.E0));
#3939=AXIS2_PLACEMENT_3D('',#3936,#3937,#3938);
#3940=PLANE('',#3939);
#3941=ORIENTED_EDGE('',*,*,#3905,.F.);
#3942=ORIENTED_EDGE('',*,*,#3893,.T.);
#3943=ORIENTED_EDGE('',*,*,#3220,.F.);
#3945=ORIENTED_EDGE('',*,*,#3944,.T.);
#3946=EDGE_LOOP('',(#3941,#3942,#3943,#3945));
#3947=FACE_OUTER_BOUND('',#3946,.F.);
#3948=ADVANCED_FACE('',(#3947),#3940,.F.);
#3949=CARTESIAN_POINT('',(2.556632857018E1,1.321201798664E1,6.010800756163E1));
#3950=CARTESIAN_POINT('',(2.558049168629E1,1.321079623927E1,6.010800756163E1));
#3951=CARTESIAN_POINT('',(2.609495968282E1,1.315141958614E1,6.010800756163E1));
#3952=CARTESIAN_POINT('',(2.661151623880E1,1.254799052803E1,6.010800756163E1));
#3953=CARTESIAN_POINT('',(2.659738283977E1,1.203056778909E1,6.010800756163E1));
#3954=CARTESIAN_POINT('',(2.659659924977E1,1.201648339812E1,6.010800756163E1));
#3956=DIRECTION('',(0.E0,0.E0,-1.E0));
#3957=VECTOR('',#3956,1.E0);
#3958=SURFACE_OF_LINEAR_EXTRUSION('',#3955,#3957);
#3959=ORIENTED_EDGE('',*,*,#3907,.T.);
#3960=ORIENTED_EDGE('',*,*,#3944,.F.);
#3961=ORIENTED_EDGE('',*,*,#3218,.T.);
#3963=ORIENTED_EDGE('',*,*,#3962,.F.);
#3964=EDGE_LOOP('',(#3959,#3960,#3961,#3963));
#3965=FACE_OUTER_BOUND('',#3964,.F.);
#3966=ADVANCED_FACE('',(#3965),#3958,.F.);
#3967=CARTESIAN_POINT('',(1.369776932440E1,-6.964608164079E1,6.010800756163E1));
#3968=DIRECTION('',(0.E0,0.E0,-1.E0));
#3969=DIRECTION('',(1.422978767692E-1,9.898238804287E-1,0.E0));
#3970=AXIS2_PLACEMENT_3D('',#3967,#3968,#3969);
#3971=CYLINDRICAL_SURFACE('',#3970,8.3705E1);
#3972=ORIENTED_EDGE('',*,*,#3909,.T.);
#3973=ORIENTED_EDGE('',*,*,#3962,.T.);
#3974=ORIENTED_EDGE('',*,*,#3216,.T.);
#3976=ORIENTED_EDGE('',*,*,#3975,.F.);
#3977=EDGE_LOOP('',(#3972,#3973,#3974,#3976));
#3978=FACE_OUTER_BOUND('',#3977,.F.);
#3979=ADVANCED_FACE('',(#3978),#3971,.F.);
#3980=CARTESIAN_POINT('',(1.344776932440E1,-6.964608164079E1,
-5.657150486250E0));
#3981=DIRECTION('',(0.E0,0.E0,1.E0));
#3982=DIRECTION('',(1.422978767692E-1,9.898238804287E-1,0.E0));
#3983=AXIS2_PLACEMENT_3D('',#3980,#3981,#3982);
#3984=CYLINDRICAL_SURFACE('',#3983,8.3705E1);
#3985=ORIENTED_EDGE('',*,*,#3975,.T.);
#3986=ORIENTED_EDGE('',*,*,#3214,.F.);
#3988=ORIENTED_EDGE('',*,*,#3987,.F.);
#3989=ORIENTED_EDGE('',*,*,#3911,.F.);
#3990=EDGE_LOOP('',(#3985,#3986,#3988,#3989));
#3991=FACE_OUTER_BOUND('',#3990,.F.);
#3992=ADVANCED_FACE('',(#3991),#3984,.F.);
#3993=CARTESIAN_POINT('',(1.319776932440E1,-6.964608164079E1,-7.5E-1));
#3994=DIRECTION('',(0.E0,0.E0,1.E0));
#3995=DIRECTION('',(1.422978767692E-1,9.898238804287E-1,0.E0));
#3996=AXIS2_PLACEMENT_3D('',#3993,#3994,#3995);
#3997=CYLINDRICAL_SURFACE('',#3996,8.3705E1);
#3998=ORIENTED_EDGE('',*,*,#3987,.T.);
#3999=ORIENTED_EDGE('',*,*,#3212,.F.);
#4001=ORIENTED_EDGE('',*,*,#4000,.T.);
#4002=ORIENTED_EDGE('',*,*,#3913,.T.);
#4003=EDGE_LOOP('',(#3998,#3999,#4001,#4002));
#4004=FACE_OUTER_BOUND('',#4003,.F.);
#4005=ADVANCED_FACE('',(#4004),#3997,.F.);
#4006=CARTESIAN_POINT('',(1.294776932440E1,-6.964608164079E1,
-5.657150486250E0));
#4007=DIRECTION('',(0.E0,0.E0,1.E0));
#4008=DIRECTION('',(1.422978767692E-1,9.898238804287E-1,0.E0));
#4009=AXIS2_PLACEMENT_3D('',#4006,#4007,#4008);
#4010=CYLINDRICAL_SURFACE('',#4009,8.3705E1);
#4012=ORIENTED_EDGE('',*,*,#4011,.T.);
#4013=ORIENTED_EDGE('',*,*,#3915,.F.);
#4014=ORIENTED_EDGE('',*,*,#4000,.F.);
#4015=ORIENTED_EDGE('',*,*,#3210,.F.);
#4016=EDGE_LOOP('',(#4012,#4013,#4014,#4015));
#4017=FACE_OUTER_BOUND('',#4016,.F.);
#4018=ADVANCED_FACE('',(#4017),#4010,.F.);
#4019=CARTESIAN_POINT('',(1.269776932440E1,-6.964608164079E1,6.010800756163E1));
#4020=DIRECTION('',(0.E0,0.E0,-1.E0));
#4021=DIRECTION('',(1.422978767692E-1,9.898238804287E-1,0.E0));
#4022=AXIS2_PLACEMENT_3D('',#4019,#4020,#4021);
#4023=CYLINDRICAL_SURFACE('',#4022,8.3705E1);
#4024=ORIENTED_EDGE('',*,*,#3917,.T.);
#4025=ORIENTED_EDGE('',*,*,#4011,.F.);
#4026=ORIENTED_EDGE('',*,*,#3208,.T.);
#4028=ORIENTED_EDGE('',*,*,#4027,.T.);
#4029=EDGE_LOOP('',(#4024,#4025,#4026,#4028));
#4030=FACE_OUTER_BOUND('',#4029,.F.);
#4031=ADVANCED_FACE('',(#4030),#4023,.F.);
#4032=CARTESIAN_POINT('',(-2.010431189236E-1,1.201617035882E1,
6.010800756163E1));
#4033=CARTESIAN_POINT('',(-2.018384428898E-1,1.203035813201E1,
6.010800756163E1));
#4034=CARTESIAN_POINT('',(-2.160794396444E-1,1.254787154969E1,
6.010800756163E1));
#4035=CARTESIAN_POINT('',(3.004862559083E-1,1.315131128444E1,6.010800756163E1));
#4036=CARTESIAN_POINT('',(8.148572435349E-1,1.321077432510E1,6.010800756163E1));
#4037=CARTESIAN_POINT('',(8.289255396619E-1,1.321199338601E1,6.010800756163E1));
#4039=DIRECTION('',(0.E0,0.E0,-1.E0));
#4040=VECTOR('',#4039,1.E0);
#4041=SURFACE_OF_LINEAR_EXTRUSION('',#4038,#4040);
#4042=ORIENTED_EDGE('',*,*,#3919,.T.);
#4043=ORIENTED_EDGE('',*,*,#4027,.F.);
#4044=ORIENTED_EDGE('',*,*,#3206,.T.);
#4046=ORIENTED_EDGE('',*,*,#4045,.F.);
#4047=EDGE_LOOP('',(#4042,#4043,#4044,#4046));
#4048=FACE_OUTER_BOUND('',#4047,.F.);
#4049=ADVANCED_FACE('',(#4048),#4041,.F.);
#4050=CARTESIAN_POINT('',(-2.022306755956E-1,8.292102835535E0,
6.010800756163E1));
#4051=DIRECTION('',(-1.E0,1.320425467895E-14,0.E0));
#4052=DIRECTION('',(1.320425467895E-14,1.E0,0.E0));
#4053=AXIS2_PLACEMENT_3D('',#4050,#4051,#4052);
#4054=PLANE('',#4053);
#4055=ORIENTED_EDGE('',*,*,#3921,.F.);
#4056=ORIENTED_EDGE('',*,*,#4045,.T.);
#4057=ORIENTED_EDGE('',*,*,#3204,.F.);
#4059=ORIENTED_EDGE('',*,*,#4058,.T.);
#4060=EDGE_LOOP('',(#4055,#4056,#4057,#4059));
#4061=FACE_OUTER_BOUND('',#4060,.F.);
#4062=ADVANCED_FACE('',(#4061),#4054,.F.);
#4063=CARTESIAN_POINT('',(4.476826833313E-1,7.788895303717E0,6.010800756163E1));
#4064=CARTESIAN_POINT('',(4.508479722065E-1,7.804081108141E0,6.010800756163E1));
#4065=CARTESIAN_POINT('',(4.796426517078E-1,8.101981935500E0,6.010800756163E1));
#4066=CARTESIAN_POINT('',(-2.395801265001E-1,8.021255137990E0,
6.010800756163E1));
#4067=CARTESIAN_POINT('',(-2.000821382344E-1,8.323905260553E0,
6.010800756163E1));
#4068=CARTESIAN_POINT('',(-1.955388129653E-1,8.341621071431E0,
6.010800756163E1));
#4070=DIRECTION('',(0.E0,0.E0,-1.E0));
#4071=VECTOR('',#4070,1.E0);
#4072=SURFACE_OF_LINEAR_EXTRUSION('',#4069,#4071);
#4073=ORIENTED_EDGE('',*,*,#3923,.T.);
#4074=ORIENTED_EDGE('',*,*,#4058,.F.);
#4075=ORIENTED_EDGE('',*,*,#3202,.T.);
#4076=ORIENTED_EDGE('',*,*,#3169,.F.);
#4077=EDGE_LOOP('',(#4073,#4074,#4075,#4076));
#4078=FACE_OUTER_BOUND('',#4077,.F.);
#4079=ADVANCED_FACE('',(#4078),#4072,.F.);
#4080=CARTESIAN_POINT('',(-5.196687938634E-1,6.291318280107E0,-5.E-1));
#4081=DIRECTION('',(0.E0,0.E0,-1.E0));
#4082=DIRECTION('',(2.174381182678E-1,9.760741082132E-1,0.E0));
#4083=AXIS2_PLACEMENT_3D('',#4080,#4081,#4082);
#4084=CYLINDRICAL_SURFACE('',#4083,1.E0);
#4085=ORIENTED_EDGE('',*,*,#2957,.F.);
#4086=ORIENTED_EDGE('',*,*,#2574,.F.);
#4087=ORIENTED_EDGE('',*,*,#3926,.T.);
#4088=ORIENTED_EDGE('',*,*,#3165,.F.);
#4089=EDGE_LOOP('',(#4085,#4086,#4087,#4088));
#4090=FACE_OUTER_BOUND('',#4089,.F.);
#4091=ADVANCED_FACE('',(#4090),#4084,.T.);
#4092=CARTESIAN_POINT('',(2.690591068998E1,5.789293634647E0,-5.E-1));
#4093=DIRECTION('',(0.E0,0.E0,1.E0));
#4094=DIRECTION('',(-2.081413655741E-1,9.780987536731E-1,0.E0));
#4095=AXIS2_PLACEMENT_3D('',#4092,#4093,#4094);
#4096=CYLINDRICAL_SURFACE('',#4095,1.E0);
#4097=ORIENTED_EDGE('',*,*,#3006,.F.);
#4098=ORIENTED_EDGE('',*,*,#3871,.F.);
#4099=ORIENTED_EDGE('',*,*,#3931,.T.);
#4100=ORIENTED_EDGE('',*,*,#2853,.F.);
#4101=EDGE_LOOP('',(#4097,#4098,#4099,#4100));
#4102=FACE_OUTER_BOUND('',#4101,.F.);
#4103=ADVANCED_FACE('',(#4102),#4096,.T.);
#4104=CARTESIAN_POINT('',(2.690509005865E1,5.744979543136E0,1.850434636525E0));
#4105=DIRECTION('',(0.E0,0.E0,-1.E0));
#4106=DIRECTION('',(-2.073207342498E-1,-9.782730258727E-1,0.E0));
#4107=AXIS2_PLACEMENT_3D('',#4104,#4105,#4106);
#4108=CYLINDRICAL_SURFACE('',#4107,1.E0);
#4109=ORIENTED_EDGE('',*,*,#3009,.F.);
#4110=ORIENTED_EDGE('',*,*,#2849,.F.);
#4111=ORIENTED_EDGE('',*,*,#3849,.T.);
#4112=ORIENTED_EDGE('',*,*,#3874,.F.);
#4113=EDGE_LOOP('',(#4109,#4110,#4111,#4112));
#4114=FACE_OUTER_BOUND('',#4113,.F.);
#4115=ADVANCED_FACE('',(#4114),#4108,.T.);
#4116=CARTESIAN_POINT('',(2.683157215365E1,7.750126730382E-1,-5.E-1));
#4117=DIRECTION('',(0.E0,0.E0,1.E0));
#4118=DIRECTION('',(-1.338028292480E-1,9.910079731694E-1,0.E0));
#4119=AXIS2_PLACEMENT_3D('',#4116,#4117,#4118);
#4120=CYLINDRICAL_SURFACE('',#4119,1.E0);
#4121=ORIENTED_EDGE('',*,*,#3076,.F.);
#4122=ORIENTED_EDGE('',*,*,#3811,.F.);
#4123=ORIENTED_EDGE('',*,*,#3852,.T.);
#4124=ORIENTED_EDGE('',*,*,#2845,.F.);
#4125=EDGE_LOOP('',(#4121,#4122,#4123,#4124));
#4126=FACE_OUTER_BOUND('',#4125,.F.);
#4127=ADVANCED_FACE('',(#4126),#4120,.T.);
#4128=CARTESIAN_POINT('',(2.672026110425E1,-6.235783994883E0,-5.E-1));
#4129=DIRECTION('',(0.E0,0.E0,1.E0));
#4130=DIRECTION('',(-2.249177984208E-2,9.997470279223E-1,0.E0));
#4131=AXIS2_PLACEMENT_3D('',#4128,#4129,#4130);
#4132=CYLINDRICAL_SURFACE('',#4131,1.E0);
#4133=ORIENTED_EDGE('',*,*,#3025,.F.);
#4134=ORIENTED_EDGE('',*,*,#3745,.F.);
#4135=ORIENTED_EDGE('',*,*,#3777,.T.);
#4136=ORIENTED_EDGE('',*,*,#2837,.F.);
#4137=EDGE_LOOP('',(#4133,#4134,#4135,#4136));
#4138=FACE_OUTER_BOUND('',#4137,.F.);
#4139=ADVANCED_FACE('',(#4138),#4132,.T.);
#4140=CARTESIAN_POINT('',(2.670172066909E1,-7.236967493529E0,4.806766701724E0));
#4141=DIRECTION('',(0.E0,0.E0,-1.E0));
#4142=DIRECTION('',(-1.851534400602E-2,-9.998285763251E-1,0.E0));
#4143=AXIS2_PLACEMENT_3D('',#4140,#4141,#4142);
#4144=CYLINDRICAL_SURFACE('',#4143,1.E0);
#4145=ORIENTED_EDGE('',*,*,#3021,.F.);
#4147=ORIENTED_EDGE('',*,*,#4146,.F.);
#4148=ORIENTED_EDGE('',*,*,#3717,.T.);
#4149=ORIENTED_EDGE('',*,*,#3748,.F.);
#4150=EDGE_LOOP('',(#4145,#4147,#4148,#4149));
#4151=FACE_OUTER_BOUND('',#4150,.F.);
#4152=ADVANCED_FACE('',(#4151),#4144,.T.);
#4153=CARTESIAN_POINT('',(-1.307367166226E0,-7.718452134830E0,
4.806766701724E0));
#4154=DIRECTION('',(-1.851534400602E-2,-9.998285763251E-1,0.E0));
#4155=DIRECTION('',(0.E0,0.E0,-1.E0));
#4156=AXIS2_PLACEMENT_3D('',#4153,#4154,#4155);
#4157=PLANE('',#4156);
#4158=ORIENTED_EDGE('',*,*,#3028,.T.);
#4159=ORIENTED_EDGE('',*,*,#2833,.F.);
#4160=ORIENTED_EDGE('',*,*,#3719,.F.);
#4161=ORIENTED_EDGE('',*,*,#4146,.T.);
#4162=EDGE_LOOP('',(#4158,#4159,#4160,#4161));
#4163=FACE_OUTER_BOUND('',#4162,.F.);
#4164=ADVANCED_FACE('',(#4163),#4157,.T.);
#4165=CARTESIAN_POINT('',(-1.362922721781E0,-1.171845213483E1,-2.5E-1));
#4166=DIRECTION('',(1.851534400602E-2,9.998285763251E-1,0.E0));
#4167=DIRECTION('',(0.E0,0.E0,1.E0));
#4168=AXIS2_PLACEMENT_3D('',#4165,#4166,#4167);
#4169=PLANE('',#4168);
#4170=ORIENTED_EDGE('',*,*,#3044,.F.);
#4172=ORIENTED_EDGE('',*,*,#4171,.T.);
#4173=ORIENTED_EDGE('',*,*,#3722,.T.);
#4174=ORIENTED_EDGE('',*,*,#2829,.F.);
#4175=EDGE_LOOP('',(#4170,#4172,#4173,#4174));
#4176=FACE_OUTER_BOUND('',#4175,.F.);
#4177=ADVANCED_FACE('',(#4176),#4169,.T.);
#4178=CARTESIAN_POINT('',(2.660913442552E1,-1.323662464618E1,2.992900378081E1));
#4179=DIRECTION('',(0.E0,0.E0,1.E0));
#4180=DIRECTION('',(-6.938932410409E-1,7.200778916462E-1,0.E0));
#4181=AXIS2_PLACEMENT_3D('',#4178,#4179,#4180);
#4182=CYLINDRICAL_SURFACE('',#4181,1.E0);
#4183=ORIENTED_EDGE('',*,*,#3042,.F.);
#4184=ORIENTED_EDGE('',*,*,#3592,.F.);
#4185=ORIENTED_EDGE('',*,*,#3726,.T.);
#4186=ORIENTED_EDGE('',*,*,#3724,.T.);
#4187=ORIENTED_EDGE('',*,*,#4171,.F.);
#4188=EDGE_LOOP('',(#4183,#4184,#4185,#4186,#4187));
#4189=FACE_OUTER_BOUND('',#4188,.F.);
#4190=ADVANCED_FACE('',(#4189),#4182,.T.);
#4191=CARTESIAN_POINT('',(-9.307247669854E-2,-1.974488284680E1,
3.192890189026E1));
#4192=DIRECTION('',(0.E0,0.E0,1.E0));
#4193=DIRECTION('',(7.071067811865E-1,-7.071067811865E-1,0.E0));
#4194=AXIS2_PLACEMENT_3D('',#4191,#4192,#4193);
#4195=CYLINDRICAL_SURFACE('',#4194,1.E0);
#4196=ORIENTED_EDGE('',*,*,#2947,.F.);
#4197=ORIENTED_EDGE('',*,*,#3430,.F.);
#4198=ORIENTED_EDGE('',*,*,#2875,.T.);
#4199=ORIENTED_EDGE('',*,*,#2873,.T.);
#4200=ORIENTED_EDGE('',*,*,#2912,.F.);
#4201=EDGE_LOOP('',(#4196,#4197,#4198,#4199,#4200));
#4202=FACE_OUTER_BOUND('',#4201,.F.);
#4203=ADVANCED_FACE('',(#4202),#4195,.T.);
#4204=CARTESIAN_POINT('',(-1.116100542712E-1,-1.874385365787E1,
2.992900378081E1));
#4205=DIRECTION('',(0.E0,0.E0,-1.E0));
#4206=DIRECTION('',(7.071067811865E-1,7.071067811865E-1,0.E0));
#4207=AXIS2_PLACEMENT_3D('',#4204,#4205,#4206);
#4208=CYLINDRICAL_SURFACE('',#4207,1.E0);
#4209=ORIENTED_EDGE('',*,*,#2943,.F.);
#4211=ORIENTED_EDGE('',*,*,#4210,.F.);
#4213=ORIENTED_EDGE('',*,*,#4212,.T.);
#4215=ORIENTED_EDGE('',*,*,#4214,.T.);
#4216=ORIENTED_EDGE('',*,*,#3433,.F.);
#4217=EDGE_LOOP('',(#4209,#4211,#4213,#4215,#4216));
#4218=FACE_OUTER_BOUND('',#4217,.F.);
#4219=ADVANCED_FACE('',(#4218),#4208,.T.);
#4220=CARTESIAN_POINT('',(-1.474033832893E0,-1.771845213483E1,-2.5E-1));
#4221=DIRECTION('',(1.851534400602E-2,9.998285763251E-1,0.E0));
#4222=DIRECTION('',(0.E0,0.E0,1.E0));
#4223=AXIS2_PLACEMENT_3D('',#4220,#4221,#4222);
#4224=PLANE('',#4223);
#4225=ORIENTED_EDGE('',*,*,#2941,.F.);
#4226=ORIENTED_EDGE('',*,*,#2606,.T.);
#4228=ORIENTED_EDGE('',*,*,#4227,.F.);
#4229=ORIENTED_EDGE('',*,*,#4210,.T.);
#4230=EDGE_LOOP('',(#4225,#4226,#4228,#4229));
#4231=FACE_OUTER_BOUND('',#4230,.F.);
#4232=ADVANCED_FACE('',(#4231),#4224,.T.);
#4233=CARTESIAN_POINT('',(1.319776932440E1,-4.797404104237E0,7.5E-1));
#4234=DIRECTION('',(0.E0,0.E0,1.E0));
#4235=DIRECTION('',(1.E0,0.E0,0.E0));
#4236=AXIS2_PLACEMENT_3D('',#4233,#4234,#4235);
#4237=PLANE('',#4236);
#4238=ORIENTED_EDGE('',*,*,#3435,.F.);
#4239=ORIENTED_EDGE('',*,*,#4214,.F.);
#4240=ORIENTED_EDGE('',*,*,#4212,.F.);
#4241=ORIENTED_EDGE('',*,*,#4227,.T.);
#4242=ORIENTED_EDGE('',*,*,#2604,.T.);
#4244=ORIENTED_EDGE('',*,*,#4243,.F.);
#4246=ORIENTED_EDGE('',*,*,#4245,.F.);
#4248=ORIENTED_EDGE('',*,*,#4247,.F.);
#4249=EDGE_LOOP('',(#4238,#4239,#4240,#4241,#4242,#4244,#4246,#4248));
#4250=FACE_OUTER_BOUND('',#4249,.F.);
#4251=ADVANCED_FACE('',(#4250),#4237,.T.);
#4252=CARTESIAN_POINT('',(-1.418478277337E0,-1.471845213483E1,
4.468249571572E0));
#4253=DIRECTION('',(-1.851534400602E-2,-9.998285763251E-1,0.E0));
#4254=DIRECTION('',(0.E0,0.E0,-1.E0));
#4255=AXIS2_PLACEMENT_3D('',#4252,#4253,#4254);
#4256=PLANE('',#4255);
#4257=ORIENTED_EDGE('',*,*,#2976,.T.);
#4259=ORIENTED_EDGE('',*,*,#4258,.T.);
#4260=ORIENTED_EDGE('',*,*,#4243,.T.);
#4261=ORIENTED_EDGE('',*,*,#2602,.T.);
#4262=EDGE_LOOP('',(#4257,#4259,#4260,#4261));
#4263=FACE_OUTER_BOUND('',#4262,.F.);
#4264=ADVANCED_FACE('',(#4263),#4256,.T.);
#4265=CARTESIAN_POINT('',(-2.042598218481E-1,-1.374076620872E1,
3.228812856660E1));
#4266=DIRECTION('',(0.E0,0.E0,1.E0));
#4267=DIRECTION('',(7.071067811865E-1,-7.071067811865E-1,-1.023994317475E-14));
#4268=AXIS2_PLACEMENT_3D('',#4265,#4266,#4267);
#4269=CYLINDRICAL_SURFACE('',#4268,1.E0);
#4270=ORIENTED_EDGE('',*,*,#2974,.F.);
#4271=ORIENTED_EDGE('',*,*,#3437,.F.);
#4272=ORIENTED_EDGE('',*,*,#4247,.T.);
#4273=ORIENTED_EDGE('',*,*,#4245,.T.);
#4274=ORIENTED_EDGE('',*,*,#4258,.F.);
#4275=EDGE_LOOP('',(#4270,#4271,#4272,#4273,#4274));
#4276=FACE_OUTER_BOUND('',#4275,.F.);
#4277=ADVANCED_FACE('',(#4276),#4269,.T.);
#4278=CARTESIAN_POINT('',(-3.154378443799E-1,-6.737152992003E0,
2.028383350862E0));
#4279=DIRECTION('',(0.E0,0.E0,1.E0));
#4280=DIRECTION('',(1.320716878432E-2,-9.999127815428E-1,0.E0));
#4281=AXIS2_PLACEMENT_3D('',#4278,#4279,#4280);
#4282=CYLINDRICAL_SURFACE('',#4281,1.E0);
#4283=ORIENTED_EDGE('',*,*,#2995,.F.);
#4284=ORIENTED_EDGE('',*,*,#3371,.F.);
#4285=ORIENTED_EDGE('',*,*,#3411,.T.);
#4286=ORIENTED_EDGE('',*,*,#2594,.F.);
#4287=EDGE_LOOP('',(#4283,#4284,#4285,#4286));
#4288=FACE_OUTER_BOUND('',#4287,.F.);
#4289=ADVANCED_FACE('',(#4288),#4282,.T.);
#4290=CARTESIAN_POINT('',(-3.339863696442E-1,-5.735532627730E0,-5.E-1));
#4291=DIRECTION('',(0.E0,0.E0,-1.E0));
#4292=DIRECTION('',(3.175569404863E-2,9.994956607687E-1,0.E0));
#4293=AXIS2_PLACEMENT_3D('',#4290,#4291,#4292);
#4294=CYLINDRICAL_SURFACE('',#4293,1.E0);
#4295=ORIENTED_EDGE('',*,*,#2991,.F.);
#4296=ORIENTED_EDGE('',*,*,#2590,.F.);
#4297=ORIENTED_EDGE('',*,*,#3354,.T.);
#4298=ORIENTED_EDGE('',*,*,#3374,.F.);
#4299=EDGE_LOOP('',(#4295,#4296,#4297,#4298));
#4300=FACE_OUTER_BOUND('',#4299,.F.);
#4301=ADVANCED_FACE('',(#4300),#4294,.T.);
#4302=CARTESIAN_POINT('',(5.197852275840E-1,3.170059587511E0,6.010800756163E1));
#4303=DIRECTION('',(0.E0,1.E0,0.E0));
#4304=DIRECTION('',(1.E0,0.E0,0.E0));
#4305=AXIS2_PLACEMENT_3D('',#4302,#4303,#4304);
#4306=PLANE('',#4305);
#4307=ORIENTED_EDGE('',*,*,#3142,.F.);
#4308=ORIENTED_EDGE('',*,*,#3159,.T.);
#4309=ORIENTED_EDGE('',*,*,#3199,.F.);
#4310=ORIENTED_EDGE('',*,*,#3110,.T.);
#4311=EDGE_LOOP('',(#4307,#4308,#4309,#4310));
#4312=FACE_OUTER_BOUND('',#4311,.F.);
#4313=ADVANCED_FACE('',(#4312),#4306,.F.);
#4314=CARTESIAN_POINT('',(1.197769324404E0,2.005891835921E1,-2.16076E1));
#4315=DIRECTION('',(0.E0,0.E0,1.E0));
#4316=DIRECTION('',(0.E0,1.E0,0.E0));
#4317=AXIS2_PLACEMENT_3D('',#4314,#4315,#4316);
#4318=CYLINDRICAL_SURFACE('',#4317,3.E0);
#4320=ORIENTED_EDGE('',*,*,#4319,.T.);
#4321=ORIENTED_EDGE('',*,*,#2513,.F.);
#4322=ORIENTED_EDGE('',*,*,#3179,.T.);
#4324=ORIENTED_EDGE('',*,*,#4323,.T.);
#4325=EDGE_LOOP('',(#4320,#4321,#4322,#4324));
#4326=FACE_OUTER_BOUND('',#4325,.F.);
#4327=ADVANCED_FACE('',(#4326),#4318,.T.);
#4328=CARTESIAN_POINT('',(-1.802230675596E0,2.105891835921E1,3.5E0));
#4329=DIRECTION('',(0.E0,0.E0,1.E0));
#4330=DIRECTION('',(1.E0,0.E0,0.E0));
#4331=AXIS2_PLACEMENT_3D('',#4328,#4329,#4330);
#4332=PLANE('',#4331);
#4333=ORIENTED_EDGE('',*,*,#4319,.F.);
#4335=ORIENTED_EDGE('',*,*,#4334,.T.);
#4337=ORIENTED_EDGE('',*,*,#4336,.F.);
#4339=ORIENTED_EDGE('',*,*,#4338,.T.);
#4341=ORIENTED_EDGE('',*,*,#4340,.F.);
#4342=ORIENTED_EDGE('',*,*,#2385,.F.);
#4344=ORIENTED_EDGE('',*,*,#4343,.F.);
#4345=ORIENTED_EDGE('',*,*,#2515,.T.);
#4346=EDGE_LOOP('',(#4333,#4335,#4337,#4339,#4341,#4342,#4344,#4345));
#4347=FACE_OUTER_BOUND('',#4346,.F.);
#4348=ADVANCED_FACE('',(#4347),#4332,.T.);
#4349=CARTESIAN_POINT('',(0.E0,2.305891835921E1,0.E0));
#4350=DIRECTION('',(0.E0,1.E0,0.E0));
#4351=DIRECTION('',(-1.E0,0.E0,0.E0));
#4352=AXIS2_PLACEMENT_3D('',#4349,#4350,#4351);
#4353=PLANE('',#4352);
#4354=ORIENTED_EDGE('',*,*,#4323,.F.);
#4355=ORIENTED_EDGE('',*,*,#3192,.F.);
#4357=ORIENTED_EDGE('',*,*,#4356,.F.);
#4358=ORIENTED_EDGE('',*,*,#4334,.F.);
#4359=EDGE_LOOP('',(#4354,#4355,#4357,#4358));
#4360=FACE_OUTER_BOUND('',#4359,.F.);
#4361=ADVANCED_FACE('',(#4360),#4353,.T.);
#4362=CARTESIAN_POINT('',(2.519776932440E1,2.005891835921E1,3.61076E1));
#4363=DIRECTION('',(0.E0,0.E0,-1.E0));
#4364=DIRECTION('',(0.E0,1.E0,0.E0));
#4365=AXIS2_PLACEMENT_3D('',#4362,#4363,#4364);
#4366=CYLINDRICAL_SURFACE('',#4365,3.E0);
#4367=ORIENTED_EDGE('',*,*,#3190,.T.);
#4369=ORIENTED_EDGE('',*,*,#4368,.F.);
#4370=ORIENTED_EDGE('',*,*,#4336,.T.);
#4371=ORIENTED_EDGE('',*,*,#4356,.T.);
#4372=EDGE_LOOP('',(#4367,#4369,#4370,#4371));
#4373=FACE_OUTER_BOUND('',#4372,.F.);
#4374=ADVANCED_FACE('',(#4373),#4366,.T.);
#4375=CARTESIAN_POINT('',(2.819776932440E1,-2.894108164079E1,1.285E1));
#4376=DIRECTION('',(1.E0,0.E0,0.E0));
#4377=DIRECTION('',(0.E0,1.E0,0.E0));
#4378=AXIS2_PLACEMENT_3D('',#4375,#4376,#4377);
#4379=PLANE('',#4378);
#4380=ORIENTED_EDGE('',*,*,#2552,.T.);
#4381=ORIENTED_EDGE('',*,*,#2642,.T.);
#4382=ORIENTED_EDGE('',*,*,#2670,.F.);
#4383=ORIENTED_EDGE('',*,*,#2715,.T.);
#4385=ORIENTED_EDGE('',*,*,#4384,.T.);
#4386=ORIENTED_EDGE('',*,*,#4338,.F.);
#4387=ORIENTED_EDGE('',*,*,#4368,.T.);
#4388=ORIENTED_EDGE('',*,*,#3188,.T.);
#4390=ORIENTED_EDGE('',*,*,#4389,.T.);
#4392=ORIENTED_EDGE('',*,*,#4391,.F.);
#4394=ORIENTED_EDGE('',*,*,#4393,.F.);
#4395=ORIENTED_EDGE('',*,*,#2687,.T.);
#4396=EDGE_LOOP('',(#4380,#4381,#4382,#4383,#4385,#4386,#4387,#4388,#4390,#4392,
#4394,#4395));
#4397=FACE_OUTER_BOUND('',#4396,.F.);
#4398=ADVANCED_FACE('',(#4397),#4379,.T.);
#4399=CARTESIAN_POINT('',(2.319776932440E1,1.605891835921E1,3.61076E1));
#4400=DIRECTION('',(0.E0,0.E0,-1.E0));
#4401=DIRECTION('',(0.E0,1.E0,0.E0));
#4402=AXIS2_PLACEMENT_3D('',#4399,#4400,#4401);
#4403=CYLINDRICAL_SURFACE('',#4402,5.E0);
#4404=ORIENTED_EDGE('',*,*,#4384,.F.);
#4405=ORIENTED_EDGE('',*,*,#2713,.T.);
#4406=ORIENTED_EDGE('',*,*,#2387,.T.);
#4407=ORIENTED_EDGE('',*,*,#4340,.T.);
#4408=EDGE_LOOP('',(#4404,#4405,#4406,#4407));
#4409=FACE_OUTER_BOUND('',#4408,.F.);
#4410=ADVANCED_FACE('',(#4409),#4403,.T.);
#4411=CARTESIAN_POINT('',(2.519776932440E1,-2.894108164079E1,-2.16076E1));
#4412=DIRECTION('',(0.E0,0.E0,1.E0));
#4413=DIRECTION('',(0.E0,-1.E0,0.E0));
#4414=AXIS2_PLACEMENT_3D('',#4411,#4412,#4413);
#4415=CYLINDRICAL_SURFACE('',#4414,3.E0);
#4417=ORIENTED_EDGE('',*,*,#4416,.T.);
#4418=ORIENTED_EDGE('',*,*,#4389,.F.);
#4419=ORIENTED_EDGE('',*,*,#3186,.T.);
#4421=ORIENTED_EDGE('',*,*,#4420,.T.);
#4422=EDGE_LOOP('',(#4417,#4418,#4419,#4421));
#4423=FACE_OUTER_BOUND('',#4422,.F.);
#4424=ADVANCED_FACE('',(#4423),#4415,.T.);
#4425=CARTESIAN_POINT('',(2.819776932440E1,-2.994108164079E1,3.5E0));
#4426=DIRECTION('',(0.E0,0.E0,1.E0));
#4427=DIRECTION('',(-1.E0,0.E0,0.E0));
#4428=AXIS2_PLACEMENT_3D('',#4425,#4426,#4427);
#4429=PLANE('',#4428);
#4431=ORIENTED_EDGE('',*,*,#4430,.F.);
#4432=ORIENTED_EDGE('',*,*,#2507,.T.);
#4433=ORIENTED_EDGE('',*,*,#2492,.F.);
#4434=ORIENTED_EDGE('',*,*,#2469,.F.);
#4436=ORIENTED_EDGE('',*,*,#4435,.F.);
#4437=ORIENTED_EDGE('',*,*,#4391,.T.);
#4438=ORIENTED_EDGE('',*,*,#4416,.F.);
#4440=ORIENTED_EDGE('',*,*,#4439,.T.);
#4441=EDGE_LOOP('',(#4431,#4432,#4433,#4434,#4436,#4437,#4438,#4440));
#4442=FACE_OUTER_BOUND('',#4441,.F.);
#4443=ADVANCED_FACE('',(#4442),#4429,.T.);
#4444=CARTESIAN_POINT('',(1.197769324404E0,-2.894108164079E1,3.61076E1));
#4445=DIRECTION('',(0.E0,0.E0,-1.E0));
#4446=DIRECTION('',(0.E0,-1.E0,0.E0));
#4447=AXIS2_PLACEMENT_3D('',#4444,#4445,#4446);
#4448=CYLINDRICAL_SURFACE('',#4447,3.E0);
#4449=ORIENTED_EDGE('',*,*,#3182,.T.);
#4450=ORIENTED_EDGE('',*,*,#2509,.F.);
#4451=ORIENTED_EDGE('',*,*,#4430,.T.);
#4453=ORIENTED_EDGE('',*,*,#4452,.T.);
#4454=EDGE_LOOP('',(#4449,#4450,#4451,#4453));
#4455=FACE_OUTER_BOUND('',#4454,.F.);
#4456=ADVANCED_FACE('',(#4455),#4448,.T.);
#4457=CARTESIAN_POINT('',(0.E0,-3.194108164079E1,0.E0));
#4458=DIRECTION('',(0.E0,-1.E0,0.E0));
#4459=DIRECTION('',(1.E0,0.E0,0.E0));
#4460=AXIS2_PLACEMENT_3D('',#4457,#4458,#4459);
#4461=PLANE('',#4460);
#4462=ORIENTED_EDGE('',*,*,#4452,.F.);
#4463=ORIENTED_EDGE('',*,*,#4439,.F.);
#4464=ORIENTED_EDGE('',*,*,#4420,.F.);
#4465=ORIENTED_EDGE('',*,*,#3184,.F.);
#4466=EDGE_LOOP('',(#4462,#4463,#4464,#4465));
#4467=FACE_OUTER_BOUND('',#4466,.F.);
#4468=ADVANCED_FACE('',(#4467),#4461,.T.);
#4469=CARTESIAN_POINT('',(2.319776932440E1,-2.494108164079E1,3.61076E1));
#4470=DIRECTION('',(0.E0,0.E0,-1.E0));
#4471=DIRECTION('',(1.E0,0.E0,0.E0));
#4472=AXIS2_PLACEMENT_3D('',#4469,#4470,#4471);
#4473=CYLINDRICAL_SURFACE('',#4472,5.E0);
#4474=ORIENTED_EDGE('',*,*,#2467,.F.);
#4475=ORIENTED_EDGE('',*,*,#2689,.T.);
#4476=ORIENTED_EDGE('',*,*,#4393,.T.);
#4477=ORIENTED_EDGE('',*,*,#4435,.T.);
#4478=EDGE_LOOP('',(#4474,#4475,#4476,#4477));
#4479=FACE_OUTER_BOUND('',#4478,.F.);
#4480=ADVANCED_FACE('',(#4479),#4473,.T.);
#4481=CARTESIAN_POINT('',(3.197769324404E0,1.605891835921E1,-2.16076E1));
#4482=DIRECTION('',(0.E0,0.E0,1.E0));
#4483=DIRECTION('',(0.E0,1.E0,0.E0));
#4484=AXIS2_PLACEMENT_3D('',#4481,#4482,#4483);
#4485=CYLINDRICAL_SURFACE('',#4484,5.E0);
#4486=ORIENTED_EDGE('',*,*,#2710,.T.);
#4487=ORIENTED_EDGE('',*,*,#2517,.F.);
#4488=ORIENTED_EDGE('',*,*,#4343,.T.);
#4489=ORIENTED_EDGE('',*,*,#2383,.T.);
#4490=EDGE_LOOP('',(#4486,#4487,#4488,#4489));
#4491=FACE_OUTER_BOUND('',#4490,.F.);
#4492=ADVANCED_FACE('',(#4491),#4485,.T.);
#4493=CARTESIAN_POINT('',(-5.187736332668E-1,6.242979607891E0,
1.850434636525E0));
#4494=DIRECTION('',(0.E0,0.E0,1.E0));
#4495=DIRECTION('',(2.165429576712E-1,-9.762730906273E-1,0.E0));
#4496=AXIS2_PLACEMENT_3D('',#4493,#4494,#4495);
#4497=CYLINDRICAL_SURFACE('',#4496,1.E0);
#4498=ORIENTED_EDGE('',*,*,#2961,.F.);
#4499=ORIENTED_EDGE('',*,*,#3162,.F.);
#4500=ORIENTED_EDGE('',*,*,#3147,.T.);
#4501=ORIENTED_EDGE('',*,*,#2578,.F.);
#4502=EDGE_LOOP('',(#4498,#4499,#4500,#4501));
#4503=FACE_OUTER_BOUND('',#4502,.F.);
#4504=ADVANCED_FACE('',(#4503),#4497,.T.);
#4505=CLOSED_SHELL('',(#2293,#2309,#2324,#2351,#2364,#2377,#2403,#2417,#2432,
#2444,#2457,#2481,#2496,#2527,#2542,#2558,#2619,#2632,#2647,#2660,#2675,#2702,
#2730,#2745,#2758,#2768,#2783,#2796,#2806,#2863,#2904,#2918,#2933,#2951,#2966,
#2985,#3000,#3015,#3032,#3051,#3070,#3085,#3099,#3121,#3134,#3151,#3173,#3270,
#3284,#3298,#3312,#3326,#3340,#3360,#3380,#3394,#3415,#3441,#3455,#3467,#3485,
#3498,#3511,#3524,#3537,#3550,#3569,#3596,#3612,#3625,#3644,#3657,#3670,#3683,
#3695,#3709,#3732,#3752,#3766,#3783,#3796,#3815,#3827,#3841,#3858,#3878,#3897,
#3935,#3948,#3966,#3979,#3992,#4005,#4018,#4031,#4049,#4062,#4079,#4091,#4103,
#4115,#4127,#4139,#4152,#4164,#4177,#4190,#4203,#4219,#4232,#4251,#4264,#4277,
#4289,#4301,#4313,#4327,#4348,#4361,#4374,#4398,#4410,#4424,#4443,#4456,#4468,
#4480,#4492,#4504));
#4506=MANIFOLD_SOLID_BREP('',#4505);
#4508=DIMENSIONAL_EXPONENTS(0.E0,0.E0,0.E0,0.E0,0.E0,0.E0,0.E0);
#4510=PLANE_ANGLE_MEASURE_WITH_UNIT(PLANE_ANGLE_MEASURE(1.745329251994E-2),
#4509);
#4511=(CONVERSION_BASED_UNIT('DEGREE',#4510)NAMED_UNIT(*)PLANE_ANGLE_UNIT());
#4513=UNCERTAINTY_MEASURE_WITH_UNIT(LENGTH_MEASURE(6.635866566039E-3),#4507,
'closure',
'Maximum model space distance between geometric entities at asserted connectivities');
#4514=(GEOMETRIC_REPRESENTATION_CONTEXT(3)GLOBAL_UNCERTAINTY_ASSIGNED_CONTEXT((
#4513))GLOBAL_UNIT_ASSIGNED_CONTEXT((#4507,#4511,#4512))REPRESENTATION_CONTEXT(
'ID1','3'));
#4516=APPLICATION_CONTEXT(
'CONFIGURATION CONTROLLED 3D DESIGNS OF MECHANICAL PARTS AND ASSEMBLIES');
#4517=APPLICATION_PROTOCOL_DEFINITION('international standard',
'config_control_design',1994,#4516);
#4518=DESIGN_CONTEXT('',#4516,'design');
#4519=MECHANICAL_CONTEXT('',#4516,'mechanical');
#4520=PRODUCT('EMG_SUB_BOTTEM','EMG_SUB_BOTTEM','NOT SPECIFIED',(#4519));
#4521=PRODUCT_DEFINITION_FORMATION_WITH_SPECIFIED_SOURCE('1','LAST_VERSION',
#4520,.MADE.);
#4525=PRODUCT_CATEGORY('part','');
#4526=PRODUCT_RELATED_PRODUCT_CATEGORY('detail','',(#4520));
#4527=PRODUCT_CATEGORY_RELATIONSHIP('','',#4525,#4526);
#4528=SECURITY_CLASSIFICATION_LEVEL('unclassified');
#4529=SECURITY_CLASSIFICATION('','',#4528);
#4530=CC_DESIGN_SECURITY_CLASSIFICATION(#4529,(#4521));
#4531=APPROVAL_STATUS('approved');
#4532=APPROVAL(#4531,'');
#4533=CC_DESIGN_APPROVAL(#4532,(#4529,#4521,#4522));
#4534=CALENDAR_DATE(125,27,1);
#4535=COORDINATED_UNIVERSAL_TIME_OFFSET(1,0,.AHEAD.);
#4536=LOCAL_TIME(14,5,5.2E1,#4535);
#4537=DATE_AND_TIME(#4534,#4536);
#4538=APPROVAL_DATE_TIME(#4537,#4532);
#4539=DATE_TIME_ROLE('creation_date');
#4540=CC_DESIGN_DATE_AND_TIME_ASSIGNMENT(#4537,#4539,(#4522));
#4541=DATE_TIME_ROLE('classification_date');
#4542=CC_DESIGN_DATE_AND_TIME_ASSIGNMENT(#4537,#4541,(#4529));
#4543=PERSON('UNSPECIFIED','UNSPECIFIED',$,$,$,$);
#4544=ORGANIZATION('UNSPECIFIED','UNSPECIFIED','UNSPECIFIED');
#4545=PERSON_AND_ORGANIZATION(#4543,#4544);
#4546=APPROVAL_ROLE('approver');
#4547=APPROVAL_PERSON_ORGANIZATION(#4545,#4532,#4546);
#4548=PERSON_AND_ORGANIZATION_ROLE('creator');
#4549=CC_DESIGN_PERSON_AND_ORGANIZATION_ASSIGNMENT(#4545,#4548,(#4521,#4522));
#4550=PERSON_AND_ORGANIZATION_ROLE('design_supplier');
#4551=CC_DESIGN_PERSON_AND_ORGANIZATION_ASSIGNMENT(#4545,#4550,(#4521));
#4552=PERSON_AND_ORGANIZATION_ROLE('classification_officer');
#4553=CC_DESIGN_PERSON_AND_ORGANIZATION_ASSIGNMENT(#4545,#4552,(#4529));
#4554=PERSON_AND_ORGANIZATION_ROLE('design_owner');
#4555=CC_DESIGN_PERSON_AND_ORGANIZATION_ASSIGNMENT(#4545,#4554,(#4520));
#5=CIRCLE('',#4,1.6E0);
#10=CIRCLE('',#9,1.6E0);
#15=CIRCLE('',#14,1.6E0);
#20=CIRCLE('',#19,1.6E0);
#45=CIRCLE('',#44,1.6E0);
#50=CIRCLE('',#49,1.6E0);
#55=CIRCLE('',#54,1.6E0);
#60=CIRCLE('',#59,1.6E0);
#81=CIRCLE('',#80,1.6E0);
#86=CIRCLE('',#85,1.6E0);
#91=CIRCLE('',#90,1.6E0);
#96=CIRCLE('',#95,1.6E0);
#129=CIRCLE('',#128,1.6E0);
#134=CIRCLE('',#133,1.6E0);
#139=CIRCLE('',#138,1.6E0);
#144=CIRCLE('',#143,1.6E0);
#161=CIRCLE('',#160,5.E0);
#214=CIRCLE('',#213,1.105E2);
#223=CIRCLE('',#222,1.105E2);
#232=CIRCLE('',#231,1.105E2);
#245=CIRCLE('',#244,1.105E2);
#262=CIRCLE('',#261,1.105E2);
#291=CIRCLE('',#290,1.6E0);
#296=CIRCLE('',#295,1.6E0);
#301=CIRCLE('',#300,1.6E0);
#306=CIRCLE('',#305,1.6E0);
#335=CIRCLE('',#334,5.E0);
#344=CIRCLE('',#343,5.E0);
#361=CIRCLE('',#360,5.E0);
#370=CIRCLE('',#369,5.E0);
#403=CIRCLE('',#402,1.6E0);
#408=CIRCLE('',#407,1.6E0);
#421=CIRCLE('',#420,1.6E0);
#426=CIRCLE('',#425,1.6E0);
#435=CIRCLE('',#434,1.105E2);
#440=CIRCLE('',#439,1.105E2);
#445=CIRCLE('',#444,1.105E2);
#450=CIRCLE('',#449,1.105E2);
#455=CIRCLE('',#454,1.105E2);
#476=CIRCLE('',#475,1.E0);
#481=CIRCLE('',#480,1.E0);
#490=B_SPLINE_CURVE_WITH_KNOTS('',3,(#486,#487,#488,#489),.UNSPECIFIED.,.F.,.F.,
(4,4),(0.E0,1.E0),.UNSPECIFIED.);
#495=CIRCLE('',#494,6.953125E1);
#500=CIRCLE('',#499,6.953125E1);
#505=CIRCLE('',#504,6.953125E1);
#510=CIRCLE('',#509,6.953125E1);
#515=CIRCLE('',#514,6.953125E1);
#520=B_SPLINE_CURVE_WITH_KNOTS('',3,(#516,#517,#518,#519),.UNSPECIFIED.,.F.,.F.,
(4,4),(0.E0,1.E0),.UNSPECIFIED.);
#525=B_SPLINE_CURVE_WITH_KNOTS('',3,(#521,#522,#523,#524),.UNSPECIFIED.,.F.,.F.,
(4,4),(0.E0,1.E0),.UNSPECIFIED.);
#534=CIRCLE('',#533,1.E0);
#543=B_SPLINE_CURVE_WITH_KNOTS('',3,(#539,#540,#541,#542),.UNSPECIFIED.,.F.,.F.,
(4,4),(0.E0,1.E0),.UNSPECIFIED.);
#555=B_SPLINE_CURVE_WITH_KNOTS('',3,(#544,#545,#546,#547,#548,#549,#550,#551,
#552,#553,#554),.UNSPECIFIED.,.F.,.F.,(4,1,1,1,1,1,1,1,4),(0.E0,1.25E-1,2.5E-1,
3.75E-1,5.E-1,6.25E-1,7.5E-1,8.75E-1,1.E0),.UNSPECIFIED.);
#568=B_SPLINE_CURVE_WITH_KNOTS('',3,(#564,#565,#566,#567),.UNSPECIFIED.,.F.,.F.,
(4,4),(0.E0,1.E0),.UNSPECIFIED.);
#588=B_SPLINE_CURVE_WITH_KNOTS('',3,(#577,#578,#579,#580,#581,#582,#583,#584,
#585,#586,#587),.UNSPECIFIED.,.F.,.F.,(4,1,1,1,1,1,1,1,4),(0.E0,1.25E-1,2.5E-1,
3.75E-1,5.E-1,6.25E-1,7.5E-1,8.75E-1,1.E0),.UNSPECIFIED.);
#605=CIRCLE('',#604,1.E0);
#610=CIRCLE('',#609,1.E0);
#627=B_SPLINE_CURVE_WITH_KNOTS('',3,(#623,#624,#625,#626),.UNSPECIFIED.,.F.,.F.,
(4,4),(0.E0,1.E0),.UNSPECIFIED.);
#636=B_SPLINE_CURVE_WITH_KNOTS('',3,(#632,#633,#634,#635),.UNSPECIFIED.,.F.,.F.,
(4,4),(0.E0,1.E0),.UNSPECIFIED.);
#641=B_SPLINE_CURVE_WITH_KNOTS('',3,(#637,#638,#639,#640),.UNSPECIFIED.,.F.,.F.,
(4,4),(0.E0,1.E0),.UNSPECIFIED.);
#646=CIRCLE('',#645,8.3705E1);
#651=CIRCLE('',#650,8.3705E1);
#656=B_SPLINE_CURVE_WITH_KNOTS('',3,(#652,#653,#654,#655),.UNSPECIFIED.,.F.,.F.,
(4,4),(0.E0,1.E0),.UNSPECIFIED.);
#661=B_SPLINE_CURVE_WITH_KNOTS('',3,(#657,#658,#659,#660),.UNSPECIFIED.,.F.,.F.,
(4,4),(0.E0,1.E0),.UNSPECIFIED.);
#678=B_SPLINE_CURVE_WITH_KNOTS('',3,(#674,#675,#676,#677),.UNSPECIFIED.,.F.,.F.,
(4,4),(0.E0,1.E0),.UNSPECIFIED.);
#683=CIRCLE('',#682,6.953125E1);
#688=CIRCLE('',#687,6.953125E1);
#693=B_SPLINE_CURVE_WITH_KNOTS('',3,(#689,#690,#691,#692),.UNSPECIFIED.,.F.,.F.,
(4,4),(0.E0,1.E0),.UNSPECIFIED.);
#714=CIRCLE('',#713,3.E0);
#719=CIRCLE('',#718,3.E0);
#724=CIRCLE('',#723,3.E0);
#729=CIRCLE('',#728,3.E0);
#786=CIRCLE('',#785,1.E0);
#791=CIRCLE('',#790,1.E0);
#808=B_SPLINE_CURVE_WITH_KNOTS('',3,(#804,#805,#806,#807),.UNSPECIFIED.,.F.,.F.,
(4,4),(0.E0,1.E0),.UNSPECIFIED.);
#829=CIRCLE('',#828,1.E0);
#834=CIRCLE('',#833,1.E0);
#839=CIRCLE('',#838,1.E0);
#844=B_SPLINE_CURVE_WITH_KNOTS('',3,(#840,#841,#842,#843),.UNSPECIFIED.,.F.,.F.,
(4,4),(0.E0,1.E0),.UNSPECIFIED.);
#853=B_SPLINE_CURVE_WITH_KNOTS('',3,(#849,#850,#851,#852),.UNSPECIFIED.,.F.,.F.,
(4,4),(0.E0,1.E0),.UNSPECIFIED.);
#863=B_SPLINE_CURVE_WITH_KNOTS('',3,(#854,#855,#856,#857,#858,#859,#860,#861,
#862),.UNSPECIFIED.,.F.,.F.,(4,1,1,1,1,1,4),(0.E0,1.666666666667E-1,
3.333333333333E-1,5.E-1,6.666666666667E-1,8.333333333333E-1,1.E0),
.UNSPECIFIED.);
#876=B_SPLINE_CURVE_WITH_KNOTS('',3,(#872,#873,#874,#875),.UNSPECIFIED.,.F.,.F.,
(4,4),(0.E0,1.E0),.UNSPECIFIED.);
#897=CIRCLE('',#896,6.953125E1);
#906=CIRCLE('',#905,6.953125E1);
#915=CIRCLE('',#914,6.953125E1);
#932=B_SPLINE_CURVE_WITH_KNOTS('',3,(#928,#929,#930,#931),.UNSPECIFIED.,.F.,.F.,
(4,4),(0.E0,1.E0),.UNSPECIFIED.);
#937=B_SPLINE_CURVE_WITH_KNOTS('',3,(#933,#934,#935,#936),.UNSPECIFIED.,.F.,.F.,
(4,4),(0.E0,1.E0),.UNSPECIFIED.);
#951=B_SPLINE_CURVE_WITH_KNOTS('',3,(#942,#943,#944,#945,#946,#947,#948,#949,
#950),.UNSPECIFIED.,.F.,.F.,(4,1,1,1,1,1,4),(0.E0,1.666666666667E-1,
3.333333333333E-1,5.E-1,6.666666666667E-1,8.333333333333E-1,1.E0),
.UNSPECIFIED.);
#964=B_SPLINE_CURVE_WITH_KNOTS('',3,(#960,#961,#962,#963),.UNSPECIFIED.,.F.,.F.,
(4,4),(0.E0,1.E0),.UNSPECIFIED.);
#981=CIRCLE('',#980,1.E0);
#986=CIRCLE('',#985,1.E0);
#999=CIRCLE('',#998,1.E0);
#1004=CIRCLE('',#1003,1.E0);
#1009=B_SPLINE_CURVE_WITH_KNOTS('',3,(#1005,#1006,#1007,#1008),.UNSPECIFIED.,
.F.,.F.,(4,4),(0.E0,1.E0),.UNSPECIFIED.);
#1023=B_SPLINE_CURVE_WITH_KNOTS('',3,(#1014,#1015,#1016,#1017,#1018,#1019,#1020,
#1021,#1022),.UNSPECIFIED.,.F.,.F.,(4,1,1,1,1,1,4),(0.E0,1.666666666667E-1,
3.333333333333E-1,5.E-1,6.666666666667E-1,8.333333333333E-1,1.E0),
.UNSPECIFIED.);
#1041=B_SPLINE_CURVE_WITH_KNOTS('',3,(#1032,#1033,#1034,#1035,#1036,#1037,#1038,
#1039,#1040),.UNSPECIFIED.,.F.,.F.,(4,1,1,1,1,1,4),(0.E0,1.666666666667E-1,
3.333333333333E-1,5.E-1,6.666666666667E-1,8.333333333333E-1,1.E0),
.UNSPECIFIED.);
#1054=B_SPLINE_CURVE_WITH_KNOTS('',3,(#1050,#1051,#1052,#1053),.UNSPECIFIED.,
.F.,.F.,(4,4),(0.E0,1.E0),.UNSPECIFIED.);
#1075=CIRCLE('',#1074,1.E0);
#1088=CIRCLE('',#1087,1.E0);
#1093=CIRCLE('',#1092,1.E0);
#1118=B_SPLINE_CURVE_WITH_KNOTS('',3,(#1114,#1115,#1116,#1117),.UNSPECIFIED.,
.F.,.F.,(4,4),(0.E0,1.E0),.UNSPECIFIED.);
#1135=CIRCLE('',#1134,1.E0);
#1144=CIRCLE('',#1143,1.E0);
#1158=B_SPLINE_CURVE_WITH_KNOTS('',3,(#1153,#1154,#1155,#1156,#1157),
.UNSPECIFIED.,.F.,.F.,(4,1,4),(0.E0,5.E-1,1.E0),.UNSPECIFIED.);
#1179=B_SPLINE_CURVE_WITH_KNOTS('',3,(#1171,#1172,#1173,#1174,#1175,#1176,#1177,
#1178),.UNSPECIFIED.,.F.,.F.,(4,1,1,1,1,4),(0.E0,2.E-1,4.E-1,6.E-1,8.E-1,1.E0),
.UNSPECIFIED.);
#1196=CIRCLE('',#1195,1.E0);
#1205=CIRCLE('',#1204,1.E0);
#1226=B_SPLINE_CURVE_WITH_KNOTS('',3,(#1222,#1223,#1224,#1225),.UNSPECIFIED.,
.F.,.F.,(4,4),(0.E0,1.E0),.UNSPECIFIED.);
#1243=B_SPLINE_CURVE_WITH_KNOTS('',3,(#1239,#1240,#1241,#1242),.UNSPECIFIED.,
.F.,.F.,(4,4),(0.E0,1.E0),.UNSPECIFIED.);
#1248=B_SPLINE_CURVE_WITH_KNOTS('',3,(#1244,#1245,#1246,#1247),.UNSPECIFIED.,
.F.,.F.,(4,4),(0.E0,1.E0),.UNSPECIFIED.);
#1253=CIRCLE('',#1252,8.3705E1);
#1258=CIRCLE('',#1257,8.3705E1);
#1263=CIRCLE('',#1262,8.3705E1);
#1268=B_SPLINE_CURVE_WITH_KNOTS('',3,(#1264,#1265,#1266,#1267),.UNSPECIFIED.,
.F.,.F.,(4,4),(0.E0,1.E0),.UNSPECIFIED.);
#1273=B_SPLINE_CURVE_WITH_KNOTS('',3,(#1269,#1270,#1271,#1272),.UNSPECIFIED.,
.F.,.F.,(4,4),(0.E0,1.E0),.UNSPECIFIED.);
#1282=CIRCLE('',#1281,1.E0);
#1291=CIRCLE('',#1290,1.E0);
#1316=CIRCLE('',#1315,8.3705E1);
#1325=CIRCLE('',#1324,8.3705E1);
#1330=CIRCLE('',#1329,8.3705E1);
#1335=CIRCLE('',#1334,8.3705E1);
#1344=CIRCLE('',#1343,8.3705E1);
#1384=B_SPLINE_CURVE_WITH_KNOTS('',3,(#1373,#1374,#1375,#1376,#1377,#1378,#1379,
#1380,#1381,#1382,#1383),.UNSPECIFIED.,.F.,.F.,(4,1,1,1,1,1,1,1,4),(0.E0,
1.25E-1,2.5E-1,3.75E-1,5.E-1,6.25E-1,7.5E-1,8.75E-1,1.E0),.UNSPECIFIED.);
#1404=B_SPLINE_CURVE_WITH_KNOTS('',3,(#1393,#1394,#1395,#1396,#1397,#1398,#1399,
#1400,#1401,#1402,#1403),.UNSPECIFIED.,.F.,.F.,(4,1,1,1,1,1,1,1,4),(0.E0,
1.25E-1,2.5E-1,3.75E-1,5.E-1,6.25E-1,7.5E-1,8.75E-1,1.E0),.UNSPECIFIED.);
#1424=B_SPLINE_CURVE_WITH_KNOTS('',3,(#1413,#1414,#1415,#1416,#1417,#1418,#1419,
#1420,#1421,#1422,#1423),.UNSPECIFIED.,.F.,.F.,(4,1,1,1,1,1,1,1,4),(0.E0,
1.25E-1,2.5E-1,3.75E-1,5.E-1,6.25E-1,7.5E-1,8.75E-1,1.E0),.UNSPECIFIED.);
#1444=B_SPLINE_CURVE_WITH_KNOTS('',3,(#1433,#1434,#1435,#1436,#1437,#1438,#1439,
#1440,#1441,#1442,#1443),.UNSPECIFIED.,.F.,.F.,(4,1,1,1,1,1,1,1,4),(0.E0,
1.25E-1,2.5E-1,3.75E-1,5.E-1,6.25E-1,7.5E-1,8.75E-1,1.E0),.UNSPECIFIED.);
#1462=B_SPLINE_CURVE_WITH_KNOTS('',3,(#1453,#1454,#1455,#1456,#1457,#1458,#1459,
#1460,#1461),.UNSPECIFIED.,.F.,.F.,(4,1,1,1,1,1,4),(0.E0,1.666666666667E-1,
3.333333333333E-1,5.E-1,6.666666666667E-1,8.333333333333E-1,1.E0),
.UNSPECIFIED.);
#1480=B_SPLINE_CURVE_WITH_KNOTS('',3,(#1471,#1472,#1473,#1474,#1475,#1476,#1477,
#1478,#1479),.UNSPECIFIED.,.F.,.F.,(4,1,1,1,1,1,4),(0.E0,1.666666666667E-1,
3.333333333333E-1,5.E-1,6.666666666667E-1,8.333333333333E-1,1.E0),
.UNSPECIFIED.);
#1493=B_SPLINE_CURVE_WITH_KNOTS('',3,(#1489,#1490,#1491,#1492),.UNSPECIFIED.,
.F.,.F.,(4,4),(0.E0,1.E0),.UNSPECIFIED.);
#1506=B_SPLINE_CURVE_WITH_KNOTS('',3,(#1502,#1503,#1504,#1505),.UNSPECIFIED.,
.F.,.F.,(4,4),(0.E0,1.E0),.UNSPECIFIED.);
#1520=B_SPLINE_CURVE_WITH_KNOTS('',3,(#1511,#1512,#1513,#1514,#1515,#1516,#1517,
#1518,#1519),.UNSPECIFIED.,.F.,.F.,(4,1,1,1,1,1,4),(0.E0,1.666666666667E-1,
3.333333333333E-1,5.E-1,6.666666666667E-1,8.333333333333E-1,1.E0),
.UNSPECIFIED.);
#1538=B_SPLINE_CURVE_WITH_KNOTS('',3,(#1529,#1530,#1531,#1532,#1533,#1534,#1535,
#1536,#1537),.UNSPECIFIED.,.F.,.F.,(4,1,1,1,1,1,4),(0.E0,1.666666666667E-1,
3.333333333333E-1,5.E-1,6.666666666667E-1,8.333333333333E-1,1.E0),
.UNSPECIFIED.);
#1556=B_SPLINE_CURVE_WITH_KNOTS('',3,(#1547,#1548,#1549,#1550,#1551,#1552,#1553,
#1554,#1555),.UNSPECIFIED.,.F.,.F.,(4,1,1,1,1,1,4),(0.E0,1.666666666667E-1,
3.333333333333E-1,5.E-1,6.666666666667E-1,8.333333333333E-1,1.E0),
.UNSPECIFIED.);
#1569=B_SPLINE_CURVE_WITH_KNOTS('',3,(#1565,#1566,#1567,#1568),.UNSPECIFIED.,
.F.,.F.,(4,4),(0.E0,1.E0),.UNSPECIFIED.);
#1582=CIRCLE('',#1581,1.E0);
#1587=CIRCLE('',#1586,1.E0);
#1596=CIRCLE('',#1595,1.E0);
#1601=CIRCLE('',#1600,1.E0);
#1606=B_SPLINE_CURVE_WITH_KNOTS('',3,(#1602,#1603,#1604,#1605),.UNSPECIFIED.,
.F.,.F.,(4,4),(0.E0,1.E0),.UNSPECIFIED.);
#1616=B_SPLINE_CURVE_WITH_KNOTS('',3,(#1607,#1608,#1609,#1610,#1611,#1612,#1613,
#1614,#1615),.UNSPECIFIED.,.F.,.F.,(4,1,1,1,1,1,4),(0.E0,1.666666666667E-1,
3.333333333333E-1,5.E-1,6.666666666667E-1,8.333333333333E-1,1.E0),
.UNSPECIFIED.);
#1634=B_SPLINE_CURVE_WITH_KNOTS('',3,(#1625,#1626,#1627,#1628,#1629,#1630,#1631,
#1632,#1633),.UNSPECIFIED.,.F.,.F.,(4,1,1,1,1,1,4),(0.E0,1.666666666667E-1,
3.333333333333E-1,5.E-1,6.666666666667E-1,8.333333333333E-1,1.E0),
.UNSPECIFIED.);
#1652=B_SPLINE_CURVE_WITH_KNOTS('',3,(#1643,#1644,#1645,#1646,#1647,#1648,#1649,
#1650,#1651),.UNSPECIFIED.,.F.,.F.,(4,1,1,1,1,1,4),(0.E0,1.666666666667E-1,
3.333333333333E-1,5.E-1,6.666666666667E-1,8.333333333333E-1,1.E0),
.UNSPECIFIED.);
#1673=CIRCLE('',#1672,3.E0);
#1678=CIRCLE('',#1677,3.E0);
#1739=CIRCLE('',#1738,5.E0);
#1744=CIRCLE('',#1743,3.E0);
#1757=CIRCLE('',#1756,3.E0);
#1778=CIRCLE('',#1777,5.E0);
#1783=CIRCLE('',#1782,5.E0);
#1795=B_SPLINE_CURVE_WITH_KNOTS('',3,(#1784,#1785,#1786,#1787,#1788,#1789,#1790,
#1791,#1792,#1793,#1794),.UNSPECIFIED.,.F.,.F.,(4,1,1,1,1,1,1,1,4),(0.E0,
1.25E-1,2.5E-1,3.75E-1,5.E-1,6.25E-1,7.5E-1,8.75E-1,1.E0),.UNSPECIFIED.);
#2271=EDGE_CURVE('',#1826,#2168,#24,.T.);
#2273=EDGE_CURVE('',#2168,#2169,#318,.T.);
#2275=EDGE_CURVE('',#2169,#1810,#28,.T.);
#2277=EDGE_CURVE('',#1810,#1826,#32,.T.);
#2281=EDGE_CURVE('',#2144,#2145,#15,.T.);
#2283=EDGE_CURVE('',#2145,#2144,#20,.T.);
#2287=EDGE_CURVE('',#2140,#2141,#5,.T.);
#2289=EDGE_CURVE('',#2141,#2140,#10,.T.);
#2299=EDGE_CURVE('',#2124,#2125,#45,.T.);
#2301=EDGE_CURVE('',#2124,#2148,#36,.T.);
#2303=EDGE_CURVE('',#2148,#2149,#81,.T.);
#2305=EDGE_CURVE('',#2125,#2149,#72,.T.);
#2315=EDGE_CURVE('',#2132,#2133,#129,.T.);
#2317=EDGE_CURVE('',#2132,#2140,#40,.T.);
#2320=EDGE_CURVE('',#2133,#2141,#76,.T.);
#2330=EDGE_CURVE('',#1806,#2164,#64,.T.);
#2332=EDGE_CURVE('',#2164,#2165,#386,.T.);
#2334=EDGE_CURVE('',#1807,#2165,#459,.T.);
#2336=EDGE_CURVE('',#1806,#1807,#68,.T.);
#2340=EDGE_CURVE('',#2128,#2129,#55,.T.);
#2342=EDGE_CURVE('',#2129,#2128,#60,.T.);
#2347=EDGE_CURVE('',#2125,#2124,#50,.T.);
#2359=EDGE_CURVE('',#2149,#2148,#86,.T.);
#2370=EDGE_CURVE('',#2133,#2132,#134,.T.);
#2383=EDGE_CURVE('',#2177,#2172,#100,.T.);
#2385=EDGE_CURVE('',#2177,#2185,#104,.T.);
#2387=EDGE_CURVE('',#2183,#2185,#108,.T.);
#2389=EDGE_CURVE('',#2183,#2172,#365,.T.);
#2393=EDGE_CURVE('',#2152,#2153,#91,.T.);
#2395=EDGE_CURVE('',#2153,#2152,#96,.T.);
#2410=EDGE_CURVE('',#2128,#2152,#112,.T.);
#2413=EDGE_CURVE('',#2129,#2153,#120,.T.);
#2423=EDGE_CURVE('',#2136,#2137,#139,.T.);
#2425=EDGE_CURVE('',#2136,#2144,#116,.T.);
#2428=EDGE_CURVE('',#2137,#2145,#124,.T.);
#2450=EDGE_CURVE('',#2137,#2136,#144,.T.);
#2463=EDGE_CURVE('',#2191,#2193,#148,.T.);
#2465=EDGE_CURVE('',#2191,#2196,#339,.T.);
#2467=EDGE_CURVE('',#2196,#2197,#152,.T.);
#2469=EDGE_CURVE('',#2197,#2193,#156,.T.);
#2487=EDGE_CURVE('',#2188,#2189,#169,.T.);
#2489=EDGE_CURVE('',#2188,#2191,#344,.T.);
#2492=EDGE_CURVE('',#2193,#2189,#161,.T.);
#2502=EDGE_CURVE('',#2244,#2245,#165,.T.);
#2504=EDGE_CURVE('',#2244,#2188,#348,.T.);
#2507=EDGE_CURVE('',#2223,#2189,#1748,.T.);
#2509=EDGE_CURVE('',#2223,#2221,#173,.T.);
#2511=EDGE_CURVE('',#2221,#2207,#177,.T.);
#2513=EDGE_CURVE('',#2207,#2205,#181,.T.);
#2515=EDGE_CURVE('',#2175,#2205,#1686,.T.);
#2517=EDGE_CURVE('',#2175,#2173,#185,.T.);
#2519=EDGE_CURVE('',#2173,#2249,#356,.T.);
#2521=EDGE_CURVE('',#2249,#2247,#189,.T.);
#2523=EDGE_CURVE('',#2245,#2247,#193,.T.);
#2533=EDGE_CURVE('',#2236,#2237,#197,.T.);
#2535=EDGE_CURVE('',#2244,#2236,#310,.T.);
#2538=EDGE_CURVE('',#2237,#2245,#274,.T.);
#2548=EDGE_CURVE('',#2252,#2253,#430,.T.);
#2550=EDGE_CURVE('',#2261,#2253,#278,.T.);
#2552=EDGE_CURVE('',#2260,#2261,#1706,.T.);
#2554=EDGE_CURVE('',#2252,#2260,#326,.T.);
#2565=EDGE_CURVE('',#2237,#2239,#201,.T.);
#2567=EDGE_CURVE('',#2241,#2239,#205,.T.);
#2569=EDGE_CURVE('',#2241,#2164,#390,.T.);
#2572=EDGE_CURVE('',#1813,#1806,#209,.T.);
#2574=EDGE_CURVE('',#1813,#2076,#1388,.T.);
#2576=EDGE_CURVE('',#2087,#2076,#214,.T.);
#2578=EDGE_CURVE('',#2087,#1861,#1803,.T.);
#2580=EDGE_CURVE('',#1860,#1861,#218,.T.);
#2582=EDGE_CURVE('',#1860,#2088,#592,.T.);
#2584=EDGE_CURVE('',#2073,#2088,#223,.T.);
#2586=EDGE_CURVE('',#2073,#1844,#563,.T.);
#2588=EDGE_CURVE('',#1898,#1844,#227,.T.);
#2590=EDGE_CURVE('',#1898,#2092,#1656,.T.);
#2592=EDGE_CURVE('',#2095,#2092,#232,.T.);
#2594=EDGE_CURVE('',#2095,#1973,#1642,.T.);
#2596=EDGE_CURVE('',#1972,#1973,#236,.T.);
#2598=EDGE_CURVE('',#2091,#1972,#240,.T.);
#2600=EDGE_CURVE('',#2085,#2091,#245,.T.);
#2602=EDGE_CURVE('',#1852,#2085,#249,.T.);
#2604=EDGE_CURVE('',#1851,#1852,#253,.T.);
#2606=EDGE_CURVE('',#2079,#1851,#257,.T.);
#2608=EDGE_CURVE('',#2074,#2079,#262,.T.);
#2610=EDGE_CURVE('',#1811,#2074,#266,.T.);
#2612=EDGE_CURVE('',#1810,#1811,#270,.T.);
#2615=EDGE_CURVE('',#2169,#2236,#314,.T.);
#2628=EDGE_CURVE('',#2239,#2247,#282,.T.);
#2638=EDGE_CURVE('',#2253,#2255,#467,.T.);
#2640=EDGE_CURVE('',#2263,#2255,#286,.T.);
#2642=EDGE_CURVE('',#2261,#2263,#1710,.T.);
#2656=EDGE_CURVE('',#2249,#2241,#352,.T.);
#2666=EDGE_CURVE('',#2257,#2255,#463,.T.);
#2668=EDGE_CURVE('',#2257,#2265,#378,.T.);
#2670=EDGE_CURVE('',#2265,#2263,#1714,.T.);
#2684=EDGE_CURVE('',#2252,#2168,#322,.T.);
#2687=EDGE_CURVE('',#2199,#2260,#330,.T.);
#2689=EDGE_CURVE('',#2196,#2199,#335,.T.);
#2696=EDGE_CURVE('',#2160,#2161,#301,.T.);
#2698=EDGE_CURVE('',#2161,#2160,#306,.T.);
#2710=EDGE_CURVE('',#2172,#2173,#361,.T.);
#2713=EDGE_CURVE('',#2180,#2183,#370,.T.);
#2715=EDGE_CURVE('',#2265,#2180,#374,.T.);
#2718=EDGE_CURVE('',#2165,#2257,#382,.T.);
#2724=EDGE_CURVE('',#2156,#2157,#291,.T.);
#2726=EDGE_CURVE('',#2157,#2156,#296,.T.);
#2736=EDGE_CURVE('',#2156,#2067,#398,.T.);
#2739=EDGE_CURVE('',#2066,#2157,#394,.T.);
#2741=EDGE_CURVE('',#2066,#2067,#403,.T.);
#2754=EDGE_CURVE('',#2067,#2066,#408,.T.);
#2774=EDGE_CURVE('',#2160,#2071,#416,.T.);
#2777=EDGE_CURVE('',#2070,#2161,#412,.T.);
#2779=EDGE_CURVE('',#2070,#2071,#421,.T.);
#2792=EDGE_CURVE('',#2071,#2070,#426,.T.);
#2815=EDGE_CURVE('',#1826,#1827,#538,.T.);
#2817=EDGE_CURVE('',#1827,#2121,#1058,.T.);
#2819=EDGE_CURVE('',#2121,#2112,#435,.T.);
#2821=EDGE_CURVE('',#2112,#1930,#1013,.T.);
#2823=EDGE_CURVE('',#1930,#1931,#990,.T.);
#2825=EDGE_CURVE('',#1931,#2108,#968,.T.);
#2827=EDGE_CURVE('',#2108,#2119,#440,.T.);
#2829=EDGE_CURVE('',#2119,#2052,#1510,.T.);
#2831=EDGE_CURVE('',#2052,#2053,#1079,.T.);
#2833=EDGE_CURVE('',#2053,#2115,#1497,.T.);
#2835=EDGE_CURVE('',#2115,#2114,#445,.T.);
#2837=EDGE_CURVE('',#2114,#1994,#1470,.T.);
#2839=EDGE_CURVE('',#1994,#1995,#1139,.T.);
#2841=EDGE_CURVE('',#1995,#2116,#1183,.T.);
#2843=EDGE_CURVE('',#2116,#2110,#450,.T.);
#2845=EDGE_CURVE('',#2110,#1869,#1452,.T.);
#2847=EDGE_CURVE('',#1869,#1870,#1200,.T.);
#2849=EDGE_CURVE('',#1870,#2101,#1428,.T.);
#2851=EDGE_CURVE('',#2101,#2097,#455,.T.);
#2853=EDGE_CURVE('',#2097,#1815,#1412,.T.);
#2855=EDGE_CURVE('',#1815,#1807,#1286,.T.);
#2871=EDGE_CURVE('',#1817,#1811,#471,.T.);
#2873=EDGE_CURVE('',#1835,#1817,#476,.T.);
#2875=EDGE_CURVE('',#1834,#1835,#481,.T.);
#2877=EDGE_CURVE('',#1854,#1834,#485,.T.);
#2879=EDGE_CURVE('',#1879,#1854,#490,.T.);
#2881=EDGE_CURVE('',#1908,#1879,#495,.T.);
#2883=EDGE_CURVE('',#1912,#1908,#500,.T.);
#2885=EDGE_CURVE('',#1881,#1912,#505,.T.);
#2887=EDGE_CURVE('',#1856,#1881,#510,.T.);
#2889=EDGE_CURVE('',#1837,#1856,#515,.T.);
#2891=EDGE_CURVE('',#1836,#1837,#520,.T.);
#2893=EDGE_CURVE('',#1857,#1836,#525,.T.);
#2895=EDGE_CURVE('',#1883,#1857,#529,.T.);
#2897=EDGE_CURVE('',#1872,#1883,#534,.T.);
#2899=EDGE_CURVE('',#1872,#1827,#1062,.T.);
#2910=EDGE_CURVE('',#2074,#2075,#543,.T.);
#2912=EDGE_CURVE('',#2075,#1817,#1546,.T.);
#2924=EDGE_CURVE('',#2072,#2073,#555,.T.);
#2927=EDGE_CURVE('',#2088,#2089,#588,.T.);
#2929=EDGE_CURVE('',#2089,#2072,#568,.T.);
#2941=EDGE_CURVE('',#2079,#2080,#1569,.T.);
#2943=EDGE_CURVE('',#2080,#2083,#1556,.T.);
#2945=EDGE_CURVE('',#2083,#2084,#853,.T.);
#2947=EDGE_CURVE('',#2084,#2075,#1538,.T.);
#2957=EDGE_CURVE('',#2076,#2077,#1384,.T.);
#2959=EDGE_CURVE('',#2077,#2078,#627,.T.);
#2961=EDGE_CURVE('',#2078,#2087,#1795,.T.);
#2972=EDGE_CURVE('',#2081,#2082,#844,.T.);
#2974=EDGE_CURVE('',#2082,#2086,#1616,.T.);
#2976=EDGE_CURVE('',#2085,#2086,#1606,.T.);
#2979=EDGE_CURVE('',#2091,#2090,#876,.T.);
#2981=EDGE_CURVE('',#2090,#2081,#863,.T.);
#2991=EDGE_CURVE('',#2092,#2093,#1652,.T.);
#2993=EDGE_CURVE('',#2093,#2094,#808,.T.);
#2995=EDGE_CURVE('',#2094,#2095,#1634,.T.);
#3006=EDGE_CURVE('',#2096,#2097,#1404,.T.);
#3009=EDGE_CURVE('',#2101,#2098,#1424,.T.);
#3011=EDGE_CURVE('',#2096,#2098,#1226,.T.);
#3021=EDGE_CURVE('',#2099,#2100,#1480,.T.);
#3023=EDGE_CURVE('',#2104,#2100,#1118,.T.);
#3025=EDGE_CURVE('',#2104,#2114,#1462,.T.);
#3028=EDGE_CURVE('',#2099,#2115,#1493,.T.);
#3038=EDGE_CURVE('',#2102,#2103,#951,.T.);
#3040=EDGE_CURVE('',#2105,#2103,#932,.T.);
#3042=EDGE_CURVE('',#2105,#2118,#1520,.T.);
#3044=EDGE_CURVE('',#2118,#2119,#1506,.T.);
#3047=EDGE_CURVE('',#2102,#2108,#964,.T.);
#3057=EDGE_CURVE('',#2106,#2107,#937,.T.);
#3059=EDGE_CURVE('',#2106,#2111,#1023,.T.);
#3061=EDGE_CURVE('',#2111,#2112,#1009,.T.);
#3064=EDGE_CURVE('',#2113,#2121,#1054,.T.);
#3066=EDGE_CURVE('',#2113,#2107,#1041,.T.);
#3076=EDGE_CURVE('',#2109,#2110,#1444,.T.);
#3079=EDGE_CURVE('',#2116,#2117,#1179,.T.);
#3081=EDGE_CURVE('',#2109,#2117,#1158,.T.);
#3092=EDGE_CURVE('',#1843,#2072,#559,.T.);
#3094=EDGE_CURVE('',#1843,#1844,#791,.T.);
#3106=EDGE_CURVE('',#2089,#1918,#596,.T.);
#3108=EDGE_CURVE('',#1918,#1955,#600,.T.);
#3110=EDGE_CURVE('',#1969,#1955,#572,.T.);
#3112=EDGE_CURVE('',#1969,#1939,#631,.T.);
#3114=EDGE_CURVE('',#1900,#1939,#576,.T.);
#3116=EDGE_CURVE('',#1900,#1843,#765,.T.);
#3129=EDGE_CURVE('',#1860,#1918,#605,.T.);
#3140=EDGE_CURVE('',#1983,#1887,#622,.T.);
#3142=EDGE_CURVE('',#1983,#1955,#1664,.T.);
#3147=EDGE_CURVE('',#1887,#1861,#610,.T.);
#3157=EDGE_CURVE('',#1891,#2001,#614,.T.);
#3159=EDGE_CURVE('',#1983,#2001,#618,.T.);
#3162=EDGE_CURVE('',#1887,#2078,#1799,.T.);
#3165=EDGE_CURVE('',#2077,#1819,#1392,.T.);
#3167=EDGE_CURVE('',#1819,#1839,#1277,.T.);
#3169=EDGE_CURVE('',#1839,#1891,#1372,.T.);
#3179=EDGE_CURVE('',#2207,#2209,#714,.T.);
#3182=EDGE_CURVE('',#2220,#2221,#719,.T.);
#3184=EDGE_CURVE('',#2220,#2233,#1773,.T.);
#3186=EDGE_CURVE('',#2231,#2233,#724,.T.);
#3188=EDGE_CURVE('',#2213,#2231,#1726,.T.);
#3190=EDGE_CURVE('',#2212,#2213,#729,.T.);
#3192=EDGE_CURVE('',#2212,#2209,#1694,.T.);
#3196=EDGE_CURVE('',#1937,#1939,#733,.T.);
#3199=EDGE_CURVE('',#1969,#2001,#1668,.T.);
#3202=EDGE_CURVE('',#1921,#1891,#636,.T.);
#3204=EDGE_CURVE('',#1921,#1959,#1364,.T.);
#3206=EDGE_CURVE('',#1987,#1959,#641,.T.);
#3208=EDGE_CURVE('',#2015,#1987,#646,.T.);
#3210=EDGE_CURVE('',#2015,#2021,#1344,.T.);
#3212=EDGE_CURVE('',#2021,#1991,#1330,.T.);
#3214=EDGE_CURVE('',#1991,#1989,#1316,.T.);
#3216=EDGE_CURVE('',#1963,#1989,#651,.T.);
#3218=EDGE_CURVE('',#1925,#1963,#656,.T.);
#3220=EDGE_CURVE('',#1925,#1894,#1299,.T.);
#3222=EDGE_CURVE('',#1866,#1894,#661,.T.);
#3224=EDGE_CURVE('',#2018,#1866,#1221,.T.);
#3226=EDGE_CURVE('',#2018,#2019,#1191,.T.);
#3228=EDGE_CURVE('',#2045,#2019,#665,.T.);
#3230=EDGE_CURVE('',#2061,#2045,#669,.T.);
#3232=EDGE_CURVE('',#2061,#2063,#1126,.T.);
#3234=EDGE_CURVE('',#2013,#2063,#1109,.T.);
#3236=EDGE_CURVE('',#2013,#1981,#1070,.T.);
#3238=EDGE_CURVE('',#1916,#1981,#673,.T.);
#3240=EDGE_CURVE('',#1885,#1916,#678,.T.);
#3242=EDGE_CURVE('',#1914,#1885,#683,.T.);
#3244=EDGE_CURVE('',#1914,#1953,#915,.T.);
#3246=EDGE_CURVE('',#1953,#1979,#906,.T.);
#3248=EDGE_CURVE('',#1979,#1975,#897,.T.);
#3250=EDGE_CURVE('',#1949,#1975,#688,.T.);
#3252=EDGE_CURVE('',#1910,#1949,#693,.T.);
#3254=EDGE_CURVE('',#1951,#1910,#697,.T.);
#3256=EDGE_CURVE('',#1951,#2007,#820,.T.);
#3258=EDGE_CURVE('',#1904,#2007,#795,.T.);
#3260=EDGE_CURVE('',#1904,#1848,#761,.T.);
#3262=EDGE_CURVE('',#1830,#1848,#701,.T.);
#3264=EDGE_CURVE('',#1874,#1830,#705,.T.);
#3266=EDGE_CURVE('',#1937,#1874,#709,.T.);
#3278=EDGE_CURVE('',#1935,#1937,#737,.T.);
#3280=EDGE_CURVE('',#1900,#1935,#741,.T.);
#3290=EDGE_CURVE('',#1874,#1876,#745,.T.);
#3292=EDGE_CURVE('',#1876,#1935,#769,.T.);
#3304=EDGE_CURVE('',#1830,#1831,#749,.T.);
#3306=EDGE_CURVE('',#1831,#1876,#773,.T.);
#3320=EDGE_CURVE('',#1846,#1848,#753,.T.);
#3322=EDGE_CURVE('',#1846,#1831,#777,.T.);
#3332=EDGE_CURVE('',#1846,#1902,#757,.T.);
#3336=EDGE_CURVE('',#1904,#1902,#812,.T.);
#3352=EDGE_CURVE('',#1933,#1902,#781,.T.);
#3354=EDGE_CURVE('',#1898,#1933,#786,.T.);
#3367=EDGE_CURVE('',#2039,#2007,#799,.T.);
#3369=EDGE_CURVE('',#2039,#2037,#803,.T.);
#3371=EDGE_CURVE('',#2037,#2094,#1638,.T.);
#3374=EDGE_CURVE('',#2093,#1933,#1660,.T.);
#3386=EDGE_CURVE('',#2039,#1977,#816,.T.);
#3390=EDGE_CURVE('',#1951,#1977,#848,.T.);
#3402=EDGE_CURVE('',#2005,#1977,#824,.T.);
#3404=EDGE_CURVE('',#2055,#2005,#829,.T.);
#3406=EDGE_CURVE('',#2003,#2055,#834,.T.);
#3408=EDGE_CURVE('',#2003,#1972,#880,.T.);
#3411=EDGE_CURVE('',#2037,#1973,#839,.T.);
#3422=EDGE_CURVE('',#2081,#2005,#871,.T.);
#3427=EDGE_CURVE('',#1910,#1854,#884,.T.);
#3430=EDGE_CURVE('',#1834,#2084,#1542,.T.);
#3433=EDGE_CURVE('',#2083,#1943,#1564,.T.);
#3435=EDGE_CURVE('',#1943,#1946,#1577,.T.);
#3437=EDGE_CURVE('',#1946,#2082,#1620,.T.);
#3448=EDGE_CURVE('',#2003,#2090,#867,.T.);
#3474=B_SPLINE_CURVE_WITH_KNOTS('',3,(#3468,#3469,#3470,#3471,#3472,#3473),
.UNSPECIFIED.,.F.,.F.,(4,1,1,4),(0.E0,2.638759678146E-2,9.737940571379E-1,1.E0),
.UNSPECIFIED.);
#3481=EDGE_CURVE('',#1879,#1949,#888,.T.);
#3494=EDGE_CURVE('',#1908,#1975,#892,.T.);
#3506=EDGE_CURVE('',#1912,#1979,#901,.T.);
#3517=EDGE_CURVE('',#1953,#1881,#910,.T.);
#3530=EDGE_CURVE('',#1914,#1856,#919,.T.);
#3544=EDGE_CURVE('',#1885,#1837,#923,.T.);
#3557=B_SPLINE_CURVE_WITH_KNOTS('',3,(#3551,#3552,#3553,#3554,#3555,#3556),
.UNSPECIFIED.,.F.,.F.,(4,1,1,4),(0.E0,2.639733242143E-2,9.737845978782E-1,1.E0),
.UNSPECIFIED.);
#3565=EDGE_CURVE('',#1857,#1916,#927,.T.);
#3576=EDGE_CURVE('',#2103,#2027,#959,.T.);
#3578=EDGE_CURVE('',#2027,#2030,#976,.T.);
#3580=EDGE_CURVE('',#2030,#2106,#1027,.T.);
#3583=EDGE_CURVE('',#2107,#1883,#1049,.T.);
#3588=EDGE_CURVE('',#2009,#1981,#941,.T.);
#3590=EDGE_CURVE('',#2009,#2011,#1097,.T.);
#3592=EDGE_CURVE('',#2011,#2105,#1524,.T.);
#3603=EDGE_CURVE('',#1999,#2102,#955,.T.);
#3605=EDGE_CURVE('',#1999,#2025,#986,.T.);
#3607=EDGE_CURVE('',#2025,#2027,#981,.T.);
#3620=EDGE_CURVE('',#1999,#1931,#972,.T.);
#3636=EDGE_CURVE('',#1967,#1930,#994,.T.);
#3638=EDGE_CURVE('',#2031,#1967,#999,.T.);
#3640=EDGE_CURVE('',#2030,#2031,#1004,.T.);
#3651=EDGE_CURVE('',#2111,#1967,#1031,.T.);
#3677=EDGE_CURVE('',#1872,#2113,#1045,.T.);
#3701=EDGE_CURVE('',#2009,#2057,#1066,.T.);
#3705=EDGE_CURVE('',#2013,#2057,#1105,.T.);
#3715=EDGE_CURVE('',#2035,#2057,#1101,.T.);
#3717=EDGE_CURVE('',#2034,#2035,#1075,.T.);
#3719=EDGE_CURVE('',#2034,#2053,#1501,.T.);
#3722=EDGE_CURVE('',#2043,#2052,#1083,.T.);
#3724=EDGE_CURVE('',#2041,#2043,#1088,.T.);
#3726=EDGE_CURVE('',#2011,#2041,#1093,.T.);
#3741=EDGE_CURVE('',#2059,#2063,#1113,.T.);
#3743=EDGE_CURVE('',#2059,#2047,#1148,.T.);
#3745=EDGE_CURVE('',#2047,#2104,#1466,.T.);
#3748=EDGE_CURVE('',#2100,#2035,#1488,.T.);
#3758=EDGE_CURVE('',#2059,#2049,#1122,.T.);
#3762=EDGE_CURVE('',#2061,#2049,#1152,.T.);
#3772=EDGE_CURVE('',#2023,#2049,#1130,.T.);
#3774=EDGE_CURVE('',#1995,#2023,#1135,.T.);
#3777=EDGE_CURVE('',#2047,#1994,#1144,.T.);
#3792=EDGE_CURVE('',#2045,#2023,#1166,.T.);
#3803=EDGE_CURVE('',#2023,#2117,#1162,.T.);
#3807=EDGE_CURVE('',#1965,#2019,#1170,.T.);
#3809=EDGE_CURVE('',#1965,#1927,#1209,.T.);
#3811=EDGE_CURVE('',#1927,#2109,#1448,.T.);
#3833=EDGE_CURVE('',#1965,#1997,#1187,.T.);
#3837=EDGE_CURVE('',#2018,#1997,#1217,.T.);
#3847=EDGE_CURVE('',#1896,#1997,#1213,.T.);
#3849=EDGE_CURVE('',#1870,#1896,#1196,.T.);
#3852=EDGE_CURVE('',#1927,#1869,#1205,.T.);
#3867=EDGE_CURVE('',#1866,#1823,#1230,.T.);
#3869=EDGE_CURVE('',#1823,#1821,#1238,.T.);
#3871=EDGE_CURVE('',#1821,#2096,#1408,.T.);
#3874=EDGE_CURVE('',#2098,#1896,#1432,.T.);
#3885=B_SPLINE_CURVE_WITH_KNOTS('',3,(#3879,#3880,#3881,#3882,#3883,#3884),
.UNSPECIFIED.,.F.,.F.,(4,1,1,4),(0.E0,4.525105920753E-2,9.482138193769E-1,1.E0),
.UNSPECIFIED.);
#3889=EDGE_CURVE('',#1840,#1823,#1243,.T.);
#3893=EDGE_CURVE('',#1840,#1894,#1234,.T.);
#3905=EDGE_CURVE('',#1840,#1864,#1295,.T.);
#3907=EDGE_CURVE('',#1892,#1864,#1248,.T.);
#3909=EDGE_CURVE('',#1923,#1892,#1253,.T.);
#3911=EDGE_CURVE('',#1923,#1961,#1325,.T.);
#3913=EDGE_CURVE('',#1985,#1961,#1258,.T.);
#3915=EDGE_CURVE('',#1985,#1957,#1335,.T.);
#3917=EDGE_CURVE('',#1919,#1957,#1263,.T.);
#3919=EDGE_CURVE('',#1889,#1919,#1268,.T.);
#3921=EDGE_CURVE('',#1889,#1862,#1360,.T.);
#3923=EDGE_CURVE('',#1839,#1862,#1273,.T.);
#3926=EDGE_CURVE('',#1813,#1819,#1282,.T.);
#3931=EDGE_CURVE('',#1821,#1815,#1291,.T.);
#3944=EDGE_CURVE('',#1925,#1864,#1303,.T.);
#3955=B_SPLINE_CURVE_WITH_KNOTS('',3,(#3949,#3950,#3951,#3952,#3953,#3954),
.UNSPECIFIED.,.F.,.F.,(4,1,1,4),(0.E0,2.680080170043E-2,9.733873973093E-1,1.E0),
.UNSPECIFIED.);
#3962=EDGE_CURVE('',#1892,#1963,#1307,.T.);
#3975=EDGE_CURVE('',#1923,#1989,#1311,.T.);
#3987=EDGE_CURVE('',#1961,#1991,#1320,.T.);
#4000=EDGE_CURVE('',#2021,#1985,#1339,.T.);
#4011=EDGE_CURVE('',#2015,#1957,#1348,.T.);
#4027=EDGE_CURVE('',#1987,#1919,#1352,.T.);
#4038=B_SPLINE_CURVE_WITH_KNOTS('',3,(#4032,#4033,#4034,#4035,#4036,#4037),
.UNSPECIFIED.,.F.,.F.,(4,1,1,4),(0.E0,2.680929873604E-2,9.733791464160E-1,1.E0),
.UNSPECIFIED.);
#4045=EDGE_CURVE('',#1889,#1959,#1356,.T.);
#4058=EDGE_CURVE('',#1921,#1862,#1368,.T.);
#4069=B_SPLINE_CURVE_WITH_KNOTS('',3,(#4063,#4064,#4065,#4066,#4067,#4068),
.UNSPECIFIED.,.F.,.F.,(4,1,1,4),(0.E0,4.533092510633E-2,9.480697051926E-1,1.E0),
.UNSPECIFIED.);
#4146=EDGE_CURVE('',#2034,#2099,#1484,.T.);
#4171=EDGE_CURVE('',#2118,#2043,#1528,.T.);
#4210=EDGE_CURVE('',#1878,#2080,#1560,.T.);
#4212=EDGE_CURVE('',#1878,#1941,#1587,.T.);
#4214=EDGE_CURVE('',#1941,#1943,#1582,.T.);
#4227=EDGE_CURVE('',#1878,#1851,#1573,.T.);
#4243=EDGE_CURVE('',#1906,#1852,#1591,.T.);
#4245=EDGE_CURVE('',#1947,#1906,#1596,.T.);
#4247=EDGE_CURVE('',#1946,#1947,#1601,.T.);
#4258=EDGE_CURVE('',#2086,#1906,#1624,.T.);
#4319=EDGE_CURVE('',#2204,#2205,#1673,.T.);
#4323=EDGE_CURVE('',#2209,#2204,#1690,.T.);
#4334=EDGE_CURVE('',#2204,#2217,#1702,.T.);
#4336=EDGE_CURVE('',#2215,#2217,#1678,.T.);
#4338=EDGE_CURVE('',#2215,#2181,#1682,.T.);
#4340=EDGE_CURVE('',#2185,#2181,#1739,.T.);
#4343=EDGE_CURVE('',#2175,#2177,#1783,.T.);
#4356=EDGE_CURVE('',#2217,#2212,#1698,.T.);
#4368=EDGE_CURVE('',#2215,#2213,#1722,.T.);
#4384=EDGE_CURVE('',#2180,#2181,#1718,.T.);
#4389=EDGE_CURVE('',#2231,#2229,#1730,.T.);
#4391=EDGE_CURVE('',#2201,#2229,#1752,.T.);
#4393=EDGE_CURVE('',#2199,#2201,#1734,.T.);
#4416=EDGE_CURVE('',#2228,#2229,#1757,.T.);
#4420=EDGE_CURVE('',#2233,#2228,#1769,.T.);
#4430=EDGE_CURVE('',#2223,#2225,#1744,.T.);
#4435=EDGE_CURVE('',#2201,#2197,#1778,.T.);
#4439=EDGE_CURVE('',#2228,#2225,#1765,.T.);
#4452=EDGE_CURVE('',#2225,#2220,#1761,.T.);
#4507=(LENGTH_UNIT()NAMED_UNIT(*)SI_UNIT(.MILLI.,.METRE.));
#4509=(NAMED_UNIT(*)PLANE_ANGLE_UNIT()SI_UNIT($,.RADIAN.));
#4512=(NAMED_UNIT(*)SI_UNIT($,.STERADIAN.)SOLID_ANGLE_UNIT());
#4515=ADVANCED_BREP_SHAPE_REPRESENTATION('',(#4506),#4514);
#4522=PRODUCT_DEFINITION('design','',#4521,#4518);
#4523=PRODUCT_DEFINITION_SHAPE('','SHAPE FOR EMG_SUB_BOTTEM.',#4522);
#4524=SHAPE_DEFINITION_REPRESENTATION(#4523,#4515);
ENDSEC;
END-ISO-10303-21;
