500 0 1 0 
58 PRO/ENGINEER BY PARAMETRIC TECHNOLOGY CORPORATION, 2019010 8 ACIS 7.0 24
Mon Jan 27 14:01:30 2025 
1 0.010423234045815341 1e-10 
-0 body $-1 $1 $-1 $2 #
-1 lump $-1 $-1 $3 $0 #
-2 transform $-1 1 0 0 0 1 0 0 0 1 0 0 0 1 rotate no_reflect no_shear #
-3 shell $-1 $4 $-1 $5 $-1 $1 #
-4 shell $-1 $6 $-1 $7 $-1 $1 #
-5 face $-1 $8 $9 $3 $-1 $10 reversed single #
-6 shell $-1 $-1 $-1 $11 $-1 $1 #
-7 face $-1 $12 $13 $4 $-1 $14 reversed single #
-8 face $-1 $15 $16 $3 $-1 $17 reversed single #
-9 loop $-1 $-1 $18 $5 #
-10 cone-surface $-1 5.697769324404419 -29.941081640791904 8.7999999999999989 0
-1 0 1.5999999999999999 0 0 1 I I 0 1 1 forward I I I I #
-11 face $-1 $19 $20 $6 $-1 $21 reversed single #
-12 face $-1 $22 $23 $4 $-1 $24 reversed single #
-13 loop $-1 $-1 $25 $7 #
-14 plane-surface $-1 0 0 14.25 0 0 1 1 0 0 forward_v F 11.472685512502162 F
14.922853136306683 F 16.429270984199476 F 19.888565734216726 #
-15 face $-1 $26 $27 $3 $-1 $28 forward single #
-16 loop $-1 $-1 $29 $8 #
-17 cone-surface $-1 5.697769324404419 -29.941081640791904 8.7999999999999989 0
-1 0 1.5999999999999999 0 0 1 I I 0 1 1 forward I I I I #
-18 coedge $-1 $30 $31 $32 $33 forward $9 $-1 #
-19 face $-1 $34 $35 $6 $-1 $36 reversed single #
-20 loop $-1 $-1 $37 $11 #
-21 cone-surface $-1 13.197769324404423 -27.041081640791905 12.850000000000001
0 0 1 -1.5999999999999999 0 0 1 I I 0 1 1 forward I I I I #
-22 face $-1 $38 $39 $4 $-1 $40 reversed single #
-23 loop $-1 $-1 $41 $12 #
-24 cone-surface $-1 13.197769324404423 18.158918359208101 12.850000000000001 0
0 1 -1.5999999999999999 0 0 1 I I 0 1 1 forward I I I I #
-25 coedge $-1 $42 $42 $43 $44 reversed $13 $-1 #
-26 face $-1 $45 $46 $3 $-1 $47 reversed single #
-27 loop $-1 $48 $49 $15 #
-28 plane-surface $-1 -0.30223067559558103 15.058918359208093
12.850000000000001 0 -1 0 1 0 0 forward_v F -9.1719999999999651 F
36.17200000000004 F -12.43 F 4.7299999999999995 #
-29 coedge $-1 $50 $51 $52 $53 forward $16 $-1 #
-30 coedge $-1 $54 $18 $55 $56 reversed $9 $-1 #
-31 coedge $-1 $18 $54 $57 $58 forward $9 $-1 #
-32 coedge $-1 $59 $60 $18 $33 reversed $46 $-1 #
-33 edge $61 $62 0 $63 1 $32 $64 forward 7 unknown #
-34 face $-1 $65 $66 $6 $-1 $67 reversed single #
-35 loop $-1 $-1 $68 $19 #
-36 plane-surface $-1 0 0 14.25 0 0 1 1 0 0 forward_v F 11.472685512502162 F
14.922853136306683 F -28.77072901580053 F -25.311434265783284 #
-37 coedge $-1 $69 $70 $71 $72 forward $20 $-1 #
-38 face $-1 $-1 $73 $4 $-1 $74 forward single #
-39 loop $-1 $-1 $75 $22 #
-40 cone-surface $-1 13.197769324404423 18.158918359208101 12.850000000000001 0
0 1 -1.5999999999999999 0 0 1 I I 0 1 1 forward I I I I #
-41 coedge $-1 $76 $77 $78 $79 forward $23 $-1 #
-42 coedge $-1 $25 $25 $77 $80 reversed $13 $-1 #
-43 coedge $-1 $75 $78 $25 $44 forward $39 $-1 #
-44 edge $81 $82 0 $83 3.1415926535897931 $43 $84 forward 7 unknown #
-45 face $-1 $85 $86 $3 $-1 $87 reversed single #
-46 loop $-1 $-1 $88 $26 #
-47 cone-surface $-1 5.697769324404419 -29.941081640791904 8.7999999999999989 0
-1 0 1.5999999999999999 0 0 1 I I 0 1 1 forward I I I I #
-48 loop $-1 $89 $90 $15 #
-49 coedge $-1 $91 $92 $93 $94 forward $27 $-1 #
-50 coedge $-1 $95 $29 $96 $97 reversed $16 $-1 #
-51 coedge $-1 $29 $95 $98 $99 forward $16 $-1 #
-52 coedge $-1 $100 $101 $29 $53 reversed $86 $-1 #
-53 edge $102 $103 0 $104 1 $52 $105 forward 7 unknown #
-54 coedge $-1 $31 $30 $88 $106 reversed $9 $-1 #
-55 coedge $-1 $107 $107 $30 $56 forward $108 $-1 #
-56 edge $109 $110 0 $63 3.1415926535897909 $55 $111 forward 7 unknown #
-57 coedge $-1 $112 $112 $31 $58 reversed $89 $-1 #
-58 edge $113 $114 0 $62 3.1415926535897909 $57 $115 forward 7 unknown #
-59 coedge $-1 $88 $32 $112 $116 forward $46 $-1 #
-60 coedge $-1 $32 $88 $107 $117 reversed $46 $-1 #
-61 ptlist-eye-attrib $-1 $-1 $-1 $33 #
-62 vertex $-1 $58 $118 #
-63 vertex $-1 $56 $119 #
-64 straight-curve $-1 4.0977693244044184 15.058918359208095 8.7999999999999989
0 5.9999999999999947 0 F 0 F 1 #
-65 face $-1 $-1 $120 $6 $-1 $121 forward single #
-66 loop $-1 $-1 $122 $34 #
-67 cone-surface $-1 13.197769324404423 -27.041081640791905 12.850000000000001
0 0 1 -1.5999999999999999 0 0 1 I I 0 1 1 forward I I I I #
-68 coedge $-1 $123 $123 $124 $125 reversed $35 $-1 #
-69 coedge $-1 $126 $37 $127 $128 reversed $20 $-1 #
-70 coedge $-1 $37 $126 $123 $129 forward $20 $-1 #
-71 coedge $-1 $124 $130 $37 $72 reversed $66 $-1 #
-72 edge $131 $132 0 $133 1 $71 $134 forward 7 unknown #
-73 loop $-1 $-1 $135 $38 #
-74 plane-surface $-1 13.197769324404424 18.158918359208094 4.8499999999999996
0 0 1 1 0 0 forward_v F -1.7250838119022616 F 1.72508381190226 F
-1.725078391599812 F 1.7250783915998125 #
-75 coedge $-1 $136 $43 $137 $138 reversed $39 $-1 #
-76 coedge $-1 $137 $41 $139 $140 reversed $23 $-1 #
-77 coedge $-1 $41 $137 $42 $80 forward $23 $-1 #
-78 coedge $-1 $43 $136 $41 $79 reversed $39 $-1 #
-79 edge $141 $82 0 $142 1 $78 $143 forward 7 unknown #
-80 edge $144 $83 0 $82 3.1415926535897931 $77 $145 forward 7 unknown #
-81 ptlist-eye-attrib $-1 $-1 $-1 $44 #
-82 vertex $-1 $80 $146 #
-83 vertex $-1 $80 $147 #
-84 ellipse-curve $-1 13.197769324404423 18.158918359208101 14.250000000000002
0 0 1 1.5999999999999996 0 0 1 F 0 F 3.1415926535897931 #
-85 face $-1 $148 $149 $3 $-1 $150 forward single #
-86 loop $-1 $-1 $151 $45 #
-87 cone-surface $-1 5.697769324404419 -29.941081640791904 8.7999999999999989 0
-1 0 1.5999999999999999 0 0 1 I I 0 1 1 forward I I I I #
-88 coedge $-1 $60 $59 $54 $106 forward $46 $-1 #
-89 loop $-1 $-1 $112 $15 #
-90 coedge $-1 $152 $152 $153 $154 reversed $48 $-1 #
-91 coedge $-1 $155 $49 $156 $157 forward $27 $-1 #
-92 coedge $-1 $49 $158 $159 $160 forward $27 $-1 #
-93 coedge $-1 $161 $162 $49 $94 reversed $163 $-1 #
-94 edge $164 $165 0 $166 1 $93 $167 forward 7 unknown #
-95 coedge $-1 $51 $50 $151 $168 reversed $16 $-1 #
-96 coedge $-1 $169 $169 $50 $97 forward $170 $-1 #
-97 edge $171 $172 0 $104 3.1415926535897909 $96 $173 forward 7 unknown #
-98 coedge $-1 $174 $174 $51 $99 reversed $175 $-1 #
-99 edge $176 $177 0 $103 3.1415926535897909 $98 $178 forward 7 unknown #
-100 coedge $-1 $151 $52 $174 $179 forward $86 $-1 #
-101 coedge $-1 $52 $151 $169 $180 reversed $86 $-1 #
-102 ptlist-eye-attrib $-1 $-1 $-1 $53 #
-103 vertex $-1 $99 $181 #
-104 vertex $-1 $97 $182 #
-105 straight-curve $-1 4.0977693244044184 -29.9410816407919 8.7999999999999989
8.8817841970012523e-16 6 0 F 0 F 1 #
-106 edge $183 $114 0 $110 1 $88 $184 forward 7 unknown #
-107 coedge $-1 $55 $55 $60 $117 forward $108 $-1 #
-108 loop $-1 $-1 $107 $85 #
-109 ptlist-eye-attrib $-1 $-1 $-1 $56 #
-110 vertex $-1 $106 $185 #
-111 ellipse-curve $-1 5.697769324404419 21.058918359208096 8.7999999999999989
0 -1 0 1.5999999999999996 0 1.7763568394002505e-15 1 F 0 F 3.1415926535897909
#
-112 coedge $-1 $57 $57 $59 $116 reversed $89 $-1 #
-113 ptlist-eye-attrib $-1 $-1 $-1 $58 #
-114 vertex $-1 $58 $186 #
-115 ellipse-curve $-1 5.697769324404419 15.058918359208096 8.7999999999999989
0 -1 0 1.5999999999999996 0 1.7763568394002505e-15 1 F 0 F 3.1415926535897909
#
-116 edge $187 $62 0 $114 3.1415926535897953 $59 $188 forward 7 unknown #
-117 edge $189 $63 0 $110 3.1415926535897953 $107 $190 forward 7 unknown #
-118 point $-1 4.0977693244044193 15.058918359208096 8.8000000000000007 #
-119 point $-1 4.0977693244044193 21.058918359208096 8.8000000000000007 #
-120 loop $-1 $-1 $191 $65 #
-121 plane-surface $-1 13.197769324404424 -27.041081640791912
4.8499999999999996 0 0 1 1 0 0 forward_v F -1.7250838119022616 F
1.72508381190226 F -1.7250783915998127 F 1.7250783915998127 #
-122 coedge $-1 $130 $124 $126 $192 reversed $66 $-1 #
-123 coedge $-1 $68 $68 $70 $129 reversed $35 $-1 #
-124 coedge $-1 $122 $71 $68 $125 forward $66 $-1 #
-125 edge $193 $132 0 $194 3.1415926535897931 $124 $195 forward 7 unknown #
-126 coedge $-1 $70 $69 $122 $192 forward $20 $-1 #
-127 coedge $-1 $191 $191 $69 $128 forward $120 $-1 #
-128 edge $196 $197 0 $133 3.1415926535897842 $127 $198 forward 7 unknown #
-129 edge $199 $194 0 $132 3.1415926535897931 $123 $200 forward 7 unknown #
-130 coedge $-1 $71 $122 $191 $201 reversed $66 $-1 #
-131 ptlist-eye-attrib $-1 $-1 $-1 $72 #
-132 vertex $-1 $129 $202 #
-133 vertex $-1 $128 $203 #
-134 straight-curve $-1 14.797769324404422 -27.041081640791905
14.250000000000002 0 0 -9.4000000000000004 F 0 F 1 #
-135 coedge $-1 $139 $139 $136 $204 forward $73 $-1 #
-136 coedge $-1 $78 $75 $135 $204 reversed $39 $-1 #
-137 coedge $-1 $77 $76 $75 $138 forward $23 $-1 #
-138 edge $205 $206 0 $83 1 $75 $207 forward 7 unknown #
-139 coedge $-1 $135 $135 $76 $140 forward $73 $-1 #
-140 edge $208 $206 0 $142 3.1415926535897842 $139 $209 forward 7 unknown #
-141 ptlist-eye-attrib $-1 $-1 $-1 $79 #
-142 vertex $-1 $140 $210 #
-143 straight-curve $-1 14.797769324404422 18.158918359208101
14.250000000000002 0 -3.5527136788005009e-15 -9.4000000000000004 F 0 F 1 #
-144 ptlist-eye-attrib $-1 $-1 $-1 $80 #
-145 ellipse-curve $-1 13.197769324404423 18.158918359208101 14.250000000000002
0 0 1 -1.5999999999999996 0 0 1 F 0 F 3.1415926535897931 #
-146 point $-1 14.797769324404422 18.158918359208101 14.250000000000002 #
-147 point $-1 11.597769324404423 18.158918359208101 14.250000000000002 #
-148 face $-1 $211 $212 $3 $-1 $213 reversed single #
-149 loop $-1 $214 $215 $85 #
-150 plane-surface $-1 27.197769324404419 21.058918359208093 12.850000000000001
0 1 0 -1 0 0 forward_v F 3.6000000000000001 F 24.399999999999999 F
-9.5650000000000013 F 1.615 #
-151 coedge $-1 $101 $100 $95 $168 forward $86 $-1 #
-152 coedge $-1 $90 $90 $216 $217 reversed $48 $-1 #
-153 coedge $-1 $218 $219 $90 $154 forward $220 $-1 #
-154 edge $221 $222 0 $223 3.1415926535897953 $153 $224 forward 7 unknown #
-155 coedge $-1 $225 $91 $226 $227 forward $27 $-1 #
-156 coedge $-1 $228 $229 $91 $157 reversed $230 $-1 #
-157 edge $231 $166 0 $232 1 $156 $233 forward 7 unknown #
-158 coedge $-1 $92 $234 $235 $236 forward $27 $-1 #
-159 coedge $-1 $237 $238 $92 $160 reversed $239 $-1 #
-160 edge $240 $241 0 $165 1 $159 $242 forward 7 unknown #
-161 coedge $-1 $243 $93 $238 $244 reversed $163 $-1 #
-162 coedge $-1 $93 $245 $228 $246 forward $163 $-1 #
-163 loop $-1 $-1 $245 $247 #
-164 ptlist-eye-attrib $-1 $-1 $-1 $94 #
-165 vertex $-1 $160 $248 #
-166 vertex $-1 $157 $249 #
-167 straight-curve $-1 -0.30223067559558103 15.058918359208093
0.75000000000000111 27 -3.5527136788005009e-15 0 F 0 F 1 #
-168 edge $250 $177 0 $172 1 $151 $251 forward 7 unknown #
-169 coedge $-1 $96 $96 $101 $180 forward $170 $-1 #
-170 loop $-1 $-1 $169 $252 #
-171 ptlist-eye-attrib $-1 $-1 $-1 $97 #
-172 vertex $-1 $168 $253 #
-173 ellipse-curve $-1 5.697769324404419 -23.941081640791904 8.7999999999999989
0 -1 0 1.5999999999999996 0 1.7763568394002505e-15 1 F 0 F 3.1415926535897909
#
-174 coedge $-1 $98 $98 $100 $179 reversed $175 $-1 #
-175 loop $-1 $-1 $174 $254 #
-176 ptlist-eye-attrib $-1 $-1 $-1 $99 #
-177 vertex $-1 $99 $255 #
-178 ellipse-curve $-1 5.697769324404419 -29.941081640791904 8.7999999999999989
0 -1 0 1.5999999999999996 0 1.7763568394002505e-15 1 F 0 F 3.1415926535897909
#
-179 edge $256 $103 0 $177 3.1415926535897953 $174 $257 forward 7 unknown #
-180 edge $258 $104 0 $172 3.1415926535897953 $169 $259 forward 7 unknown #
-181 point $-1 4.0977693244044193 -29.941081640791904 8.8000000000000007 #
-182 point $-1 4.0977693244044193 -23.941081640791904 8.8000000000000007 #
-183 ptlist-eye-attrib $-1 $-1 $-1 $106 #
-184 straight-curve $-1 7.2977693244044186 15.058918359208095
8.7999999999999989 0 5.9999999999999947 0 F 0 F 1 #
-185 point $-1 7.2977693244044186 21.058918359208096 8.8000000000000007 #
-186 point $-1 7.2977693244044186 15.058918359208096 8.8000000000000007 #
-187 ptlist-eye-attrib $-1 $-1 $-1 $116 #
-188 ellipse-curve $-1 5.697769324404419 15.058918359208096 8.7999999999999989
0 -1 0 -1.5999999999999996 0 1.7763568394002505e-15 1 F 0 F 3.1415926535897953
#
-189 ptlist-eye-attrib $-1 $-1 $-1 $117 #
-190 ellipse-curve $-1 5.697769324404419 21.058918359208096 8.7999999999999989
0 -1 0 -1.5999999999999996 0 1.7763568394002505e-15 1 F 0 F 3.1415926535897953
#
-191 coedge $-1 $127 $127 $130 $201 forward $120 $-1 #
-192 edge $260 $197 0 $194 1 $122 $261 forward 7 unknown #
-193 ptlist-eye-attrib $-1 $-1 $-1 $125 #
-194 vertex $-1 $129 $262 #
-195 ellipse-curve $-1 13.197769324404423 -27.041081640791905
14.250000000000002 0 0 1 1.5999999999999996 0 0 1 F 0 F 3.1415926535897931 #
-196 ptlist-eye-attrib $-1 $-1 $-1 $128 #
-197 vertex $-1 $192 $263 #
-198 ellipse-curve $-1 13.197769324404423 -27.041081640791905
4.8500000000000023 0 0 1 -1.5999999999999996 -7.1054273576010019e-15 0 1 F 0 F
3.1415926535897842 #
-199 ptlist-eye-attrib $-1 $-1 $-1 $129 #
-200 ellipse-curve $-1 13.197769324404423 -27.041081640791905
14.250000000000002 0 0 1 -1.5999999999999996 0 0 1 F 0 F 3.1415926535897931 #
-201 edge $264 $133 0 $197 3.141592653589802 $191 $265 forward 7 unknown #
-202 point $-1 14.797769324404422 -27.041081640791905 14.250000000000002 #
-203 point $-1 14.797769324404422 -27.041081640791912 4.8500000000000023 #
-204 edge $266 $142 0 $206 3.141592653589802 $135 $267 forward 7 unknown #
-205 ptlist-eye-attrib $-1 $-1 $-1 $138 #
-206 vertex $-1 $138 $268 #
-207 straight-curve $-1 11.597769324404421 18.158918359208098
4.8500000000000014 0 3.5527136788005009e-15 9.4000000000000004 F 0 F 1 #
-208 ptlist-eye-attrib $-1 $-1 $-1 $140 #
-209 ellipse-curve $-1 13.197769324404423 18.158918359208101 4.8500000000000023
0 0 1 -1.5999999999999996 -7.1054273576010019e-15 0 1 F 0 F 3.1415926535897842
#
-210 point $-1 14.797769324404422 18.158918359208094 4.8500000000000023 #
-211 face $-1 $269 $270 $3 $-1 $271 reversed single #
-212 loop $-1 $-1 $272 $148 #
-213 cone-surface $-1 20.697769324404419 -29.941081640791904 8.7999999999999989
0 -1 0 1.5999999999999999 0 0 1 I I 0 1 1 forward I I I I #
-214 loop $-1 $108 $273 $85 #
-215 coedge $-1 $274 $275 $276 $277 reversed $149 $-1 #
-216 coedge $-1 $272 $278 $152 $217 forward $212 $-1 #
-217 edge $279 $223 0 $222 3.1415926535897909 $216 $280 forward 7 unknown #
-218 coedge $-1 $281 $153 $278 $282 forward $220 $-1 #
-219 coedge $-1 $153 $281 $272 $283 reversed $220 $-1 #
-220 loop $-1 $-1 $218 $269 #
-221 ptlist-eye-attrib $-1 $-1 $-1 $154 #
-222 vertex $-1 $217 $284 #
-223 vertex $-1 $217 $285 #
-224 ellipse-curve $-1 20.697769324404419 15.058918359208096 8.7999999999999989
0 -1 0 -1.6000000000000014 0 1.7763568394002505e-15 1 F 0 F 3.1415926535897953
#
-225 coedge $-1 $286 $155 $287 $288 forward $27 $-1 #
-226 coedge $-1 $289 $290 $155 $227 reversed $291 $-1 #
-227 edge $292 $232 0 $293 1 $226 $294 forward 7 unknown #
-228 coedge $-1 $295 $156 $162 $246 reversed $230 $-1 #
-229 coedge $-1 $156 $296 $289 $297 reversed $230 $-1 #
-230 loop $-1 $-1 $156 $298 #
-231 ptlist-eye-attrib $-1 $-1 $-1 $157 #
-232 vertex $-1 $227 $299 #
-233 straight-curve $-1 26.697769324404419 15.058918359208089
0.75000000000000111 0 3.5527136788005009e-15 14.999999999999998 F 0 F 1 #
-234 coedge $-1 $158 $286 $300 $301 reversed $27 $-1 #
-235 coedge $-1 $302 $303 $158 $236 reversed $304 $-1 #
-236 edge $305 $306 0 $241 1 $235 $307 forward 7 unknown #
-237 coedge $-1 $308 $159 $303 $309 reversed $239 $-1 #
-238 coedge $-1 $159 $310 $161 $244 forward $239 $-1 #
-239 loop $-1 $-1 $308 $311 #
-240 ptlist-eye-attrib $-1 $-1 $-1 $160 #
-241 vertex $-1 $160 $312 #
-242 straight-curve $-1 -0.30223067559558103 15.058918359208093 15.75 0 0
-14.999999999999998 F 0 F 1 #
-243 coedge $-1 $313 $161 $314 $315 forward $163 $-1 #
-244 edge $316 $317 0 $165 1 $161 $318 forward 7 unknown #
-245 coedge $-1 $162 $319 $320 $321 forward $163 $-1 #
-246 edge $322 $323 0 $166 1 $228 $324 forward 7 unknown #
-247 face $-1 $325 $163 $3 $-1 $326 forward single #
-248 point $-1 -0.30223067559558103 15.058918359208093 0.75000000000000111 #
-249 point $-1 26.697769324404419 15.058918359208089 0.75000000000000111 #
-250 ptlist-eye-attrib $-1 $-1 $-1 $168 #
-251 straight-curve $-1 7.2977693244044186 -29.9410816407919 8.7999999999999989
0 6 0 F 0 F 1 #
-252 face $-1 $298 $327 $3 $-1 $328 forward single #
-253 point $-1 7.2977693244044186 -23.941081640791904 8.8000000000000007 #
-254 face $-1 $329 $330 $3 $-1 $331 forward single #
-255 point $-1 7.2977693244044186 -29.941081640791904 8.8000000000000007 #
-256 ptlist-eye-attrib $-1 $-1 $-1 $179 #
-257 ellipse-curve $-1 5.697769324404419 -29.941081640791904 8.7999999999999989
0 -1 0 -1.5999999999999996 0 1.7763568394002505e-15 1 F 0 F 3.1415926535897953
#
-258 ptlist-eye-attrib $-1 $-1 $-1 $180 #
-259 ellipse-curve $-1 5.697769324404419 -23.941081640791904 8.7999999999999989
0 -1 0 -1.5999999999999996 0 1.7763568394002505e-15 1 F 0 F 3.1415926535897953
#
-260 ptlist-eye-attrib $-1 $-1 $-1 $192 #
-261 straight-curve $-1 11.597769324404421 -27.041081640791905
4.8500000000000014 0 0 9.4000000000000004 F 0 F 1 #
-262 point $-1 11.597769324404423 -27.041081640791905 14.250000000000002 #
-263 point $-1 11.597769324404423 -27.041081640791912 4.8500000000000023 #
-264 ptlist-eye-attrib $-1 $-1 $-1 $201 #
-265 ellipse-curve $-1 13.197769324404423 -27.041081640791905
4.8500000000000023 0 0 1 1.5999999999999996 -7.1054273576010019e-15 0 1 F 0 F
3.141592653589802 #
-266 ptlist-eye-attrib $-1 $-1 $-1 $204 #
-267 ellipse-curve $-1 13.197769324404423 18.158918359208101 4.8500000000000023
0 0 1 1.5999999999999996 -7.1054273576010019e-15 0 1 F 0 F 3.141592653589802 #
-268 point $-1 11.597769324404423 18.158918359208094 4.8500000000000023 #
-269 face $-1 $332 $220 $3 $-1 $333 reversed single #
-270 loop $-1 $-1 $334 $211 #
-271 cone-surface $-1 20.697769324404419 -29.941081640791904 8.7999999999999989
0 -1 0 1.5999999999999999 0 0 1 I I 0 1 1 forward I I I I #
-272 coedge $-1 $335 $216 $219 $283 forward $212 $-1 #
-273 coedge $-1 $336 $336 $281 $337 forward $214 $-1 #
-274 coedge $-1 $338 $215 $339 $340 forward $149 $-1 #
-275 coedge $-1 $215 $338 $341 $342 forward $149 $-1 #
-276 coedge $-1 $343 $344 $215 $277 forward $345 $-1 #
-277 edge $346 $347 0 $348 1 $276 $349 forward 7 unknown #
-278 coedge $-1 $216 $335 $218 $282 reversed $212 $-1 #
-279 ptlist-eye-attrib $-1 $-1 $-1 $217 #
-280 ellipse-curve $-1 20.697769324404419 15.058918359208096 8.7999999999999989
0 -1 0 1.6000000000000014 0 1.7763568394002505e-15 1 F 0 F 3.1415926535897909
#
-281 coedge $-1 $219 $218 $273 $337 reversed $220 $-1 #
-282 edge $350 $223 0 $351 1 $218 $352 forward 7 unknown #
-283 edge $353 $222 0 $354 1 $219 $355 forward 7 unknown #
-284 point $-1 19.097769324404418 15.058918359208096 8.8000000000000007 #
-285 point $-1 22.29776932440442 15.058918359208096 8.8000000000000007 #
-286 coedge $-1 $234 $225 $356 $357 reversed $27 $-1 #
-287 coedge $-1 $358 $359 $225 $288 reversed $360 $-1 #
-288 edge $361 $293 0 $362 1 $287 $363 forward 7 unknown #
-289 coedge $-1 $364 $226 $229 $297 forward $291 $-1 #
-290 coedge $-1 $226 $364 $358 $365 reversed $291 $-1 #
-291 loop $-1 $366 $289 $367 #
-292 ptlist-eye-attrib $-1 $-1 $-1 $227 #
-293 vertex $-1 $288 $368 #
-294 straight-curve $-1 26.697769324404419 15.058918359208093 15.75
8.3000000000000398 0 0 F 0 F 1 #
-295 coedge $-1 $369 $228 $370 $371 reversed $230 $-1 #
-296 coedge $-1 $229 $372 $373 $374 forward $230 $-1 #
-297 edge $375 $232 0 $376 1 $229 $377 forward 7 unknown #
-298 face $-1 $378 $230 $3 $-1 $379 forward single #
-299 point $-1 26.697769324404419 15.058918359208093 15.75 #
-300 coedge $-1 $380 $381 $234 $301 forward $382 $-1 #
-301 edge $383 $306 0 $384 1 $300 $385 forward 7 unknown #
-302 coedge $-1 $386 $235 $381 $387 reversed $304 $-1 #
-303 coedge $-1 $235 $386 $237 $309 forward $304 $-1 #
-304 loop $-1 $388 $302 $389 #
-305 ptlist-eye-attrib $-1 $-1 $-1 $236 #
-306 vertex $-1 $236 $390 #
-307 straight-curve $-1 -8.6022306755955462 15.058918359208093 15.75
8.2999999999999652 0 0 F 0 F 1 #
-308 coedge $-1 $391 $237 $392 $393 reversed $239 $-1 #
-309 edge $394 $395 0 $241 1 $237 $396 forward 7 unknown #
-310 coedge $-1 $238 $397 $398 $399 reversed $239 $-1 #
-311 face $-1 $247 $239 $3 $-1 $400 forward single #
-312 point $-1 -0.30223067559558103 15.058918359208093 15.75 #
-313 coedge $-1 $401 $243 $402 $403 forward $163 $-1 #
-314 coedge $-1 $398 $404 $243 $315 reversed $405 $-1 #
-315 edge $406 $317 0 $407 1.3330909045453541 $314 $408 forward 7 unknown #
-316 ptlist-eye-attrib $-1 $-1 $-1 $244 #
-317 vertex $-1 $244 $409 #
-318 straight-curve $-1 -0.30223067559558103 7.2673923883199976
0.75000000000000056 0 7.7915259708880917 5.5511151231257827e-16 F 0 F 1 #
-319 coedge $-1 $245 $410 $411 $412 forward $163 $-1 #
-320 coedge $-1 $413 $370 $245 $321 reversed $414 $-1 #
-321 edge $415 $416 0 $323 1.3426056027985964 $320 $417 forward 7 unknown #
-322 ptlist-eye-attrib $-1 $-1 $-1 $246 #
-323 vertex $-1 $246 $418 #
-324 straight-curve $-1 26.697769324404419 6.7673923883200686
0.75000000000000056 0 8.2915259708880242 5.5511151231257827e-16 F 0 F 1 #
-325 face $-1 $419 $420 $3 $-1 $421 reversed single #
-326 plane-surface $-1 13.197769324404419 -4.7974041042373301 0.75 0 0 1 1 0 0
forward_v F -14.039999999999999 F 14.039999999999999 F 10.42019089527915 F
20.041344651056519 #
-327 loop $-1 $422 $423 $252 #
-328 plane-surface $-1 26.697769324404419 -23.941081640791904
12.850000000000001 0 1 0 -1 0 0 forward_v F -9.1720000000000397 F
36.171999999999969 F -12.43 F 4.7299999999999995 #
-329 face $-1 $424 $425 $3 $-1 $426 forward single #
-330 loop $-1 $427 $428 $254 #
-331 plane-surface $-1 -0.80223067559558103 -29.941081640791904
12.850000000000001 0 -1 0 1 0 0 forward_v F 3.5999999999999996 F
24.399999999999999 F -9.5650000000000013 F 1.615 #
-332 face $-1 $254 $429 $3 $-1 $430 reversed single #
-333 cone-surface $-1 20.697769324404419 -29.941081640791904 8.7999999999999989
0 -1 0 1.5999999999999999 0 0 1 I I 0 1 1 forward I I I I #
-334 coedge $-1 $431 $432 $433 $434 forward $270 $-1 #
-335 coedge $-1 $278 $272 $336 $435 reversed $212 $-1 #
-336 coedge $-1 $273 $273 $335 $435 forward $214 $-1 #
-337 edge $436 $354 0 $351 3.1415926535897953 $281 $437 forward 7 unknown #
-338 coedge $-1 $275 $274 $438 $439 reversed $149 $-1 #
-339 coedge $-1 $440 $441 $274 $340 reversed $442 $-1 #
-340 edge $443 $347 0 $444 1 $339 $445 forward 7 unknown #
-341 coedge $-1 $446 $447 $275 $342 reversed $448 $-1 #
-342 edge $449 $450 0 $348 1 $341 $451 forward 7 unknown #
-343 coedge $-1 $452 $276 $447 $453 forward $345 $-1 #
-344 coedge $-1 $276 $454 $440 $455 reversed $345 $-1 #
-345 loop $-1 $-1 $456 $424 #
-346 ptlist-eye-attrib $-1 $-1 $-1 $277 #
-347 vertex $-1 $340 $457 #
-348 vertex $-1 $342 $458 #
-349 straight-curve $-1 23.197769324404419 21.058918359208093 14.25 -20 0 0 F 0
F 1 #
-350 ptlist-eye-attrib $-1 $-1 $-1 $282 #
-351 vertex $-1 $435 $459 #
-352 straight-curve $-1 22.297769324404417 15.058918359208095
8.7999999999999989 0 5.9999999999999947 0 F 0 F 1 #
-353 ptlist-eye-attrib $-1 $-1 $-1 $283 #
-354 vertex $-1 $435 $460 #
-355 straight-curve $-1 19.097769324404418 15.058918359208095
8.7999999999999989 0 5.9999999999999947 0 F 0 F 1 #
-356 coedge $-1 $461 $462 $286 $357 forward $463 $-1 #
-357 edge $464 $384 0 $362 1 $356 $465 forward 7 unknown #
-358 coedge $-1 $466 $287 $290 $365 forward $360 $-1 #
-359 coedge $-1 $287 $466 $461 $467 reversed $360 $-1 #
-360 loop $-1 $-1 $466 $468 #
-361 ptlist-eye-attrib $-1 $-1 $-1 $288 #
-362 vertex $-1 $357 $469 #
-363 straight-curve $-1 34.997769324404459 15.058918359208093 15.75 0 0 1.5 F 0
F 1 #
-364 coedge $-1 $290 $289 $470 $471 reversed $291 $-1 #
-365 edge $472 $293 0 $473 1 $358 $474 forward 7 unknown #
-366 loop $-1 $-1 $475 $367 #
-367 face $-1 $311 $291 $3 $-1 $476 forward single #
-368 point $-1 34.997769324404459 15.058918359208093 15.75 #
-369 coedge $-1 $477 $295 $478 $479 reversed $230 $-1 #
-370 coedge $-1 $320 $480 $295 $371 forward $414 $-1 #
-371 edge $481 $482 0 $323 1 $370 $483 forward 7 unknown #
-372 coedge $-1 $296 $484 $485 $486 reversed $230 $-1 #
-373 coedge $-1 $423 $470 $296 $374 reversed $327 $-1 #
-374 edge $487 $488 0 $376 1 $296 $489 forward 7 unknown #
-375 ptlist-eye-attrib $-1 $-1 $-1 $297 #
-376 vertex $-1 $471 $490 #
-377 straight-curve $-1 26.697769324404419 15.058918359208093 15.75 0 -39 0 F 0
F 1 #
-378 face $-1 $491 $492 $3 $-1 $493 forward single #
-379 plane-surface $-1 26.697769324404419 15.058918359208093 12.850000000000001
-1 0 0 0 -1 0 forward_v F -0.78000000000000003 F 39.780000000000001 F -12.4 F
3.1999999999999997 #
-380 coedge $-1 $494 $300 $462 $495 reversed $382 $-1 #
-381 coedge $-1 $300 $494 $302 $387 forward $382 $-1 #
-382 loop $-1 $-1 $300 $496 #
-383 ptlist-eye-attrib $-1 $-1 $-1 $301 #
-384 vertex $-1 $301 $497 #
-385 straight-curve $-1 -8.6022306755955462 15.058918359208093 15.75 0 0 1.5 F
0 F 1 #
-386 coedge $-1 $303 $302 $498 $499 reversed $304 $-1 #
-387 edge $500 $501 0 $306 1 $302 $502 forward 7 unknown #
-388 loop $-1 $-1 $503 $389 #
-389 face $-1 $367 $304 $3 $-1 $504 forward single #
-390 point $-1 -8.6022306755955462 15.058918359208093 15.75 #
-391 coedge $-1 $505 $308 $506 $507 forward $239 $-1 #
-392 coedge $-1 $498 $423 $308 $393 forward $327 $-1 #
-393 edge $508 $509 0 $395 1 $392 $510 forward 7 unknown #
-394 ptlist-eye-attrib $-1 $-1 $-1 $309 #
-395 vertex $-1 $309 $511 #
-396 straight-curve $-1 -0.30223067559558103 -23.9410816407919 15.75 0
38.999999999999993 0 F 0 F 1 #
-397 coedge $-1 $310 $512 $513 $514 forward $239 $-1 #
-398 coedge $-1 $515 $314 $310 $399 forward $405 $-1 #
-399 edge $516 $317 0 $517 1 $398 $518 forward 7 unknown #
-400 plane-surface $-1 -0.30223067559558103 -23.941081640791907
12.850000000000001 1 0 0 0 1 0 forward_v F -0.78000000000000358 F
39.780000000000001 F -12.4 F 3.1999999999999997 #
-401 coedge $-1 $519 $313 $520 $521 forward $163 $-1 #
-402 coedge $-1 $522 $523 $313 $403 reversed $524 $-1 #
-403 edge $525 $407 0 $526 1 $402 $527 forward 7 unknown #
-404 coedge $-1 $314 $515 $522 $528 forward $405 $-1 #
-405 loop $-1 $-1 $404 $529 #
-406 ptlist-eye-attrib $-1 $-1 $-1 $315 #
-407 vertex $-1 $403 $530 #
-408 ellipse-curve $-1 -0.51966879386340348 6.2913182801068217 0.75 0 0 -1
0.21743811826782244 0.97607410821317586 0 1 F 0 F 1.3330909045453541 #
-409 point $-1 -0.30223067559558103 7.2673923883199976 0.75000000000000056 #
-410 coedge $-1 $319 $531 $532 $533 forward $163 $-1 #
-411 coedge $-1 $534 $535 $319 $412 reversed $420 $-1 #
-412 edge $536 $537 0 $416 1 $411 $538 forward 7 unknown #
-413 coedge $-1 $480 $320 $535 $539 forward $414 $-1 #
-414 loop $-1 $-1 $370 $540 #
-415 ptlist-eye-attrib $-1 $-1 $-1 $321 #
-416 vertex $-1 $412 $541 #
-417 ellipse-curve $-1 26.905910689978523 5.7892936346469313 0.75 0 0 -1
-0.99982857632512889 0.018515344005992418 0 1 F 0 F 1.3426056027985964 #
-418 point $-1 26.697769324404419 6.7673923883200686 0.75000000000000056 #
-419 face $-1 $542 $543 $3 $-1 $544 forward single #
-420 loop $-1 $-1 $545 $325 #
-421 plane-surface $-1 25.943561812104381 7.8317126950066367 60.108007561625499
0.99982857632513134 -0.018515344006018803 0 -0.018515344006018803
-0.99982857632513134 0 forward_v F -0.12508381190226012 F 4.7874916962142482 F
58.386940016202217 F 60.98309137352777 #
-422 loop $-1 $170 $546 $252 #
-423 coedge $-1 $392 $373 $547 $548 reversed $327 $-1 #
-424 face $-1 $549 $550 $3 $-1 $551 reversed single #
-425 loop $-1 $-1 $552 $329 #
-426 cone-surface $-1 23.197769324404419 -24.941081640791904 36.107600000000048
0 0 -1 5 -3.5527136788005005e-15 0 1 I I 0 1 1 forward I I I I #
-427 loop $-1 $175 $553 $254 #
-428 coedge $-1 $554 $555 $556 $557 reversed $330 $-1 #
-429 loop $-1 $-1 $558 $332 #
-430 cone-surface $-1 20.697769324404419 -29.941081640791904 8.7999999999999989
0 -1 0 1.5999999999999999 0 0 1 I I 0 1 1 forward I I I I #
-431 coedge $-1 $559 $334 $560 $561 reversed $270 $-1 #
-432 coedge $-1 $334 $559 $562 $563 forward $270 $-1 #
-433 coedge $-1 $564 $565 $334 $434 reversed $429 $-1 #
-434 edge $566 $567 0 $568 1 $433 $569 forward 7 unknown #
-435 edge $570 $351 0 $354 3.1415926535897909 $335 $571 forward 7 unknown #
-436 ptlist-eye-attrib $-1 $-1 $-1 $337 #
-437 ellipse-curve $-1 20.697769324404419 21.058918359208096 8.7999999999999989
0 -1 0 -1.6000000000000014 0 1.7763568394002505e-15 1 F 0 F 3.1415926535897953
#
-438 coedge $-1 $572 $573 $338 $439 forward $574 $-1 #
-439 edge $575 $450 0 $444 1 $438 $576 forward 7 unknown #
-440 coedge $-1 $577 $339 $344 $455 forward $442 $-1 #
-441 coedge $-1 $339 $577 $572 $578 reversed $442 $-1 #
-442 loop $-1 $-1 $577 $579 #
-443 ptlist-eye-attrib $-1 $-1 $-1 $340 #
-444 vertex $-1 $439 $580 #
-445 straight-curve $-1 23.197769324404419 21.058918359208093 14.25 0 0 -10.75
F 0 F 1 #
-446 coedge $-1 $581 $341 $573 $582 reversed $448 $-1 #
-447 coedge $-1 $341 $581 $343 $453 reversed $448 $-1 #
-448 loop $-1 $-1 $341 $583 #
-449 ptlist-eye-attrib $-1 $-1 $-1 $342 #
-450 vertex $-1 $342 $584 #
-451 straight-curve $-1 3.197769324404419 21.058918359208093 3.5 0 0 10.75 F 0
F 1 #
-452 coedge $-1 $585 $343 $586 $587 forward $345 $-1 #
-453 edge $588 $348 0 $589 1.5707963267948959 $447 $590 forward 7 unknown #
-454 coedge $-1 $344 $591 $592 $593 forward $345 $-1 #
-455 edge $594 $347 0 $595 1.5707963267948959 $440 $596 forward 7 unknown #
-456 coedge $-1 $597 $585 $598 $599 forward $345 $-1 #
-457 point $-1 23.197769324404419 21.058918359208093 14.25 #
-458 point $-1 3.197769324404419 21.058918359208093 14.25 #
-459 point $-1 22.29776932440442 21.058918359208096 8.8000000000000007 #
-460 point $-1 19.097769324404418 21.058918359208096 8.8000000000000007 #
-461 coedge $-1 $600 $356 $359 $467 forward $463 $-1 #
-462 coedge $-1 $356 $600 $380 $495 forward $463 $-1 #
-463 loop $-1 $-1 $461 $601 #
-464 ptlist-eye-attrib $-1 $-1 $-1 $357 #
-465 straight-curve $-1 -8.6022306755955462 15.058918359208093 17.25
43.600000000000009 0 0 F 0 F 1 #
-466 coedge $-1 $359 $358 $602 $603 forward $360 $-1 #
-467 edge $604 $362 0 $605 1 $359 $606 forward 7 unknown #
-468 face $-1 $607 $360 $3 $-1 $608 forward single #
-469 point $-1 34.997769324404459 15.058918359208093 17.25 #
-470 coedge $-1 $373 $602 $364 $471 forward $327 $-1 #
-471 edge $609 $473 0 $376 1 $470 $610 forward 7 unknown #
-472 ptlist-eye-attrib $-1 $-1 $-1 $365 #
-473 vertex $-1 $365 $611 #
-474 straight-curve $-1 34.997769324404459 15.058918359208093 15.75 0 -39 0 F 0
F 1 #
-475 coedge $-1 $612 $612 $613 $614 reversed $366 $-1 #
-476 plane-surface $-1 0 0 15.75 0 0 1 1 0 0 forward_v F -9.4742306755955461 F
35.869769324404459 F -24.721081640791905 F 15.838918359208092 #
-477 coedge $-1 $615 $369 $616 $617 reversed $230 $-1 #
-478 coedge $-1 $618 $619 $369 $479 forward $620 $-1 #
-479 edge $621 $622 0 $482 0.018213880255476426 $369 $623 forward 7 unknown #
-480 coedge $-1 $370 $413 $618 $624 forward $414 $-1 #
-481 ptlist-eye-attrib $-1 $-1 $-1 $371 #
-482 vertex $-1 $624 $625 #
-483 straight-curve $-1 26.697769324404419 6.767392388320066 1.4816253567489934
0 2.6645352591003757e-15 -0.73162535674899287 F 0 F 1 #
-484 coedge $-1 $372 $626 $627 $628 reversed $230 $-1 #
-485 coedge $-1 $629 $547 $372 $486 forward $630 $-1 #
-486 edge $631 $488 0 $632 1 $372 $633 forward 7 unknown #
-487 ptlist-eye-attrib $-1 $-1 $-1 $374 #
-488 vertex $-1 $548 $634 #
-489 straight-curve $-1 26.697769324404419 -23.941081640791907
0.75000000000000111 0 0 14.999999999999998 F 0 F 1 #
-490 point $-1 26.697769324404419 -23.941081640791907 15.75 #
-491 face $-1 $635 $636 $3 $-1 $637 forward single #
-492 loop $-1 $-1 $638 $378 #
-493 plane-surface $-1 -1.5295893884481053 -20.718452134830279
3.7497962188927367 -0.018515344006018571 -0.99982857632513134
-6.8845629297532674e-15 1.2747005097546639e-16 6.8833827526759848e-15
-1.0000000000000002 forward_v F 2.3969587363839269 F 3.1248800307949973 F
27.870287748876283 F 28.35728219195072 #
-494 coedge $-1 $381 $380 $639 $640 reversed $382 $-1 #
-495 edge $641 $642 0 $384 1 $380 $643 forward 7 unknown #
-496 face $-1 $389 $382 $3 $-1 $644 forward single #
-497 point $-1 -8.6022306755955462 15.058918359208093 17.25 #
-498 coedge $-1 $639 $392 $386 $499 forward $327 $-1 #
-499 edge $645 $395 0 $501 1 $498 $646 forward 7 unknown #
-500 ptlist-eye-attrib $-1 $-1 $-1 $387 #
-501 vertex $-1 $387 $647 #
-502 straight-curve $-1 -8.6022306755955462 -23.9410816407919 15.75 0
38.999999999999993 0 F 0 F 1 #
-503 coedge $-1 $648 $648 $649 $650 reversed $388 $-1 #
-504 plane-surface $-1 0 0 15.75 0 0 1 1 0 0 forward_v F -9.4742306755955461 F
35.869769324404459 F -24.721081640791905 F 15.838918359208092 #
-505 coedge $-1 $651 $391 $652 $653 forward $239 $-1 #
-506 coedge $-1 $547 $654 $391 $507 reversed $630 $-1 #
-507 edge $655 $509 0 $656 1 $506 $657 forward 7 unknown #
-508 ptlist-eye-attrib $-1 $-1 $-1 $393 #
-509 vertex $-1 $507 $658 #
-510 straight-curve $-1 -0.30223067559558103 -23.941081640791907
0.75000000000000111 0 7.1054273576010019e-15 14.999999999999998 F 0 F 1 #
-511 point $-1 -0.30223067559558103 -23.9410816407919 15.75 #
-512 coedge $-1 $397 $659 $660 $661 reversed $239 $-1 #
-513 coedge $-1 $662 $663 $397 $514 reversed $664 $-1 #
-514 edge $665 $666 0 $517 0.018223140265808194 $513 $667 forward 7 unknown #
-515 coedge $-1 $404 $398 $663 $668 forward $405 $-1 #
-516 ptlist-eye-attrib $-1 $-1 $-1 $399 #
-517 vertex $-1 $399 $669 #
-518 straight-curve $-1 -0.30223067559558103 7.2673923883199976
0.75000000000000056 0 4.4408920985006262e-15 0.67119553193905979 F 0 F 1 #
-519 coedge $-1 $670 $401 $671 $672 reversed $163 $-1 #
-520 coedge $-1 $673 $674 $401 $521 reversed $675 $-1 #
-521 edge $676 $526 0 $677 0.79996659345610222 $520 $678 forward 7 unknown #
-522 coedge $-1 $679 $402 $404 $528 reversed $524 $-1 #
-523 coedge $-1 $402 $680 $673 $681 reversed $524 $-1 #
-524 loop $-1 $-1 $523 $682 #
-525 ptlist-eye-attrib $-1 $-1 $-1 $403 #
-526 vertex $-1 $521 $683 #
-527 straight-curve $-1 0.48015978246172791 6.3098336241128319 0.75
-0.02818294575729019 1.5218790708938092 2.3314683517128287e-15 F 0 F 1 #
-528 edge $684 $685 0 $407 1 $404 $686 forward 7 unknown #
-529 face $-1 $687 $405 $3 $-1 $688 forward single #
-530 point $-1 0.4801597824617273 6.3098336241128141 0.75 #
-531 coedge $-1 $410 $689 $690 $691 reversed $163 $-1 #
-532 coedge $-1 $692 $693 $410 $533 reversed $694 $-1 #
-533 edge $695 $696 0 $537 0.79996659345615284 $532 $697 forward 7 unknown #
-534 coedge $-1 $698 $411 $693 $699 reversed $420 $-1 #
-535 coedge $-1 $411 $700 $413 $539 reversed $420 $-1 #
-536 ptlist-eye-attrib $-1 $-1 $-1 $412 #
-537 vertex $-1 $412 $701 #
-538 straight-curve $-1 25.943561812104381 7.8317126950066474 0.75
-0.037479698450994192 -2.0239037163537059 0 F 0 F 1 #
-539 edge $702 $416 0 $703 1 $413 $704 forward 7 unknown #
-540 face $-1 $468 $414 $3 $-1 $705 forward single #
-541 point $-1 25.906082113653394 5.8078089786529237 0.75 #
-542 face $-1 $706 $707 $3 $-1 $708 forward single #
-543 loop $-1 $-1 $709 $419 #
-544 plane-surface $-1 13.197769324404419 -4.7974041042373301 0.75 0 0 1 1 0 0
forward_v F 12.508890441020633 F 13.625083811902261 F 5.4658483093792976 F
10.685982803282121 #
-545 coedge $-1 $700 $710 $711 $712 reversed $420 $-1 #
-546 coedge $-1 $560 $560 $565 $713 forward $422 $-1 #
-547 coedge $-1 $485 $506 $423 $548 forward $630 $-1 #
-548 edge $714 $509 0 $488 1 $423 $715 forward 7 unknown #
-549 face $-1 $716 $717 $3 $-1 $718 forward single #
-550 loop $-1 $345 $719 $424 #
-551 plane-surface $-1 0 0 14.25 0 0 1 1 0 0 forward_v F -26.322230675595545 F
52.717769324404458 F -33.281081640791903 F 36.398918359208096 #
-552 coedge $-1 $720 $721 $555 $722 forward $425 $-1 #
-553 coedge $-1 $562 $562 $564 $723 reversed $427 $-1 #
-554 coedge $-1 $724 $428 $725 $726 forward $330 $-1 #
-555 coedge $-1 $428 $724 $552 $722 reversed $330 $-1 #
-556 coedge $-1 $727 $597 $428 $557 forward $345 $-1 #
-557 edge $728 $729 0 $730 1 $556 $731 forward 7 unknown #
-558 coedge $-1 $565 $564 $559 $732 forward $429 $-1 #
-559 coedge $-1 $432 $431 $558 $732 reversed $270 $-1 #
-560 coedge $-1 $546 $546 $431 $561 forward $422 $-1 #
-561 edge $733 $734 0 $568 3.1415926535897909 $560 $735 forward 7 unknown #
-562 coedge $-1 $553 $553 $432 $563 reversed $427 $-1 #
-563 edge $736 $737 0 $567 3.1415926535897909 $562 $738 forward 7 unknown #
-564 coedge $-1 $558 $433 $553 $723 forward $429 $-1 #
-565 coedge $-1 $433 $558 $546 $713 reversed $429 $-1 #
-566 ptlist-eye-attrib $-1 $-1 $-1 $434 #
-567 vertex $-1 $563 $739 #
-568 vertex $-1 $561 $740 #
-569 straight-curve $-1 19.097769324404418 -29.9410816407919 8.7999999999999989
0 6 0 F 0 F 1 #
-570 ptlist-eye-attrib $-1 $-1 $-1 $435 #
-571 ellipse-curve $-1 20.697769324404419 21.058918359208096 8.7999999999999989
0 -1 0 1.6000000000000014 0 1.7763568394002505e-15 1 F 0 F 3.1415926535897909
#
-572 coedge $-1 $741 $438 $441 $578 forward $574 $-1 #
-573 coedge $-1 $438 $742 $446 $582 forward $574 $-1 #
-574 loop $-1 $-1 $742 $743 #
-575 ptlist-eye-attrib $-1 $-1 $-1 $439 #
-576 straight-curve $-1 3.197769324404419 21.058918359208093 3.5 20 0 0 F 0 F 1
#
-577 coedge $-1 $441 $440 $744 $745 forward $442 $-1 #
-578 edge $746 $444 0 $747 1.5707963267948966 $441 $748 forward 7 unknown #
-579 face $-1 $749 $442 $3 $-1 $750 forward single #
-580 point $-1 23.197769324404419 21.058918359208093 3.5 #
-581 coedge $-1 $447 $446 $751 $752 forward $448 $-1 #
-582 edge $753 $754 0 $450 1.5707963267948968 $446 $755 forward 7 unknown #
-583 face $-1 $756 $448 $3 $-1 $757 forward single #
-584 point $-1 3.197769324404419 21.058918359208093 3.5 #
-585 coedge $-1 $456 $452 $758 $759 forward $345 $-1 #
-586 coedge $-1 $751 $760 $452 $587 reversed $761 $-1 #
-587 edge $762 $589 0 $763 1 $586 $764 forward 7 unknown #
-588 ptlist-eye-attrib $-1 $-1 $-1 $453 #
-589 vertex $-1 $587 $765 #
-590 ellipse-curve $-1 3.1977693244044185 16.058918359208093 14.25 0 0 1
4.4408920985006262e-16 5 0 1 F 0 F 1.5707963267948959 #
-591 coedge $-1 $454 $766 $767 $768 forward $345 $-1 #
-592 coedge $-1 $769 $744 $454 $593 reversed $770 $-1 #
-593 edge $771 $772 0 $595 1 $592 $773 forward 7 unknown #
-594 ptlist-eye-attrib $-1 $-1 $-1 $455 #
-595 vertex $-1 $455 $774 #
-596 ellipse-curve $-1 23.197769324404419 16.058918359208093 14.25 0 0 -1 0 5 0
1 F 0 F 1.5707963267948959 #
-597 coedge $-1 $556 $456 $775 $776 reversed $345 $-1 #
-598 coedge $-1 $777 $778 $456 $599 reversed $761 $-1 #
-599 edge $779 $780 0 $781 1 $598 $782 forward 7 unknown #
-600 coedge $-1 $462 $461 $783 $784 forward $463 $-1 #
-601 face $-1 $496 $785 $3 $-1 $786 forward single #
-602 coedge $-1 $470 $783 $466 $603 reversed $327 $-1 #
-603 edge $787 $473 0 $605 1 $466 $788 forward 7 unknown #
-604 ptlist-eye-attrib $-1 $-1 $-1 $467 #
-605 vertex $-1 $784 $789 #
-606 straight-curve $-1 34.997769324404459 15.058918359208093 17.25 0 -39 0 F 0
F 1 #
-607 face $-1 $790 $791 $3 $-1 $792 forward single #
-608 plane-surface $-1 34.997769324404459 15.058918359208093 15.75 -1 0 0 0 -1
0 forward_v F -0.78000000000000003 F 39.780000000000001 F -0.12508381190226017
F 1.6250838119022601 #
-609 ptlist-eye-attrib $-1 $-1 $-1 $471 #
-610 straight-curve $-1 34.997769324404459 -23.941081640791907 15.75
-8.3000000000000398 0 0 F 0 F 1 #
-611 point $-1 34.997769324404459 -23.941081640791907 15.75 #
-612 coedge $-1 $475 $475 $793 $794 reversed $366 $-1 #
-613 coedge $-1 $795 $796 $475 $614 forward $797 $-1 #
-614 edge $798 $799 0 $800 3.1415926535897931 $613 $801 forward 7 unknown #
-615 coedge $-1 $802 $477 $803 $804 reversed $230 $-1 #
-616 coedge $-1 $805 $806 $477 $617 forward $707 $-1 #
-617 edge $807 $808 0 $622 1 $477 $809 forward 7 unknown #
-618 coedge $-1 $810 $478 $480 $624 reversed $620 $-1 #
-619 coedge $-1 $478 $810 $805 $811 reversed $620 $-1 #
-620 loop $-1 $-1 $810 $812 #
-621 ptlist-eye-attrib $-1 $-1 $-1 $479 #
-622 vertex $-1 $811 $813 #
-623 ellipse-curve $-1 26.697769324404419 -6.2410816407919043 -108.25 -1 0 0 0
11.007788158055675 109.95034606524607 1 F 0 F 0.018213880255476426 #
-624 edge $814 $703 0 $482 1.3459177978360994 $480 $815 forward 7 unknown #
-625 point $-1 26.697769324404419 6.767392388320066 1.4816253567489934 #
-626 coedge $-1 $484 $816 $817 $818 reversed $230 $-1 #
-627 coedge $-1 $819 $820 $484 $628 forward $492 $-1 #
-628 edge $821 $632 0 $822 1 $627 $823 forward 7 unknown #
-629 coedge $-1 $824 $485 $820 $825 reversed $630 $-1 #
-630 loop $-1 $-1 $485 $826 #
-631 ptlist-eye-attrib $-1 $-1 $-1 $486 #
-632 vertex $-1 $825 $827 #
-633 straight-curve $-1 26.697769324404419 -23.941081640791907
0.75000000000000111 0 2.6999006409088899 -8.8817841970012523e-16 F 0 F 1 #
-634 point $-1 26.697769324404419 -23.941081640791907 0.75000000000000111 #
-635 face $-1 $828 $829 $3 $-1 $830 reversed single #
-636 loop $-1 $-1 $831 $491 #
-637 cone-surface $-1 26.479498446864191 -20.236967493529271 3.7497962188927438
1.2747005097546637e-16 6.8833827526759706e-15 -1 -0.018515344006019063
-0.99982857632513067 -7.1054273576009971e-15 1 I I 0 1 1 forward I I I I #
-638 coedge $-1 $820 $819 $832 $833 reversed $492 $-1 #
-639 coedge $-1 $783 $498 $494 $640 forward $327 $-1 #
-640 edge $834 $501 0 $642 1 $639 $835 forward 7 unknown #
-641 ptlist-eye-attrib $-1 $-1 $-1 $495 #
-642 vertex $-1 $495 $836 #
-643 straight-curve $-1 -8.6022306755955462 -23.9410816407919 17.25 0
38.999999999999993 0 F 0 F 1 #
-644 plane-surface $-1 -8.6022306755955462 -23.941081640791904 15.75 1 0 0 0 1
0 forward_v F -0.78000000000000003 F 39.780000000000001 F -0.12508381190226017
F 1.6250838119022601 #
-645 ptlist-eye-attrib $-1 $-1 $-1 $499 #
-646 straight-curve $-1 -0.30223067559558103 -23.9410816407919 15.75
-8.2999999999999652 0 0 F 0 F 1 #
-647 point $-1 -8.6022306755955462 -23.9410816407919 15.75 #
-648 coedge $-1 $503 $503 $837 $838 reversed $388 $-1 #
-649 coedge $-1 $839 $840 $503 $650 forward $841 $-1 #
-650 edge $842 $843 0 $844 3.1415926535897931 $649 $845 forward 7 unknown #
-651 coedge $-1 $846 $505 $847 $848 forward $239 $-1 #
-652 coedge $-1 $849 $850 $505 $653 reversed $791 $-1 #
-653 edge $851 $656 0 $852 1 $652 $853 forward 7 unknown #
-654 coedge $-1 $506 $854 $849 $855 forward $630 $-1 #
-655 ptlist-eye-attrib $-1 $-1 $-1 $507 #
-656 vertex $-1 $653 $856 #
-657 straight-curve $-1 -0.30223067559558103 -23.941081640791911
0.75000000000000111 1.6653345369377348e-16 3.1999006409088295
-8.8817841970012523e-16 F 0 F 1 #
-658 point $-1 -0.30223067559558103 -23.941081640791911 0.75000000000000111 #
-659 coedge $-1 $512 $857 $858 $859 forward $239 $-1 #
-660 coedge $-1 $860 $861 $512 $661 forward $862 $-1 #
-661 edge $863 $666 0 $864 1 $660 $865 forward 7 unknown #
-662 coedge $-1 $866 $513 $861 $867 reversed $664 $-1 #
-663 coedge $-1 $513 $866 $515 $668 reversed $664 $-1 #
-664 loop $-1 $-1 $513 $868 #
-665 ptlist-eye-attrib $-1 $-1 $-1 $514 #
-666 vertex $-1 $514 $869 #
-667 ellipse-curve $-1 -0.30223067559558103 -6.2410816407919043 -108.25 -1 0 0
0 11.507788158055611 109.89913926737241 1 F 0 F 0.018223140265808194 #
-668 edge $870 $517 0 $685 1.3368408898432582 $515 $871 forward 7 unknown #
-669 point $-1 -0.30223067559558103 7.267392388320002 1.4211955319390603 #
-670 coedge $-1 $872 $519 $873 $874 forward $163 $-1 #
-671 coedge $-1 $875 $876 $519 $672 forward $877 $-1 #
-672 edge $878 $879 0 $677 1 $671 $880 forward 7 unknown #
-673 coedge $-1 $881 $520 $523 $681 forward $675 $-1 #
-674 coedge $-1 $520 $881 $875 $882 forward $675 $-1 #
-675 loop $-1 $-1 $673 $883 #
-676 ptlist-eye-attrib $-1 $-1 $-1 $521 #
-677 vertex $-1 $672 $884 #
-678 intcurve-curve $-1 forward { exactcur full nubs 3 open 2 0 3
0.79996659345610222 3 0.45197683670443772 7.8317126950066411
0.75000000000000233 0.4470396178140551 8.0983225150876006 0.75000000000000233
-0.20223067559558583 8.0254473043832508 0.75000000000000233
-0.20223067559557856 8.2921028355352853 0.75000000000000233 0 null_surface
null_surface nullbs nullbs I I 0 0 0 I I } I I #
-679 coedge $-1 $885 $522 $866 $886 forward $524 $-1 #
-680 coedge $-1 $523 $887 $888 $889 reversed $524 $-1 #
-681 edge $890 $526 0 $891 1 $673 $892 forward 7 unknown #
-682 face $-1 $893 $524 $3 $-1 $894 reversed single #
-683 point $-1 0.45197683670443772 7.8317126950066411 0.75000000000000233 #
-684 ptlist-eye-attrib $-1 $-1 $-1 $528 #
-685 vertex $-1 $668 $895 #
-686 straight-curve $-1 0.48015978246172741 6.309833624112839
1.5349011750394639 5.5511151231257827e-16 -7.9936057773011271e-15
-0.78490117503946388 F 0 F 1 #
-687 face $-1 $896 $897 $3 $-1 $898 forward single #
-688 cone-surface $-1 -0.51966879386340348 6.2913182801068217 -0.5 0 0 -1
0.21743811826782244 0.97607410821317586 0 1 I I 0 1 1 forward I I I I #
-689 coedge $-1 $531 $899 $900 $901 forward $163 $-1 #
-690 coedge $-1 $902 $903 $531 $691 forward $904 $-1 #
-691 edge $905 $696 0 $906 1 $690 $907 forward 7 unknown #
-692 coedge $-1 $908 $532 $903 $909 forward $694 $-1 #
-693 coedge $-1 $532 $908 $534 $699 forward $694 $-1 #
-694 loop $-1 $-1 $692 $910 #
-695 ptlist-eye-attrib $-1 $-1 $-1 $533 #
-696 vertex $-1 $533 $911 #
-697 intcurve-curve $-1 forward { exactcur full nubs 3 open 2 0 3
0.79996659345615284 3 26.597769324404418 8.2921028355353439 0.75
26.597769324404418 8.0254473043832935 0.75 25.948499030994764
8.0983225150876219 0.75 25.943561812104377 7.8317126950066456 0.75 0
null_surface null_surface nullbs nullbs I I 0 0 0 I I } I I #
-698 coedge $-1 $912 $534 $913 $914 reversed $420 $-1 #
-699 edge $915 $916 0 $537 1 $693 $917 forward 7 unknown #
-700 coedge $-1 $535 $545 $810 $918 reversed $420 $-1 #
-701 point $-1 25.943561812104381 7.8317126950066474 0.75 #
-702 ptlist-eye-attrib $-1 $-1 $-1 $539 #
-703 vertex $-1 $539 $919 #
-704 straight-curve $-1 25.90608211365339 5.8078089786529405 0.75
-3.5527136788005009e-15 0 0.84113179879682187 F 0 F 1 #
-705 cone-surface $-1 26.905910689978523 5.7892936346469313 -0.5 0 0 1
-0.20814136557410379 0.97809875367313737 0 1 I I 0 1 1 forward I I I I #
-706 face $-1 $920 $921 $3 $-1 $922 forward single #
-707 loop $-1 $-1 $711 $542 #
-708 cone-surface $-1 26.905090058654256 5.7449795431364592 1.8504346365252218
4.5367503738231389e-17 2.4498452018647795e-15 -1 -0.2073207342498371
-0.97827302587268861 -2.2204460492503107e-15 1 I I 0 1 1 forward I I I I #
-709 coedge $-1 $923 $924 $925 $926 reversed $543 $-1 #
-710 coedge $-1 $545 $912 $924 $927 reversed $420 $-1 #
-711 coedge $-1 $806 $805 $545 $712 forward $707 $-1 #
-712 edge $928 $929 0 $930 1 $711 $931 forward 7 unknown #
-713 edge $932 $568 0 $734 3.1415926535897953 $546 $933 forward 7 unknown #
-714 ptlist-eye-attrib $-1 $-1 $-1 $548 #
-715 straight-curve $-1 -0.30223067559558103 -23.941081640791907
0.75000000000000111 27 0 0 F 0 F 1 #
-716 face $-1 $934 $935 $3 $-1 $936 forward single #
-717 loop $-1 $-1 $937 $549 #
-718 plane-surface $-1 -24.802230675595546 -31.941081640791904 14.25 0 -1 0 1 0
0 forward_v F -1.52 F 77.519999999999996 F -0.19 F 9.6899999999999995 #
-719 coedge $-1 $938 $939 $940 $941 reversed $550 $-1 #
-720 coedge $-1 $942 $552 $943 $944 reversed $425 $-1 #
-721 coedge $-1 $552 $942 $727 $945 forward $425 $-1 #
-722 edge $946 $730 0 $947 1 $552 $948 forward 7 unknown #
-723 edge $949 $567 0 $737 3.1415926535897953 $553 $950 forward 7 unknown #
-724 coedge $-1 $555 $554 $951 $952 reversed $330 $-1 #
-725 coedge $-1 $775 $953 $554 $726 reversed $954 $-1 #
-726 edge $955 $729 0 $956 1 $725 $957 forward 7 unknown #
-727 coedge $-1 $766 $556 $721 $945 reversed $345 $-1 #
-728 ptlist-eye-attrib $-1 $-1 $-1 $557 #
-729 vertex $-1 $726 $958 #
-730 vertex $-1 $722 $959 #
-731 straight-curve $-1 3.1977693244044181 -29.9410816407919 14.25 20 0 0 F 0 F
1 #
-732 edge $960 $737 0 $734 1 $558 $961 forward 7 unknown #
-733 ptlist-eye-attrib $-1 $-1 $-1 $561 #
-734 vertex $-1 $732 $962 #
-735 ellipse-curve $-1 20.697769324404419 -23.941081640791904
8.7999999999999989 0 -1 0 1.6000000000000014 0 1.7763568394002505e-15 1 F 0 F
3.1415926535897909 #
-736 ptlist-eye-attrib $-1 $-1 $-1 $563 #
-737 vertex $-1 $563 $963 #
-738 ellipse-curve $-1 20.697769324404419 -29.941081640791904
8.7999999999999989 0 -1 0 1.6000000000000014 0 1.7763568394002505e-15 1 F 0 F
3.1415926535897909 #
-739 point $-1 19.097769324404418 -29.941081640791904 8.8000000000000007 #
-740 point $-1 19.097769324404418 -23.941081640791904 8.8000000000000007 #
-741 coedge $-1 $964 $572 $965 $966 reversed $574 $-1 #
-742 coedge $-1 $573 $967 $968 $969 reversed $574 $-1 #
-743 face $-1 $970 $574 $3 $-1 $971 forward single #
-744 coedge $-1 $592 $965 $577 $745 reversed $770 $-1 #
-745 edge $972 $595 0 $747 1 $577 $973 forward 7 unknown #
-746 ptlist-eye-attrib $-1 $-1 $-1 $578 #
-747 vertex $-1 $966 $974 #
-748 ellipse-curve $-1 23.197769324404419 16.058918359208093 3.5 0 0 -1 0 5 0 1
F 0 F 1.5707963267948966 #
-749 face $-1 $529 $862 $3 $-1 $975 forward single #
-750 cone-surface $-1 23.197769324404419 16.058918359208093 36.107600000000048
0 0 -1 0 5 0 1 I I 0 1 1 forward I I I I #
-751 coedge $-1 $968 $586 $581 $752 reversed $761 $-1 #
-752 edge $976 $754 0 $589 1 $581 $977 forward 7 unknown #
-753 ptlist-eye-attrib $-1 $-1 $-1 $582 #
-754 vertex $-1 $582 $978 #
-755 ellipse-curve $-1 3.1977693244044185 16.058918359208093 3.4999999999999964
0 0 -1 -5 0 0 1 F 0 F 1.5707963267948968 #
-756 face $-1 $579 $979 $3 $-1 $980 forward single #
-757 cone-surface $-1 3.1977693244044185 16.058918359208093 -21.607600000000083
0 0 1 4.4408920985006257e-16 5 0 1 I I 0 1 1 forward I I I I #
-758 coedge $-1 $981 $982 $585 $759 reversed $983 $-1 #
-759 edge $984 $763 0 $780 4.4918557194638344 $758 $985 forward 7 unknown #
-760 coedge $-1 $586 $986 $981 $987 reversed $761 $-1 #
-761 loop $-1 $-1 $760 $988 #
-762 ptlist-eye-attrib $-1 $-1 $-1 $587 #
-763 vertex $-1 $759 $989 #
-764 straight-curve $-1 -1.802230675595581 16.058918359208093 14.25 0
-17.877501000800773 0 F 0 F 1 #
-765 point $-1 -1.8022306755955815 16.058918359208096 14.25 #
-766 coedge $-1 $591 $727 $990 $991 forward $345 $-1 #
-767 coedge $-1 $992 $993 $591 $768 reversed $979 $-1 #
-768 edge $994 $995 0 $772 4.4918557194638797 $767 $996 forward 7 unknown #
-769 coedge $-1 $997 $592 $993 $998 forward $770 $-1 #
-770 loop $-1 $-1 $999 $1000 #
-771 ptlist-eye-attrib $-1 $-1 $-1 $593 #
-772 vertex $-1 $593 $1001 #
-773 straight-curve $-1 28.197769324404419 -1.8185826415927373 14.25 0
17.87750100080083 0 F 0 F 1 #
-774 point $-1 28.197769324404419 16.058918359208096 14.25 #
-775 coedge $-1 $1002 $725 $597 $776 forward $954 $-1 #
-776 edge $1003 $729 0 $781 1.5707963267948952 $775 $1004 forward 7 unknown #
-777 coedge $-1 $986 $598 $982 $1005 forward $761 $-1 #
-778 coedge $-1 $598 $1006 $1002 $1007 reversed $761 $-1 #
-779 ptlist-eye-attrib $-1 $-1 $-1 $599 #
-780 vertex $-1 $759 $1008 #
-781 vertex $-1 $776 $1009 #
-782 straight-curve $-1 -1.8022306755955804 -8.0635806399911321 14.25
-6.6613381477509392e-16 -16.877501000800777 0 F 0 F 1 #
-783 coedge $-1 $602 $639 $600 $784 reversed $327 $-1 #
-784 edge $1010 $605 0 $642 1 $783 $1011 forward 7 unknown #
-785 loop $-1 $463 $1012 $601 #
-786 plane-surface $-1 0 0 17.25 0 0 1 1 0 0 forward_v F -24.762230675595546 F
51.157769324404455 F -31.721081640791905 F 34.838918359208094 #
-787 ptlist-eye-attrib $-1 $-1 $-1 $603 #
-788 straight-curve $-1 34.997769324404459 -23.941081640791907 15.75 0 0 1.5 F
0 F 1 #
-789 point $-1 34.997769324404459 -23.941081640791907 17.25 #
-790 face $-1 $1013 $1014 $3 $-1 $1015 forward single #
-791 loop $-1 $-1 $652 $607 #
-792 plane-surface $-1 -1.5295893884481053 -20.718452134830279
3.7497962188927367 -0.018515344006018571 -0.99982857632513134
-6.8845629297532674e-15 1.2747005097546639e-16 6.8833827526759848e-15
-1.0000000000000002 forward_v F 2.330214057796868 F 3.1248800307949973 F
1.102485335364644 F 1.5433285003621613 #
-793 coedge $-1 $1016 $1017 $612 $794 forward $1018 $-1 #
-794 edge $1019 $800 0 $799 3.1415926535897931 $793 $1020 forward 7 unknown #
-795 coedge $-1 $1021 $613 $1017 $1022 forward $797 $-1 #
-796 coedge $-1 $613 $1021 $1016 $1023 forward $797 $-1 #
-797 loop $-1 $-1 $613 $1024 #
-798 ptlist-eye-attrib $-1 $-1 $-1 $614 #
-799 vertex $-1 $794 $1025 #
-800 vertex $-1 $794 $1026 #
-801 ellipse-curve $-1 30.697769324404458 -4.9410816407919071 15.75 0 0 1
-1.6000000000000014 0 0 1 F 0 F 3.1415926535897931 #
-802 coedge $-1 $1027 $615 $1028 $1029 reversed $230 $-1 #
-803 coedge $-1 $1030 $1031 $615 $804 forward $543 $-1 #
-804 edge $1032 $1033 0 $808 1 $615 $1034 forward 7 unknown #
-805 coedge $-1 $711 $616 $619 $811 forward $707 $-1 #
-806 coedge $-1 $616 $711 $1030 $1035 reversed $707 $-1 #
-807 ptlist-eye-attrib $-1 $-1 $-1 $617 #
-808 vertex $-1 $1035 $1036 #
-809 straight-curve $-1 26.697769324404419 4.7667065172637724
0.75000000000000888 0 -1.7763568394002505e-15 0.95034606524604492 F 0 F 1 #
-810 coedge $-1 $619 $618 $700 $918 forward $620 $-1 #
-811 edge $1037 $622 0 $929 1.3831728410090849 $619 $1038 forward 7 unknown #
-812 face $-1 $1039 $620 $3 $-1 $1040 forward single #
-813 point $-1 26.697769324404419 4.7667065172637706 1.7003460652460538 #
-814 ptlist-eye-attrib $-1 $-1 $-1 $624 #
-815 intcurve-curve $-1 forward { exactcur full nubs 3 open 9 0 3
0.19565598501478207 1 0.37251089985132935 1 0.53671295655326312 1
0.69500453239596371 1 0.85629166547935542 1 1.0195414758924244 1
1.1834488751904608 1 1.3459177978360994 3 25.906082113653387 5.8078089786529405
1.5911317987968219 25.907282461932787 5.8726277857405371 1.5840215778450573
25.92165416297961 5.9961526782397554 1.5703592930437804 25.974719216265751
6.1668310114481617 1.55119346781543 26.05021470670356 6.3150576005744012
1.5343327572079051 26.145430953816152 6.4451657702330571 1.5193676905588702
26.259992163041439 6.55843423403262 1.5062120327379644 26.393014756507799
6.652937365395462 1.4951439587875734 26.540106525174423 6.7247707048478906
1.4866749945645432 26.644815225421954 6.7561236504410278 1.4829612440427773
26.697769324404419 6.767392388320066 1.4816253567489934 0 null_surface
null_surface nullbs nullbs I I 0 0 0 I I } I I #
-816 coedge $-1 $626 $1041 $1042 $1043 reversed $230 $-1 #
-817 coedge $-1 $1044 $1045 $626 $818 forward $1046 $-1 #
-818 edge $1047 $822 0 $1048 0.027364493782584091 $626 $1049 forward 7 unknown
#
-819 coedge $-1 $638 $627 $1045 $1050 reversed $492 $-1 #
-820 coedge $-1 $627 $638 $629 $825 forward $492 $-1 #
-821 ptlist-eye-attrib $-1 $-1 $-1 $628 #
-822 vertex $-1 $818 $1051 #
-823 straight-curve $-1 26.697769324404419 -21.241180999883017
0.75000000000000022 0 -3.5527136788005009e-15 0.47715295538788438 F 0 F 1 #
-824 coedge $-1 $1052 $629 $1053 $1054 forward $630 $-1 #
-825 edge $1055 $1056 0 $632 1 $820 $1057 forward 7 unknown #
-826 face $-1 $252 $630 $3 $-1 $1058 forward single #
-827 point $-1 26.697769324404419 -21.241180999883017 0.75000000000000022 #
-828 face $-1 $1059 $1060 $3 $-1 $1061 forward single #
-829 loop $-1 $-1 $1062 $635 #
-830 plane-surface $-1 25.663803630114032 -10.275229132474045
60.108007561625499 0.99982857632513134 -0.018515344006018803 0
-0.018515344006018803 -0.99982857632513134 0 forward_v F -0.21335705308995492 F
10.881209707587704 F 57.953410307686703 F 60.983091373527756 #
-831 coedge $-1 $1053 $1063 $1064 $1065 forward $636 $-1 #
-832 coedge $-1 $1063 $1053 $638 $833 forward $636 $-1 #
-833 edge $1066 $1056 0 $1067 1 $832 $1068 forward 7 unknown #
-834 ptlist-eye-attrib $-1 $-1 $-1 $640 #
-835 straight-curve $-1 -8.6022306755955462 -23.9410816407919 15.75 0 0 1.5 F 0
F 1 #
-836 point $-1 -8.6022306755955498 -23.9410816407919 17.25 #
-837 coedge $-1 $1069 $1070 $648 $838 forward $1071 $-1 #
-838 edge $1072 $844 0 $843 3.1415926535897931 $837 $1073 forward 7 unknown #
-839 coedge $-1 $1074 $649 $1070 $1075 forward $841 $-1 #
-840 coedge $-1 $649 $1074 $1069 $1076 forward $841 $-1 #
-841 loop $-1 $-1 $649 $1077 #
-842 ptlist-eye-attrib $-1 $-1 $-1 $650 #
-843 vertex $-1 $838 $1078 #
-844 vertex $-1 $838 $1079 #
-845 ellipse-curve $-1 -4.3022306755955464 -4.9410816407919071 15.75 0 0 1
-1.5999999999999996 0 0 1 F 0 F 3.1415926535897931 #
-846 coedge $-1 $1080 $651 $1081 $1082 forward $239 $-1 #
-847 coedge $-1 $1083 $1084 $651 $848 reversed $1085 $-1 #
-848 edge $1086 $852 0 $1087 0.027349430558373408 $847 $1088 forward 7 unknown
#
-849 coedge $-1 $1089 $652 $654 $855 reversed $791 $-1 #
-850 coedge $-1 $652 $1089 $1083 $1090 reversed $791 $-1 #
-851 ptlist-eye-attrib $-1 $-1 $-1 $653 #
-852 vertex $-1 $848 $1091 #
-853 straight-curve $-1 -0.30223067559558087 -20.741180999883085
0.75000000000000022 -5.5511151231257827e-17 0 0.54449834919361506 F 0 F 1 #
-854 coedge $-1 $654 $1092 $1093 $1094 forward $630 $-1 #
-855 edge $1095 $1096 0 $656 1 $849 $1097 forward 7 unknown #
-856 point $-1 -0.30223067559558087 -20.741180999883081 0.75000000000000022 #
-857 coedge $-1 $659 $1098 $1099 $1100 reversed $239 $-1 #
-858 coedge $-1 $1101 $1102 $659 $859 reversed $1103 $-1 #
-859 edge $1104 $1105 0 $864 1 $858 $1106 forward 7 unknown #
-860 coedge $-1 $1107 $660 $1102 $1108 reversed $862 $-1 #
-861 coedge $-1 $660 $1107 $662 $867 forward $862 $-1 #
-862 loop $-1 $-1 $660 $749 #
-863 ptlist-eye-attrib $-1 $-1 $-1 $661 #
-864 vertex $-1 $661 $1109 #
-865 straight-curve $-1 -0.30223067559558103 5.266706517263704
1.6491392673724041 0 4.4408920985006262e-15 -0.89913926737239458 F 0 F 1 #
-866 coedge $-1 $663 $662 $679 $886 reversed $664 $-1 #
-867 edge $1110 $1111 0 $666 1.3741618846859411 $861 $1112 forward 7 unknown #
-868 face $-1 $1113 $664 $3 $-1 $1114 forward single #
-869 point $-1 -0.30223067559558103 5.2667065172637049 1.6491392673724041 #
-870 ptlist-eye-attrib $-1 $-1 $-1 $668 #
-871 intcurve-curve $-1 forward { exactcur full nubs 3 open 9 0 3
0.16097339949220837 1 0.32356734195979897 1 0.48560182961371123 1
0.64568726523598996 1 0.80291690203454746 1 0.96611421068635106 1
1.1420143744127422 1 1.3368408898432582 3 -0.30223067559558103
7.267392388320002 1.4211955319390603 -0.24987546022092066 7.2557293194845709
1.4226321011466723 -0.14636267555103241 7.2237432883607084 1.4265685361906937
-0.0010379865974035202 7.1514479229198678 1.4354252804851284
0.13036110561261433 7.0568985918677649 1.4469343346456609 0.24351519344096426
6.9439448481995214 1.4605737816128714 0.3375811651494352 6.8144318186565611
1.476067382283043 0.41221337296344762 6.6669877201731644 1.4935193812287124
0.46472761290639053 6.4972123371291035 1.5133681222172692 0.47896513465149032
6.3743446058656392 1.5275261001706137 0.4801597824617273 6.3098336241128381
1.5349011750394639 0 null_surface null_surface nullbs nullbs I I 0 0 0 I I } I
I #
-872 coedge $-1 $1115 $670 $1116 $1117 forward $163 $-1 #
-873 coedge $-1 $1118 $1119 $670 $874 reversed $1120 $-1 #
-874 edge $1121 $879 0 $1122 1.5153929597868452 $873 $1123 forward 7 unknown #
-875 coedge $-1 $1124 $671 $674 $882 reversed $877 $-1 #
-876 coedge $-1 $671 $1124 $1118 $1125 reversed $877 $-1 #
-877 loop $-1 $-1 $875 $1126 #
-878 ptlist-eye-attrib $-1 $-1 $-1 $672 #
-879 vertex $-1 $874 $1127 #
-880 straight-curve $-1 -0.20223067559552771 12.058918359208102
0.74999999999999523 -5.084821452783217e-14 -3.7668155236728165
7.1054273576010019e-15 F 0 F 1 #
-881 coedge $-1 $674 $673 $1128 $1129 reversed $675 $-1 #
-882 edge $1130 $1131 0 $677 1 $875 $1132 forward 7 unknown #
-883 face $-1 $1126 $675 $3 $-1 $1133 reversed single #
-884 point $-1 -0.20223067559557872 8.2921028355352853 0.75000000000000233 #
-885 coedge $-1 $1134 $679 $1107 $1135 reversed $524 $-1 #
-886 edge $1136 $685 1.4569677305282724 $1111 1.4574080229247348 $679 $1137
forward 7 unknown #
-887 coedge $-1 $680 $1134 $1138 $1139 forward $524 $-1 #
-888 coedge $-1 $1140 $1128 $680 $889 forward $1141 $-1 #
-889 edge $1142 $891 0 $1143 1 $888 $1144 forward 7 unknown #
-890 ptlist-eye-attrib $-1 $-1 $-1 $681 #
-891 vertex $-1 $889 $1145 #
-892 straight-curve $-1 0.45197683670443772 7.8317126950066411
0.75000000000000233 -4.4408920985006262e-16 2.6645352591003757e-15
-1.4999999999999976 F 0 F 1 #
-893 face $-1 $1146 $1147 $3 $-1 $1148 reversed single #
-894 plane-surface $-1 0.51850417768873847 4.23923628185414 60.108007561625499
-0.99982857632513134 -0.018515344006019934 0 -0.018515344006019934
0.99982857632513134 0 forward_v F -1.194399341966244 F 3.7181761661502652 F
58.442507143609816 F 60.98309137352777 #
-895 point $-1 0.4801597824617273 6.3098336241128381 1.5349011750394639 #
-896 face $-1 $1149 $1150 $3 $-1 $1151 forward single #
-897 loop $-1 $-1 $1152 $687 #
-898 plane-surface $-1 43.197769324404454 33.558918359208093 17.25 -1 0 0 0 -1
0 forward_v F -0.13 F 6.6299999999999999 F -0.12508381190226017 F
5.1250838119022601 #
-899 coedge $-1 $689 $1153 $1154 $1155 forward $163 $-1 #
-900 coedge $-1 $1156 $1157 $689 $901 reversed $1158 $-1 #
-901 edge $1159 $1160 0 $906 1.5153929597879308 $900 $1161 forward 7 unknown #
-902 coedge $-1 $1162 $690 $1157 $1163 reversed $904 $-1 #
-903 coedge $-1 $690 $1162 $692 $909 reversed $904 $-1 #
-904 loop $-1 $-1 $902 $1164 #
-905 ptlist-eye-attrib $-1 $-1 $-1 $691 #
-906 vertex $-1 $691 $1165 #
-907 straight-curve $-1 26.597769324404425 8.2921028355353457 0.75
-1.0658141036401503e-14 3.7668155236727081 0 F 0 F 1 #
-908 coedge $-1 $693 $692 $1166 $1167 reversed $694 $-1 #
-909 edge $1168 $696 0 $1169 1 $692 $1170 forward 7 unknown #
-910 face $-1 $1171 $694 $3 $-1 $1172 reversed single #
-911 point $-1 26.597769324404418 8.2921028355353439 0.75 #
-912 coedge $-1 $710 $698 $1173 $1174 forward $420 $-1 #
-913 coedge $-1 $1166 $1175 $698 $914 forward $1141 $-1 #
-914 edge $1176 $1177 0 $916 1 $913 $1178 forward 7 unknown #
-915 ptlist-eye-attrib $-1 $-1 $-1 $699 #
-916 vertex $-1 $914 $1179 #
-917 straight-curve $-1 25.943561812104377 7.8317126950066553 -0.75 0
-9.7699626167013776e-15 1.5 F 0 F 1 #
-918 edge $1180 $703 1.4615393540677335 $929 1.4619427831974032 $810 $1181
forward 7 unknown #
-919 point $-1 25.906082113653387 5.8078089786529405 1.5911317987968219 #
-920 face $-1 $868 $1085 $3 $-1 $1182 forward single #
-921 loop $-1 $-1 $1183 $706 #
-922 cone-surface $-1 -0.30223067559558103 -6.2410816407919043 -108.25 1 0 0 0
110.5 0 1 I I 0 1 1 forward I I I I #
-923 coedge $-1 $1031 $709 $1184 $1185 forward $543 $-1 #
-924 coedge $-1 $709 $1030 $710 $927 forward $543 $-1 #
-925 coedge $-1 $1173 $1186 $709 $926 forward $1187 $-1 #
-926 edge $1188 $1189 0 $1190 1 $925 $1191 forward 7 unknown #
-927 edge $1192 $930 0 $1190 1 $924 $1193 forward 7 unknown #
-928 ptlist-eye-attrib $-1 $-1 $-1 $712 #
-929 vertex $-1 $918 $1194 #
-930 vertex $-1 $927 $1195 #
-931 straight-curve $-1 25.905261482329127 5.7634948871424898
1.5959837335210303 0 6.2172489379008766e-15 -0.8459837335210213 F 0 F 1 #
-932 ptlist-eye-attrib $-1 $-1 $-1 $713 #
-933 ellipse-curve $-1 20.697769324404419 -23.941081640791904
8.7999999999999989 0 -1 0 -1.6000000000000014 0 1.7763568394002505e-15 1 F 0 F
3.1415926535897953 #
-934 face $-1 $1196 $1197 $3 $-1 $1198 forward single #
-935 loop $-1 $-1 $1199 $716 #
-936 plane-surface $-1 -24.802230675595546 35.058918359208093 14.25 -1 0 0 0 -1
0 forward_v F -1.3400000000000001 F 68.340000000000003 F -0.19 F
9.6899999999999995 #
-937 coedge $-1 $1200 $1201 $939 $1202 forward $717 $-1 #
-938 coedge $-1 $1203 $719 $1204 $1205 reversed $550 $-1 #
-939 coedge $-1 $719 $1203 $937 $1202 reversed $550 $-1 #
-940 coedge $-1 $1206 $1207 $719 $941 forward $935 $-1 #
-941 edge $1208 $1209 0 $1210 1 $940 $1211 forward 7 unknown #
-942 coedge $-1 $721 $720 $1212 $1213 reversed $425 $-1 #
-943 coedge $-1 $951 $1214 $720 $944 forward $1215 $-1 #
-944 edge $1216 $1217 0 $947 1.5707963267948966 $943 $1218 forward 7 unknown #
-945 edge $1219 $1220 0 $730 1.5707963267948959 $727 $1221 forward 7 unknown #
-946 ptlist-eye-attrib $-1 $-1 $-1 $722 #
-947 vertex $-1 $722 $1222 #
-948 straight-curve $-1 23.197769324404419 -29.9410816407919 14.25 0 0 -10.75 F
0 F 1 #
-949 ptlist-eye-attrib $-1 $-1 $-1 $723 #
-950 ellipse-curve $-1 20.697769324404419 -29.941081640791904
8.7999999999999989 0 -1 0 -1.6000000000000014 0 1.7763568394002505e-15 1 F 0 F
3.1415926535897953 #
-951 coedge $-1 $1223 $943 $724 $952 forward $1215 $-1 #
-952 edge $1224 $947 0 $956 1 $951 $1225 forward 7 unknown #
-953 coedge $-1 $725 $1002 $1223 $1226 reversed $954 $-1 #
-954 loop $-1 $-1 $1002 $1227 #
-955 ptlist-eye-attrib $-1 $-1 $-1 $726 #
-956 vertex $-1 $952 $1228 #
-957 straight-curve $-1 3.1977693244044181 -29.9410816407919 14.25
8.8817841970012523e-16 0 -10.75 F 0 F 1 #
-958 point $-1 3.1977693244044181 -29.9410816407919 14.25 #
-959 point $-1 23.197769324404419 -29.9410816407919 14.25 #
-960 ptlist-eye-attrib $-1 $-1 $-1 $732 #
-961 straight-curve $-1 22.297769324404417 -29.9410816407919 8.7999999999999989
0 6 0 F 0 F 1 #
-962 point $-1 22.29776932440442 -23.941081640791904 8.8000000000000007 #
-963 point $-1 22.29776932440442 -29.941081640791904 8.8000000000000007 #
-964 coedge $-1 $1229 $741 $1230 $1231 forward $574 $-1 #
-965 coedge $-1 $744 $1232 $741 $966 forward $770 $-1 #
-966 edge $1233 $1234 0 $747 1 $965 $1235 forward 7 unknown #
-967 coedge $-1 $742 $1229 $1236 $1237 forward $574 $-1 #
-968 coedge $-1 $1238 $751 $742 $969 forward $761 $-1 #
-969 edge $1239 $754 0 $1240 1 $968 $1241 forward 7 unknown #
-970 face $-1 $1242 $1243 $3 $-1 $1244 forward single #
-971 plane-surface $-1 -1.802230675595581 21.058918359208093 3.5 0 0 1 1 0 0
forward_v F -0.59999999999999998 F 30.600000000000001 F -5.1399999999999997 F
2.1400000000000001 #
-972 ptlist-eye-attrib $-1 $-1 $-1 $745 #
-973 straight-curve $-1 28.197769324404419 16.058918359208093 14.25 0 0 -10.75
F 0 F 1 #
-974 point $-1 28.197769324404419 16.058918359208093 3.5 #
-975 cone-surface $-1 -0.51877363326681447 6.2429796078910158
1.8504346365251667 4.5367503738234162e-17 -2.4498452018647795e-15 1
0.21654295767123344 -0.97627309062730916 -2.2204460492503166e-15 1 I I 0 1 1
forward I I I I #
-976 ptlist-eye-attrib $-1 $-1 $-1 $752 #
-977 straight-curve $-1 -1.802230675595581 16.058918359208093 3.5 0 0 10.75 F 0
F 1 #
-978 point $-1 -1.8022306755955815 16.058918359208093 3.4999999999999964 #
-979 loop $-1 $-1 $993 $756 #
-980 cone-surface $-1 30.697769324404454 -4.9410816407919071 14.25 0 0 -1 -4 0
0 1 I I 0 1 1 forward I I I I #
-981 coedge $-1 $1245 $758 $760 $987 forward $983 $-1 #
-982 coedge $-1 $758 $1245 $777 $1005 reversed $983 $-1 #
-983 loop $-1 $-1 $981 $1246 #
-984 ptlist-eye-attrib $-1 $-1 $-1 $759 #
-985 ellipse-curve $-1 -4.3022306755955464 -4.9410816407919071 14.25 0 0 1
2.4999999999999654 3.1224989991992267 0 1 F 0 F 4.4918557194638344 #
-986 coedge $-1 $760 $777 $1247 $1248 forward $761 $-1 #
-987 edge $1249 $763 0 $1250 1 $981 $1251 forward 7 unknown #
-988 face $-1 $1246 $761 $3 $-1 $1252 forward single #
-989 point $-1 -1.802230675595581 -1.8185826415926805 14.25 #
-990 coedge $-1 $1212 $999 $766 $991 reversed $770 $-1 #
-991 edge $1253 $1220 0 $995 1 $990 $1254 forward 7 unknown #
-992 coedge $-1 $1255 $767 $999 $1256 forward $979 $-1 #
-993 coedge $-1 $767 $1255 $769 $998 reversed $979 $-1 #
-994 ptlist-eye-attrib $-1 $-1 $-1 $768 #
-995 vertex $-1 $768 $1257 #
-996 ellipse-curve $-1 30.697769324404454 -4.9410816407919071 14.25 0 0 1
-2.5000000000000355 -3.1224989991991698 0 1 F 0 F 4.4918557194638797 #
-997 coedge $-1 $999 $769 $1258 $1259 reversed $770 $-1 #
-998 edge $1260 $772 0 $1261 1 $993 $1262 forward 7 unknown #
-999 coedge $-1 $990 $997 $992 $1256 reversed $770 $-1 #
-1000 face $-1 $1263 $770 $3 $-1 $1264 forward single #
-1001 point $-1 28.197769324404419 -1.8185826415927373 14.25 #
-1002 coedge $-1 $953 $775 $778 $1007 forward $954 $-1 #
-1003 ptlist-eye-attrib $-1 $-1 $-1 $776 #
-1004 ellipse-curve $-1 3.1977693244044185 -24.941081640791904 14.25 0 0 -1 0
-5 0 1 F 0 F 1.5707963267948952 #
-1005 edge $1265 $780 0 $1266 1 $982 $1267 forward 7 unknown #
-1006 coedge $-1 $778 $1268 $1269 $1270 forward $761 $-1 #
-1007 edge $1271 $781 0 $1272 1 $1002 $1273 forward 7 unknown #
-1008 point $-1 -1.8022306755955804 -8.0635806399911321 14.25 #
-1009 point $-1 -1.8022306755955815 -24.941081640791911 14.25 #
-1010 ptlist-eye-attrib $-1 $-1 $-1 $784 #
-1011 straight-curve $-1 34.997769324404459 -23.941081640791907 17.25
-43.600000000000009 7.1054273576010019e-15 0 F 0 F 1 #
-1012 coedge $-1 $1274 $1275 $1276 $1277 reversed $785 $-1 #
-1013 face $-1 $1278 $1279 $3 $-1 $1280 forward single #
-1014 loop $-1 $-1 $1281 $790 #
-1015 cone-surface $-1 -0.093072476698540463 -19.744882846796887
31.928901890259127 1.27557508986435e-16 -6.8881054852678694e-15 1
0.70710678118654846 -0.70710678118654657 0 1 I I 0 1 1 forward I I I I #
-1016 coedge $-1 $1282 $793 $796 $1023 reversed $1018 $-1 #
-1017 coedge $-1 $793 $1282 $795 $1022 reversed $1018 $-1 #
-1018 loop $-1 $-1 $793 $1283 #
-1019 ptlist-eye-attrib $-1 $-1 $-1 $794 #
-1020 ellipse-curve $-1 30.697769324404458 -4.9410816407919071 15.75 0 0 1
1.5999999999999979 0 0 1 F 0 F 3.1415926535897931 #
-1021 coedge $-1 $796 $795 $1284 $1285 reversed $797 $-1 #
-1022 edge $1286 $800 0 $1287 1 $1017 $1288 forward 7 unknown #
-1023 edge $1289 $1290 0 $799 1 $1016 $1291 forward 7 unknown #
-1024 face $-1 $1283 $797 $3 $-1 $1292 reversed single #
-1025 point $-1 29.09776932440446 -4.9410816407919071 15.75 #
-1026 point $-1 32.297769324404456 -4.9410816407919071 15.75 #
-1027 coedge $-1 $1293 $802 $1294 $1295 reversed $230 $-1 #
-1028 coedge $-1 $1296 $1297 $802 $1029 forward $1298 $-1 #
-1029 edge $1299 $1300 0 $1033 1 $1028 $1301 forward 7 unknown #
-1030 coedge $-1 $924 $803 $806 $1035 forward $543 $-1 #
-1031 coedge $-1 $803 $923 $1296 $1302 forward $543 $-1 #
-1032 ptlist-eye-attrib $-1 $-1 $-1 $804 #
-1033 vertex $-1 $804 $1303 #
-1034 straight-curve $-1 26.697769324404419 1.7660206462075827
0.75000000000000056 0 3.0006858710561897 8.3266726846886741e-15 F 0 F 1 #
-1035 edge $1304 $808 0 $930 1.3804773387621276 $806 $1305 forward 7 unknown #
-1036 point $-1 26.697769324404419 4.7667065172637724 0.75000000000000888 #
-1037 ptlist-eye-attrib $-1 $-1 $-1 $811 #
-1038 intcurve-curve $-1 forward { exactcur full nubs 3 open 9 0 3
0.16680044353736206 1 0.33511652295690897 1 0.50276662404198624 1
0.66841785366500173 1 0.83092820155828484 1 0.9996030752470304 1
1.1814261116084073 1 1.3831728410090849 3 26.697769324404419 4.7667065172637706
1.7003460652460538 26.64338891226237 4.778231098516577 1.6991922703415256
26.535872966872066 4.8105803753794998 1.695950417872522 26.385175137514395
4.8852524847391106 1.6884247054890498 26.249461545116098 4.9837732617005148
1.6784159386715614 26.133441127379648 5.1019136298815564 1.6662946663532781
26.038140274668386 5.2375056079260176 1.6522243031748118 25.964126200969673
5.3917140590171542 1.6360186935793657 25.914495929235574 5.5689456378815692
1.6171257074521361 25.904023712715734 5.6966553280193359 1.6032883301509246
25.905261482329127 5.7634948871424898 1.5959837335210303 0 null_surface
null_surface nullbs nullbs I I 0 0 0 I I } I I #
-1039 face $-1 $1306 $1307 $3 $-1 $1308 forward single #
-1040 cone-surface $-1 -0.30223067559558103 -6.2410816407919043 -108.25 1 0 0 0
110.5 0 1 I I 0 1 1 forward I I I I #
-1041 coedge $-1 $816 $1309 $1310 $1311 reversed $230 $-1 #
-1042 coedge $-1 $1312 $1313 $816 $1043 forward $1314 $-1 #
-1043 edge $1315 $1048 0 $1316 1 $1042 $1317 forward 7 unknown #
-1044 coedge $-1 $1318 $817 $1313 $1319 reversed $1046 $-1 #
-1045 coedge $-1 $817 $1320 $819 $1050 forward $1046 $-1 #
-1046 loop $-1 $-1 $1320 $1321 #
-1047 ptlist-eye-attrib $-1 $-1 $-1 $818 #
-1048 vertex $-1 $1319 $1322 #
-1049 ellipse-curve $-1 26.697769324404419 -6.2410816407919043 -108.25 -1 0 0 0
-15.000099359091116 109.47715295538787 1 F 0 F 0.027364493782584091 #
-1050 edge $1323 $1067 1.7069241865381577 $822 1.7069642398084461 $819 $1324
forward 7 unknown #
-1051 point $-1 26.697769324404419 -21.241180999883021 1.2271529553878651 #
-1052 coedge $-1 $1325 $824 $1326 $1327 forward $630 $-1 #
-1053 coedge $-1 $832 $831 $824 $1054 reversed $636 $-1 #
-1054 edge $1328 $1056 0 $1329 1.5707963267949823 $1053 $1330 forward 7 unknown
#
-1055 ptlist-eye-attrib $-1 $-1 $-1 $825 #
-1056 vertex $-1 $1054 $1331 #
-1057 straight-curve $-1 26.460983102858211 -21.236796069854385
0.74999999999996414 0.23678622154620754 -0.0043849300286318282
3.6082248300317588e-14 F 0 F 1 #
-1058 plane-surface $-1 13.197769324404419 -4.7974041042373301 0.75 0 0 1 1 0 0
forward_v F -14.039999999999999 F 14.039999999999999 F -19.268761348456842 F
-14.80387958665106 #
-1059 face $-1 $1332 $1333 $3 $-1 $1334 forward single #
-1060 loop $-1 $-1 $1335 $828 #
-1061 cone-surface $-1 26.590609557975291 -14.236967493529392
32.288128566598722 9.8100303812632451e-17 5.2974164058827668e-15 -1
-0.72007789164624969 -0.69389324104093408 -1.0048591735576183e-14 1 I I 0 1 1
forward I I I I #
-1062 coedge $-1 $1336 $1337 $1338 $1339 reversed $829 $-1 #
-1063 coedge $-1 $831 $832 $1320 $1340 forward $636 $-1 #
-1064 coedge $-1 $1341 $1326 $831 $1065 reversed $829 $-1 #
-1065 edge $1342 $1343 0 $1329 1 $1064 $1344 forward 7 unknown #
-1066 ptlist-eye-attrib $-1 $-1 $-1 $833 #
-1067 vertex $-1 $1050 $1345 #
-1068 straight-curve $-1 26.460983102858208 -21.236796069854385
0.74999999999996414 -3.907985046680551e-14 0 0.47775367060658691 F 0 F 1 #
-1069 coedge $-1 $1346 $837 $840 $1076 reversed $1071 $-1 #
-1070 coedge $-1 $837 $1346 $839 $1075 reversed $1071 $-1 #
-1071 loop $-1 $-1 $837 $1347 #
-1072 ptlist-eye-attrib $-1 $-1 $-1 $838 #
-1073 ellipse-curve $-1 -4.3022306755955464 -4.9410816407919071 15.75 0 0 1
1.5999999999999996 0 0 1 F 0 F 3.1415926535897931 #
-1074 coedge $-1 $840 $839 $1348 $1349 reversed $841 $-1 #
-1075 edge $1350 $844 0 $1351 1 $1070 $1352 forward 7 unknown #
-1076 edge $1353 $1354 0 $843 1 $1069 $1355 forward 7 unknown #
-1077 face $-1 $1347 $841 $3 $-1 $1356 reversed single #
-1078 point $-1 -5.902230675595546 -4.9410816407919071 15.75 #
-1079 point $-1 -2.7022306755955467 -4.9410816407919071 15.75 #
-1080 coedge $-1 $1357 $846 $1358 $1359 forward $239 $-1 #
-1081 coedge $-1 $1360 $1361 $846 $1082 reversed $1362 $-1 #
-1082 edge $1363 $1087 0 $1364 1 $1081 $1365 forward 7 unknown #
-1083 coedge $-1 $1366 $847 $850 $1090 forward $1085 $-1 #
-1084 coedge $-1 $847 $1367 $1360 $1368 reversed $1085 $-1 #
-1085 loop $-1 $-1 $1366 $920 #
-1086 ptlist-eye-attrib $-1 $-1 $-1 $848 #
-1087 vertex $-1 $1082 $1369 #
-1088 ellipse-curve $-1 -0.30223067559558103 -6.2410816407919043 -108.25 -1 0 0
0 -14.50009935909118 109.54449834919362 1 F 0 F 0.027349430558373408 #
-1089 coedge $-1 $850 $849 $1281 $1370 reversed $791 $-1 #
-1090 edge $1371 $852 1.7023984890853119 $1372 1.7024307173653523 $850 $1373
forward 7 unknown #
-1091 point $-1 -0.30223067559552419 -20.741180999883085 1.2944983491936171 #
-1092 coedge $-1 $854 $1374 $1375 $1376 forward $630 $-1 #
-1093 coedge $-1 $1375 $1281 $854 $1094 reversed $1014 $-1 #
-1094 edge $1377 $1378 0 $1096 0.8039145654654235 $1093 $1379 forward 7 unknown
#
-1095 ptlist-eye-attrib $-1 $-1 $-1 $855 #
-1096 vertex $-1 $855 $1380 #
-1097 straight-curve $-1 -0.11158782070458872 -20.744711423121799
0.74999999999996647 -0.19064285489099214 0.0035304232387218804
3.3750779948604759e-14 F 0 F 1 #
-1098 coedge $-1 $857 $1381 $1382 $1383 forward $239 $-1 #
-1099 coedge $-1 $1384 $1385 $857 $1100 forward $1386 $-1 #
-1100 edge $1387 $1105 0 $1388 1 $1099 $1389 forward 7 unknown #
-1101 coedge $-1 $1390 $858 $1385 $1391 forward $1103 $-1 #
-1102 coedge $-1 $858 $1392 $860 $1108 forward $1103 $-1 #
-1103 loop $-1 $-1 $1102 $1393 #
-1104 ptlist-eye-attrib $-1 $-1 $-1 $859 #
-1105 vertex $-1 $859 $1394 #
-1106 straight-curve $-1 -0.30223067559558103 2.2660206462075223
0.75000000000000056 0 3.0006858710561861 8.992806499463768e-15 F 0 F 1 #
-1107 coedge $-1 $861 $860 $885 $1135 forward $862 $-1 #
-1108 edge $1395 $1396 0 $864 1.3710407182525801 $860 $1397 forward 7 unknown
#
-1109 point $-1 -0.30223067559558103 5.2667065172637084 0.75000000000000955 #
-1110 ptlist-eye-attrib $-1 $-1 $-1 $867 #
-1111 vertex $-1 $886 $1398 #
-1112 intcurve-curve $-1 forward { exactcur full nubs 3 open 9 0 3
0.20093135602558809 1 0.38181546130536365 1 0.54949940574011247 1
0.71095718137054109 1 0.87541196934203658 1 1.0418497436362384 1
1.2088543484961436 1 1.3741618846859411 3 0.48105494305831742 6.261494951897026
1.5404166061134221 0.48228708673874848 6.1949591931537444 1.5479934825435844
0.47192697674325229 6.067902312550455 1.5623438509202543 0.42282177668845089
5.8915741544578708 1.5819517139424177 0.34965149414513486 5.7381533457519414
1.5987812459843527 0.25548962705122907 5.6031645620443271 1.613411428908613
0.14087438779014591 5.4853456262828839 1.6260433185376797 0.006789705421880711
5.3867786129066531 1.6365115602895532 -0.14213316873919662 5.3116337916778438
1.6444313633678829 -0.24844939967776841 5.2786355119951818 1.6478901552754075
-0.30223067559558103 5.2667065172637049 1.6491392673724041 0 null_surface
null_surface nullbs nullbs I I 0 0 0 I I } I I #
-1113 face $-1 $1399 $1400 $3 $-1 $1401 forward single #
-1114 cone-surface $-1 -0.30223067559558103 -6.2410816407919043 -108.25 1 0 0 0
110.5 0 1 I I 0 1 1 forward I I I I #
-1115 coedge $-1 $1402 $872 $1403 $1404 reversed $163 $-1 #
-1116 coedge $-1 $1405 $1406 $872 $1117 reversed $1407 $-1 #
-1117 edge $1408 $1122 0 $1409 0.1442758704301374 $1116 $1410 forward 7 unknown
#
-1118 coedge $-1 $1411 $873 $876 $1125 forward $1120 $-1 #
-1119 coedge $-1 $873 $1411 $1405 $1412 forward $1120 $-1 #
-1120 loop $-1 $-1 $1118 $1413 #
-1121 ptlist-eye-attrib $-1 $-1 $-1 $874 #
-1122 vertex $-1 $1117 $1414 #
-1123 intcurve-curve $-1 forward { exactcur full nubs 3 open 2 0 3
1.5153929597868452 3 -0.20223067559552771 12.058918359208102
0.74999999999999523 -0.2022306755955206 12.564049345803717 0.74999999999999523
0.28673483616051626 13.135247203611392 0.74999999999998812 0.78672554943737549
13.207126270494296 0.74999999999998812 0 null_surface null_surface nullbs
nullbs I I 0 0 0 I I } I I #
-1124 coedge $-1 $876 $875 $1415 $1416 forward $877 $-1 #
-1125 edge $1417 $879 0 $1418 1 $1118 $1419 forward 7 unknown #
-1126 face $-1 $1413 $877 $3 $-1 $1420 reversed single #
-1127 point $-1 -0.20223067559552771 12.058918359208102 0.74999999999999523 #
-1128 coedge $-1 $888 $1415 $881 $1129 forward $1141 $-1 #
-1129 edge $1421 $1131 0 $891 0.79996659345610144 $881 $1422 forward 7 unknown
#
-1130 ptlist-eye-attrib $-1 $-1 $-1 $882 #
-1131 vertex $-1 $1129 $1423 #
-1132 straight-curve $-1 -0.20223067559557761 8.2921028355352888
-0.75000000000001177 -9.4368957093138306e-16 -3.5527136788005009e-15
1.5000000000000142 F 0 F 1 #
-1133 spline-surface $-1 forward { exactsur full nubs 3 3 open open none none 2
2 -0.076543326862176672 3 1.0953041734271942 3 59.232923749723234 3
60.983091373527792 3 0.44120523089374952 7.7642195699074632 0.87508381190226459
0.55989069971268401 8.1422091995959409 0.87508381190226459 -0.34221149557771424
7.9826367161757226 0.87508381190226459 -0.18341914164880641 8.3781825281254179
0.87508381190226459 0.44120523089374952 7.7642195699074632 0.29169460396741209
0.55989069971268401 8.1422091995959409 0.29169460396741209 -0.34221149557771424
7.9826367161757226 0.29169460396741209 -0.18341914164880641 8.3781825281254179
0.29169460396741209 0.44120523089374952 7.7642195699074632 -0.29169460396744051
0.55989069971268401 8.1422091995959409 -0.29169460396744051
-0.34221149557771424 7.9826367161757226 -0.29169460396744051
-0.18341914164880641 8.3781825281254179 -0.29169460396744051
0.44120523089374952 7.7642195699074632 -0.87508381190229301 0.55989069971268401
8.1422091995959409 -0.87508381190229301 -0.34221149557771424 7.9826367161757226
-0.87508381190229301 -0.18341914164880641 8.3781825281254179
-0.87508381190229301 0 0 0 0 0 0 0 F -0.076543326862176672 F 1.0953041734271942
F 59.232923749723234 F 60.983091373527792 } I I I I #
-1134 coedge $-1 $887 $885 $1392 $1424 reversed $524 $-1 #
-1135 edge $1425 $1396 0 $1111 1 $1107 $1426 forward 7 unknown #
-1136 ptlist-eye-attrib $-1 $-1 $-1 $886 #
-1137 ellipse-curve $-1 0.71258413921921004 -6.2410816407919043 -108.25
0.99982857632513134 0.018515344006019934 0 -2.0462962962961839 110.5 0
0.99982857632513134 F 1.4569677305282724 F 1.4574080229247348 #
-1138 coedge $-1 $1427 $1428 $887 $1139 reversed $1429 $-1 #
-1139 edge $1430 $1431 0 $1143 1 $1138 $1432 forward 7 unknown #
-1140 coedge $-1 $1433 $888 $1428 $1434 reversed $1141 $-1 #
-1141 loop $-1 $-1 $1435 $893 #
-1142 ptlist-eye-attrib $-1 $-1 $-1 $889 #
-1143 vertex $-1 $889 $1436 #
-1144 straight-curve $-1 0.45197683670443728 7.8317126950066447
-0.74999999999999523 0.084725155914144368 -4.6616382840698467
-9.4368957093138306e-15 F 0 F 1 #
-1145 point $-1 0.45197683670443728 7.8317126950066438 -0.74999999999999523 #
-1146 face $-1 $1437 $1438 $3 $-1 $1439 reversed single #
-1147 loop $-1 $1141 $1440 $893 #
-1148 plane-surface $-1 0 0 -0.75 0 0 1 1 0 0 forward_v F -2.4022306755955811 F
28.79776932440442 F -33.041081640791901 F 24.158918359208094 #
-1149 face $-1 $1441 $1442 $3 $-1 $1443 forward single #
-1150 loop $-1 $-1 $1444 $896 #
-1151 plane-surface $-1 -23.302230675595546 33.558918359208093 17.25 0 -1 0 1 0
0 forward_v F -1.46 F 74.459999999999994 F -0.13 F 6.6299999999999999 #
-1152 coedge $-1 $1445 $1446 $1447 $1448 forward $897 $-1 #
-1153 coedge $-1 $899 $1402 $1449 $1450 reversed $163 $-1 #
-1154 coedge $-1 $1451 $1452 $899 $1155 reversed $1453 $-1 #
-1155 edge $1454 $1455 0 $1160 0.14427587043025575 $1154 $1456 forward 7
unknown #
-1156 coedge $-1 $1457 $900 $1452 $1458 forward $1158 $-1 #
-1157 coedge $-1 $900 $1457 $902 $1163 forward $1158 $-1 #
-1158 loop $-1 $-1 $1156 $1459 #
-1159 ptlist-eye-attrib $-1 $-1 $-1 $901 #
-1160 vertex $-1 $901 $1460 #
-1161 intcurve-curve $-1 forward { exactcur full nubs 3 open 2 0 3
1.5153929597879308 3 25.608813099370114 13.207126270494477 0.74999999999999289
26.108803812647331 13.135247203611524 0.74999999999999289 26.597769324404414
12.564049345804031 0.75 26.597769324404414 12.058918359208054 0.75 0
null_surface null_surface nullbs nullbs I I 0 0 0 I I } I I #
-1162 coedge $-1 $903 $902 $1461 $1462 forward $904 $-1 #
-1163 edge $1463 $1464 0 $906 1 $902 $1465 forward 7 unknown #
-1164 face $-1 $910 $904 $3 $-1 $1466 reversed single #
-1165 point $-1 26.597769324404414 12.058918359208054 0.75 #
-1166 coedge $-1 $1461 $913 $908 $1167 forward $1141 $-1 #
-1167 edge $1467 $916 0 $1169 0.79996659345614529 $908 $1468 forward 7 unknown
#
-1168 ptlist-eye-attrib $-1 $-1 $-1 $909 #
-1169 vertex $-1 $1462 $1469 #
-1170 straight-curve $-1 26.597769324404418 8.2921028355353457 0.75
7.1054273576010019e-15 0 -1.5000000000000071 F 0 F 1 #
-1171 face $-1 $743 $1470 $3 $-1 $1471 forward single #
-1172 spline-surface $-1 forward { exactsur full nubs 3 3 open open none none 2
2 -0.076321999790974079 3 1.094769441149513 3 59.232923749723241 3
60.983091373527778 3 26.585848123948537 8.3593931103129986 0.87508381190225748
26.710736261274679 7.9817885399649846 0.87508381190225748 25.809774991181435
8.1409092337582187 0.87508381190225748 25.960619910714637 7.746188364574631
0.87508381190225748 26.585848123948537 8.3593931103129986 0.29169460396741209
26.710736261274679 7.9817885399649846 0.29169460396741209 25.809774991181435
8.1409092337582187 0.29169460396741209 25.960619910714637 7.746188364574631
0.29169460396741209 26.585848123948537 8.3593931103129986 -0.29169460396743341
26.710736261274679 7.9817885399649846 -0.29169460396743341 25.809774991181435
8.1409092337582187 -0.29169460396743341 25.960619910714637 7.746188364574631
-0.29169460396743341 26.585848123948537 8.3593931103129986 -0.8750838119022788
26.710736261274679 7.9817885399649846 -0.8750838119022788 25.809774991181435
8.1409092337582187 -0.8750838119022788 25.960619910714637 7.746188364574631
-0.8750838119022788 0 0 0 0 0 0 0 F -0.076321999790974079 F 1.094769441149513 F
59.232923749723241 F 60.983091373527778 } I I I I #
-1173 coedge $-1 $1472 $925 $912 $1174 reversed $1187 $-1 #
-1174 edge $1473 $1177 0 $1190 1 $1173 $1474 forward 7 unknown #
-1175 coedge $-1 $913 $1475 $1472 $1476 reversed $1141 $-1 #
-1176 ptlist-eye-attrib $-1 $-1 $-1 $914 #
-1177 vertex $-1 $1174 $1477 #
-1178 straight-curve $-1 25.858836656190238 3.1700744109367975
-0.75000000000000466 0.084725155914142647 4.6616382840698574
4.6629367034256575e-15 F 0 F 1 #
-1179 point $-1 25.943561812104377 7.8317126950066553 -0.75 #
-1180 ptlist-eye-attrib $-1 $-1 $-1 $918 #
-1181 ellipse-curve $-1 25.682954509589624 -6.2410816407919043 -108.25
0.99982857632513134 -0.018515344006018803 0 2.0462962962960596 110.5 0
0.99982857632513134 F 1.4615393540677335 F 1.4619427831974032 #
-1182 cone-surface $-1 -0.30223067559558103 -6.2410816407919043 -108.25 1 0 0 0
110.5 0 1 I I 0 1 1 forward I I I I #
-1183 coedge $-1 $1478 $1479 $1480 $1481 reversed $921 $-1 #
-1184 coedge $-1 $1482 $1483 $923 $1185 reversed $1484 $-1 #
-1185 edge $1485 $1189 0 $1486 1 $1184 $1487 forward 7 unknown #
-1186 coedge $-1 $925 $1472 $1482 $1488 reversed $1187 $-1 #
-1187 loop $-1 $-1 $1173 $1489 #
-1188 ptlist-eye-attrib $-1 $-1 $-1 $926 #
-1189 vertex $-1 $1185 $1490 #
-1190 vertex $-1 $927 $1491 #
-1191 straight-curve $-1 25.875753421224843 3.1700595875112398 0.75
-0.016916765034601156 1.4823425557697334e-05 -4.7739590058881731e-15 F 0 F 1 #
-1192 ptlist-eye-attrib $-1 $-1 $-1 $927 #
-1193 straight-curve $-1 25.905261482329127 5.7634948871424969
0.75000000000000899 -0.046424826138885322 -2.5934204762056994
-1.3766765505351941e-14 F 0 F 1 #
-1194 point $-1 25.905261482329124 5.7634948871424889 1.5959837335210381 #
-1195 point $-1 25.905261482329127 5.7634948871425307 0.75000000000002709 #
-1196 face $-1 $1492 $1493 $3 $-1 $1494 forward single #
-1197 loop $-1 $-1 $1495 $934 #
-1198 plane-surface $-1 0 0 18.75 0 0 1 1 0 0 forward_v F -24.927314487497807 F
-23.177146863693284 F 11.758918359208092 F 27.358918359208094 #
-1199 coedge $-1 $1496 $1497 $1498 $1499 reversed $935 $-1 #
-1200 coedge $-1 $1500 $937 $1501 $1502 forward $717 $-1 #
-1201 coedge $-1 $937 $1500 $1206 $1503 reversed $717 $-1 #
-1202 edge $1504 $1210 0 $1505 1 $937 $1506 forward 7 unknown #
-1203 coedge $-1 $939 $938 $1507 $1508 reversed $550 $-1 #
-1204 coedge $-1 $1509 $1510 $938 $1205 forward $1511 $-1 #
-1205 edge $1512 $1513 0 $1209 1 $1204 $1514 forward 7 unknown #
-1206 coedge $-1 $1515 $940 $1201 $1503 forward $935 $-1 #
-1207 coedge $-1 $940 $1496 $1509 $1516 forward $935 $-1 #
-1208 ptlist-eye-attrib $-1 $-1 $-1 $941 #
-1209 vertex $-1 $1205 $1517 #
-1210 vertex $-1 $1202 $1518 #
-1211 straight-curve $-1 -24.802230675595546 35.058918359208093 14.25 0 -67 0 F
0 F 1 #
-1212 coedge $-1 $1519 $990 $942 $1213 forward $770 $-1 #
-1213 edge $1520 $1220 0 $1217 1 $1212 $1521 forward 7 unknown #
-1214 coedge $-1 $943 $1522 $1519 $1523 reversed $1215 $-1 #
-1215 loop $-1 $-1 $1524 $1525 #
-1216 ptlist-eye-attrib $-1 $-1 $-1 $944 #
-1217 vertex $-1 $1213 $1526 #
-1218 ellipse-curve $-1 23.197769324404419 -24.941081640791904 3.5 0 0 -1 5 0 0
1 F 0 F 1.5707963267948966 #
-1219 ptlist-eye-attrib $-1 $-1 $-1 $945 #
-1220 vertex $-1 $945 $1527 #
-1221 ellipse-curve $-1 23.197769324404419 -24.941081640791904 14.25 0 0 -1 5
-3.5527136788005009e-15 0 1 F 0 F 1.5707963267948959 #
-1222 point $-1 23.197769324404419 -29.9410816407919 3.5 #
-1223 coedge $-1 $1269 $951 $953 $1226 forward $1215 $-1 #
-1224 ptlist-eye-attrib $-1 $-1 $-1 $952 #
-1225 straight-curve $-1 23.197769324404419 -29.9410816407919 3.5 -20 0 0 F 0 F
1 #
-1226 edge $1528 $956 0 $1272 1.5707963267948968 $1223 $1529 forward 7 unknown
#
-1227 face $-1 $1525 $954 $3 $-1 $1530 forward single #
-1228 point $-1 3.197769324404419 -29.9410816407919 3.5 #
-1229 coedge $-1 $967 $964 $1531 $1532 reversed $574 $-1 #
-1230 coedge $-1 $1533 $1534 $964 $1231 reversed $1535 $-1 #
-1231 edge $1536 $1234 0 $1537 1.5707963267948954 $1230 $1538 forward 7 unknown
#
-1232 coedge $-1 $965 $1539 $1533 $1540 reversed $770 $-1 #
-1233 ptlist-eye-attrib $-1 $-1 $-1 $966 #
-1234 vertex $-1 $1231 $1541 #
-1235 straight-curve $-1 28.197769324404419 20.058918359208093 3.5 0 -4
-8.8817841970012523e-16 F 0 F 1 #
-1236 coedge $-1 $1542 $1543 $967 $1237 reversed $1470 $-1 #
-1237 edge $1544 $1545 0 $1240 1.5707963267948966 $967 $1546 forward 7 unknown
#
-1238 coedge $-1 $1547 $968 $1543 $1548 reversed $761 $-1 #
-1239 ptlist-eye-attrib $-1 $-1 $-1 $969 #
-1240 vertex $-1 $1237 $1549 #
-1241 straight-curve $-1 -1.802230675595581 16.058918359208093
3.4999999999999991 0 4 8.8817841970012523e-16 F 0 F 1 #
-1242 face $-1 $1000 $1535 $3 $-1 $1550 forward single #
-1243 loop $-1 $-1 $1531 $970 #
-1244 plane-surface $-1 0 23.058918359208093 0 0 1 0 -1 0 0 forward_v F
-25.677769324404419 F -0.71776932440441898 F -0.87508381190226014 F
3.6250838119022601 #
-1245 coedge $-1 $982 $981 $1551 $1552 reversed $983 $-1 #
-1246 face $-1 $1227 $983 $3 $-1 $1553 forward single #
-1247 coedge $-1 $1551 $1551 $986 $1248 reversed $1554 $-1 #
-1248 edge $1555 $1266 0 $1250 1 $986 $1556 forward 7 unknown #
-1249 ptlist-eye-attrib $-1 $-1 $-1 $987 #
-1250 vertex $-1 $1248 $1557 #
-1251 straight-curve $-1 -1.802230675595581 -1.8185826415926805 14.25 0 0 -4 F
0 F 1 #
-1252 plane-surface $-1 -1.802230675595581 20.058918359208093
12.850000000000001 -1 0 0 0 -1 0 forward_v F -0.98000000000000131 F
49.979999999999997 F -13.9 F 1.7 #
-1253 ptlist-eye-attrib $-1 $-1 $-1 $991 #
-1254 straight-curve $-1 28.197769324404419 -24.941081640791907 14.25 0
16.877501000800834 0 F 0 F 1 #
-1255 coedge $-1 $993 $992 $1558 $1559 reversed $979 $-1 #
-1256 edge $1560 $995 0 $1561 1 $992 $1562 forward 7 unknown #
-1257 point $-1 28.197769324404419 -8.0635806399910752 14.25 #
-1258 coedge $-1 $1558 $1558 $997 $1259 forward $1563 $-1 #
-1259 edge $1564 $1561 0 $1261 1 $1258 $1565 forward 7 unknown #
-1260 ptlist-eye-attrib $-1 $-1 $-1 $998 #
-1261 vertex $-1 $1259 $1566 #
-1262 straight-curve $-1 28.197769324404419 -1.8185826415927373 14.25 0 0 -4 F
0 F 1 #
-1263 face $-1 $1567 $1554 $3 $-1 $1568 forward single #
-1264 plane-surface $-1 28.197769324404419 -28.941081640791904
12.850000000000001 1 0 0 0 1 0 forward_v F -0.98000000000000131 F
49.979999999999997 F -13.9 F 1.7 #
-1265 ptlist-eye-attrib $-1 $-1 $-1 $1005 #
-1266 vertex $-1 $1248 $1569 #
-1267 straight-curve $-1 -1.8022306755955804 -8.0635806399911321 14.25 0 0 -4 F
0 F 1 #
-1268 coedge $-1 $1006 $1547 $1570 $1571 reversed $761 $-1 #
-1269 coedge $-1 $1572 $1223 $1006 $1270 reversed $1215 $-1 #
-1270 edge $1573 $1574 0 $1272 1 $1269 $1575 forward 7 unknown #
-1271 ptlist-eye-attrib $-1 $-1 $-1 $1007 #
-1272 vertex $-1 $1007 $1576 #
-1273 straight-curve $-1 -1.802230675595581 -24.941081640791907 14.25 0 0
-10.75 F 0 F 1 #
-1274 coedge $-1 $1577 $1012 $1578 $1579 forward $785 $-1 #
-1275 coedge $-1 $1012 $1580 $1446 $1581 reversed $785 $-1 #
-1276 coedge $-1 $1582 $1444 $1012 $1277 forward $1150 $-1 #
-1277 edge $1583 $1584 0 $1585 1 $1276 $1586 forward 7 unknown #
-1278 face $-1 $1587 $1362 $3 $-1 $1588 forward single #
-1279 loop $-1 $-1 $1589 $1013 #
-1280 cone-surface $-1 -0.11161005427124682 -18.743853657870702
29.929003780812749 -1.9577424718807348e-17 1.0571809348156548e-15 -1
0.70710678118654813 0.70710678118654691 0 1 I I 0 1 1 forward I I I I #
-1281 coedge $-1 $1093 $1590 $1089 $1370 forward $1014 $-1 #
-1282 coedge $-1 $1017 $1016 $1591 $1592 reversed $1018 $-1 #
-1283 face $-1 $988 $1018 $3 $-1 $1593 reversed single #
-1284 coedge $-1 $1591 $1591 $1021 $1285 forward $1594 $-1 #
-1285 edge $1595 $1290 0 $1287 3.1415926535897931 $1021 $1596 forward 7 unknown
#
-1286 ptlist-eye-attrib $-1 $-1 $-1 $1022 #
-1287 vertex $-1 $1285 $1597 #
-1288 straight-curve $-1 32.297769324404449 -4.9410816407919071 15.75 0 0 -5.5
F 0 F 1 #
-1289 ptlist-eye-attrib $-1 $-1 $-1 $1023 #
-1290 vertex $-1 $1285 $1598 #
-1291 straight-curve $-1 29.097769324404453 -4.9410816407919071 10.25
3.5527136788005009e-15 0 5.5 F 0 F 1 #
-1292 cone-surface $-1 30.697769324404458 -4.9410816407919071 15.75 0 0 1
1.5999999999999999 0 0 1 I I 0 1 1 forward I I I I #
-1293 coedge $-1 $1599 $1027 $1600 $1601 reversed $230 $-1 #
-1294 coedge $-1 $1602 $1603 $1027 $1295 forward $1604 $-1 #
-1295 edge $1605 $1606 0 $1300 0.027206684923668983 $1027 $1607 forward 7
unknown #
-1296 coedge $-1 $1608 $1028 $1031 $1302 reversed $1298 $-1 #
-1297 coedge $-1 $1028 $1608 $1602 $1609 forward $1298 $-1 #
-1298 loop $-1 $-1 $1028 $1610 #
-1299 ptlist-eye-attrib $-1 $-1 $-1 $1029 #
-1300 vertex $-1 $1609 $1611 #
-1301 straight-curve $-1 26.697769324404419 1.7660206462075809
1.9595109914091169 0 1.7763568394002505e-15 -1.2095109914091164 F 0 F 1 #
-1302 edge $1612 $1486 0 $1033 1.4180745945093742 $1296 $1613 forward 7 unknown
#
-1303 point $-1 26.697769324404419 1.7660206462075827 0.75000000000000056 #
-1304 ptlist-eye-attrib $-1 $-1 $-1 $1035 #
-1305 ellipse-curve $-1 26.905090058654256 5.7449795431364619
0.75000000000002709 4.5367503738231389e-17 2.4498452018647795e-15 -1
-0.2073207342498371 -0.97827302587268861 -2.4424906541753444e-15 1 F 0 F
1.3804773387621276 #
-1306 face $-1 $1321 $1614 $3 $-1 $1615 forward single #
-1307 loop $-1 $-1 $1616 $1039 #
-1308 cone-surface $-1 -0.30223067559558103 -6.2410816407919043 -108.25 1 0 0 0
110.5 0 1 I I 0 1 1 forward I I I I #
-1309 coedge $-1 $1041 $1617 $1618 $1619 reversed $230 $-1 #
-1310 coedge $-1 $1620 $1621 $1041 $1311 forward $1622 $-1 #
-1311 edge $1623 $1316 0 $1624 1 $1310 $1625 forward 7 unknown #
-1312 coedge $-1 $1626 $1042 $1621 $1627 reversed $1314 $-1 #
-1313 coedge $-1 $1042 $1626 $1044 $1319 forward $1314 $-1 #
-1314 loop $-1 $-1 $1042 $1628 #
-1315 ptlist-eye-attrib $-1 $-1 $-1 $1043 #
-1316 vertex $-1 $1043 $1629 #
-1317 straight-curve $-1 26.697769324404419 -18.24015219329862
1.5965853173232034 0 0 -0.84658531732320275 F 0 F 1 #
-1318 coedge $-1 $1630 $1044 $1631 $1632 reversed $1046 $-1 #
-1319 edge $1633 $1634 -1.4620234603374567 $1048 -1.4619929075639253 $1313
$1635 forward 7 unknown #
-1320 coedge $-1 $1045 $1630 $1063 $1340 reversed $1046 $-1 #
-1321 face $-1 $1636 $1046 $3 $-1 $1637 forward single #
-1322 point $-1 26.697769324404476 -18.24015219329862 1.5965853173232034 #
-1323 ptlist-eye-attrib $-1 $-1 $-1 $1050 #
-1324 ellipse-curve $-1 -783.30759606657921 -6.2410816407919043 -108.25
0.018515344006018571 0.99982857632513134 6.8845629297532674e-15
-5967.0000000007667 110.49999999999999 7.673861546209082e-13
0.018515344006018571 F 1.7069241865381577 F 1.7069642398084461 #
-1325 coedge $-1 $1638 $1052 $1639 $1640 forward $630 $-1 #
-1326 coedge $-1 $1064 $1641 $1052 $1327 reversed $829 $-1 #
-1327 edge $1642 $1329 0 $1643 1 $1326 $1644 forward 7 unknown #
-1328 ptlist-eye-attrib $-1 $-1 $-1 $1054 #
-1329 vertex $-1 $1327 $1645 #
-1330 ellipse-curve $-1 26.479498446864191 -20.236967493529249
0.74999999999990052 1.2747005097546637e-16 6.8833827526759706e-15 -1
-0.018515344005912482 -0.99982857632513245 -6.8833827526759706e-15 1 F 0 F
1.5707963267949823 #
-1331 point $-1 26.460983102858211 -21.236796069854385 0.74999999999996414 #
-1332 face $-1 $1628 $1622 $3 $-1 $1646 forward single #
-1333 loop $-1 $-1 $1647 $1059 #
-1334 plane-surface $-1 -1.4184782773370053 -14.718452134830251
4.4682495715719526 -0.018515344006018571 -0.99982857632513134
-5.2983246641673475e-15 9.8100303812632475e-17 5.2974164058827683e-15
-1.0000000000000002 forward_v F 2.5623606596309352 F 3.7409140600413853 F
27.992857627622183 F 28.123582151753055 #
-1335 coedge $-1 $1648 $1649 $1650 $1651 forward $1060 $-1 #
-1336 coedge $-1 $1652 $1062 $1653 $1654 reversed $829 $-1 #
-1337 coedge $-1 $1062 $1650 $1655 $1656 reversed $829 $-1 #
-1338 coedge $-1 $1657 $1658 $1062 $1339 forward $1659 $-1 #
-1339 edge $1660 $1661 0 $1662 1 $1338 $1663 forward 7 unknown #
-1340 edge $1664 $1067 0 $1343 1.5732302084755381 $1063 $1665 forward 7 unknown
#
-1341 coedge $-1 $1666 $1064 $1630 $1667 reversed $829 $-1 #
-1342 ptlist-eye-attrib $-1 $-1 $-1 $1065 #
-1343 vertex $-1 $1667 $1668 #
-1344 straight-curve $-1 25.479669870539063 -20.218452149523248
1.3624222598043247 0 1.0658141036401503e-14 -0.61242225980435794 F 0 F 1 #
-1345 point $-1 26.460983102858172 -21.236796069854385 1.2277536706065511 #
-1346 coedge $-1 $1070 $1069 $1669 $1670 reversed $1071 $-1 #
-1347 face $-1 $1024 $1071 $3 $-1 $1671 reversed single #
-1348 coedge $-1 $1669 $1669 $1074 $1349 forward $1672 $-1 #
-1349 edge $1673 $1354 0 $1351 3.1415926535897931 $1074 $1674 forward 7 unknown
#
-1350 ptlist-eye-attrib $-1 $-1 $-1 $1075 #
-1351 vertex $-1 $1349 $1675 #
-1352 straight-curve $-1 -2.7022306755955463 -4.9410816407919071 15.75 0 0 -5.5
F 0 F 1 #
-1353 ptlist-eye-attrib $-1 $-1 $-1 $1076 #
-1354 vertex $-1 $1349 $1676 #
-1355 straight-curve $-1 -5.9022306755955469 -4.9410816407919071 10.25 0 0 5.5
F 0 F 1 #
-1356 cone-surface $-1 -4.3022306755955464 -4.9410816407919071 15.75 0 0 1
1.5999999999999999 0 0 1 I I 0 1 1 forward I I I I #
-1357 coedge $-1 $1677 $1080 $1678 $1679 forward $239 $-1 #
-1358 coedge $-1 $1680 $1681 $1080 $1359 reversed $1682 $-1 #
-1359 edge $1683 $1364 0 $1684 1 $1358 $1685 forward 7 unknown #
-1360 coedge $-1 $1686 $1081 $1084 $1368 forward $1362 $-1 #
-1361 coedge $-1 $1081 $1686 $1680 $1687 forward $1362 $-1 #
-1362 loop $-1 $-1 $1686 $1278 #
-1363 ptlist-eye-attrib $-1 $-1 $-1 $1082 #
-1364 vertex $-1 $1359 $1688 #
-1365 straight-curve $-1 -0.30223067559558103 -17.740152193298684
1.6500517580791307 1.1102230246251565e-16 0 -0.90005175807913007 F 0 F 1 #
-1366 coedge $-1 $1689 $1083 $1590 $1690 reversed $1085 $-1 #
-1367 coedge $-1 $1084 $1689 $1691 $1692 reversed $1085 $-1 #
-1368 edge $1693 $1087 -1.4665435950628489 $1694 -1.4665083549030322 $1360
$1695 forward 7 unknown #
-1369 point $-1 -0.30223067559529682 -17.740152193298687 1.6500517580791296 #
-1370 edge $1696 $1372 0 $1096 1 $1281 $1697 forward 7 unknown #
-1371 ptlist-eye-attrib $-1 $-1 $-1 $1090 #
-1372 vertex $-1 $1090 $1698 #
-1373 ellipse-curve $-1 -783.30759606657921 -6.2410816407919043 -108.25
0.018515344006018571 0.99982857632513134 6.8845629297532674e-15
-5967.0000000007667 110.49999999999999 7.673861546209082e-13
0.018515344006018571 F 1.7023984890853119 F 1.7024307173653523 #
-1374 coedge $-1 $1092 $1699 $1700 $1701 forward $630 $-1 #
-1375 coedge $-1 $1702 $1093 $1092 $1376 reversed $1014 $-1 #
-1376 edge $1703 $1704 0 $1378 0.80391456546546314 $1375 $1705 forward 7
unknown #
-1377 ptlist-eye-attrib $-1 $-1 $-1 $1094 #
-1378 vertex $-1 $1094 $1706 #
-1379 ellipse-curve $-1 -0.093072476698544446 -19.744882846796674
0.74999999999990408 -1.27557508986435e-16 6.8881054852678694e-15 -1
0.70710678118654469 -0.70710678118654968 -4.9960036108132044e-15 1 F 0 F
0.8039145654654235 #
-1380 point $-1 -0.11158782070458872 -20.744711423121799 0.74999999999996647 #
-1381 coedge $-1 $1098 $1707 $1708 $1709 reversed $239 $-1 #
-1382 coedge $-1 $1479 $1478 $1098 $1383 reversed $921 $-1 #
-1383 edge $1710 $1711 0 $1388 0.027214243598087082 $1382 $1712 forward 7
unknown #
-1384 coedge $-1 $1713 $1099 $1478 $1714 forward $1386 $-1 #
-1385 coedge $-1 $1099 $1713 $1101 $1391 reversed $1386 $-1 #
-1386 loop $-1 $-1 $1713 $1715 #
-1387 ptlist-eye-attrib $-1 $-1 $-1 $1100 #
-1388 vertex $-1 $1100 $1716 #
-1389 straight-curve $-1 -0.30223067559558103 2.2660206462075223
0.75000000000000056 0 2.6645352591003757e-15 1.172043689306808 F 0 F 1 #
-1390 coedge $-1 $1717 $1101 $1718 $1719 forward $1103 $-1 #
-1391 edge $1720 $1105 0 $1721 1.4087010013487511 $1101 $1722 forward 7 unknown
#
-1392 coedge $-1 $1102 $1717 $1134 $1424 forward $1103 $-1 #
-1393 face $-1 $682 $1103 $3 $-1 $1723 forward single #
-1394 point $-1 -0.30223067559558103 2.2660206462075223 0.75000000000000056 #
-1395 ptlist-eye-attrib $-1 $-1 $-1 $1108 #
-1396 vertex $-1 $1424 $1724 #
-1397 ellipse-curve $-1 -0.51877363326681447 6.2429796078910185
0.75000000000002931 -4.5367503738234162e-17 2.4498452018647795e-15 -1
0.99982857632513311 0.018515344006016399 0 1 F 0 F 1.3710407182525801 #
-1398 point $-1 0.48105494305831653 6.2614949518970313 1.5404166061134248 #
-1399 face $-1 $812 $1725 $3 $-1 $1726 forward single #
-1400 loop $-1 $-1 $1727 $1113 #
-1401 cone-surface $-1 -0.30223067559558103 -6.2410816407919043 -108.25 1 0 0 0
110.5 0 1 I I 0 1 1 forward I I I I #
-1402 coedge $-1 $1153 $1115 $1728 $1729 forward $163 $-1 #
-1403 coedge $-1 $1730 $1731 $1115 $1404 forward $1732 $-1 #
-1404 edge $1733 $1734 0 $1409 0.0029866805199280778 $1403 $1735 forward 7
unknown #
-1405 coedge $-1 $1736 $1116 $1119 $1412 reversed $1407 $-1 #
-1406 coedge $-1 $1116 $1736 $1730 $1737 forward $1407 $-1 #
-1407 loop $-1 $-1 $1405 $1738 #
-1408 ptlist-eye-attrib $-1 $-1 $-1 $1117 #
-1409 vertex $-1 $1404 $1739 #
-1410 ellipse-curve $-1 12.697769324404284 -69.646081640791607
0.74999999999997868 0 0 -1 -11.911043774966753 82.853207911285935 0 1 F 0 F
0.1442758704301374 #
-1411 coedge $-1 $1119 $1118 $1740 $1741 reversed $1120 $-1 #
-1412 edge $1742 $1743 0 $1122 1 $1405 $1744 forward 7 unknown #
-1413 face $-1 $1738 $1120 $3 $-1 $1745 reversed single #
-1414 point $-1 0.78672554943737549 13.207126270494296 0.74999999999998812 #
-1415 coedge $-1 $1128 $1740 $1124 $1416 reversed $1141 $-1 #
-1416 edge $1746 $1131 0 $1418 1 $1124 $1747 forward 7 unknown #
-1417 ptlist-eye-attrib $-1 $-1 $-1 $1125 #
-1418 vertex $-1 $1416 $1748 #
-1419 straight-curve $-1 -0.20223067559552771 12.058918359208102
0.74999999999999523 -2.7755575615628914e-16 -5.3290705182007514e-15 -1.5 F 0 F
1 #
-1420 plane-surface $-1 -0.20223067559557673 8.2921028355352959
60.108007561625499 -1 1.3204254678952461e-14 0 1.3204254678952461e-14 1 0
forward_v F -0.12508381190226017 F 3.89189933557505 F 59.232923749723241 F
60.983091373527756 #
-1421 ptlist-eye-attrib $-1 $-1 $-1 $1129 #
-1422 intcurve-curve $-1 forward { exactcur full nubs 3 open 2 0 3
0.79996659345610144 3 -0.20223067559557761 8.2921028355352888
-0.75000000000001177 -0.20223067559558489 8.0254473043832544
-0.75000000000001177 0.44703961781405466 8.0983225150876041
-0.74999999999999523 0.45197683670443728 7.8317126950066438
-0.74999999999999523 0 null_surface null_surface nullbs nullbs I I 0 0 0 I I }
I I #
-1423 point $-1 -0.20223067559557761 8.2921028355352888 -0.75000000000001177 #
-1424 edge $1749 $1431 0 $1396 1 $1134 $1750 forward 7 unknown #
-1425 ptlist-eye-attrib $-1 $-1 $-1 $1135 #
-1426 straight-curve $-1 0.48105494305831764 6.2614949518970366
0.75000000000000977 -2.7755575615628914e-16 -1.0658141036401503e-14
0.79041660611341236 F 0 F 1 #
-1427 coedge $-1 $1751 $1138 $1717 $1752 forward $1429 $-1 #
-1428 coedge $-1 $1138 $1751 $1140 $1434 forward $1429 $-1 #
-1429 loop $-1 $-1 $1751 $1753 #
-1430 ptlist-eye-attrib $-1 $-1 $-1 $1139 #
-1431 vertex $-1 $1424 $1754 #
-1432 straight-curve $-1 0.53670199261858142 3.1700744109367975
0.74999999999999523 4.4408920985006262e-16 0 -1.5 F 0 F 1 #
-1433 coedge $-1 $1755 $1140 $1756 $1757 forward $1141 $-1 #
-1434 edge $1758 $1759 0 $1143 1 $1428 $1760 forward 7 unknown #
-1435 coedge $-1 $1761 $1755 $1762 $1763 forward $1141 $-1 #
-1436 point $-1 0.53670199261858176 3.1700744109367975 -0.75000000000000466 #
-1437 face $-1 $1764 $1765 $3 $-1 $1766 reversed single #
-1438 loop $-1 $-1 $1767 $1146 #
-1439 plane-surface $-1 0 1.0291277276885644 0 0 -1 0 0 0 -1 forward_v F
-0.87508381190226014 F 0.87508381190226014 F 0.55844405829865817 F
0.60982294837184059 #
-1440 coedge $-1 $1768 $1769 $1770 $1771 reversed $1147 $-1 #
-1441 face $-1 $1772 $1773 $3 $-1 $1774 forward single #
-1442 loop $-1 $1775 $1776 $1149 #
-1443 plane-surface $-1 0 0 22.25 0 0 1 1 0 0 forward_v F -24.762230675595546 F
51.157769324404455 F -31.721081640791905 F 34.838918359208094 #
-1444 coedge $-1 $1276 $1777 $1778 $1779 reversed $1150 $-1 #
-1445 coedge $-1 $1780 $1152 $1776 $1781 reversed $897 $-1 #
-1446 coedge $-1 $1152 $1780 $1275 $1581 forward $897 $-1 #
-1447 coedge $-1 $1782 $1783 $1152 $1448 reversed $1784 $-1 #
-1448 edge $1785 $1786 0 $1787 1 $1447 $1788 forward 7 unknown #
-1449 coedge $-1 $1789 $1790 $1153 $1450 forward $1791 $-1 #
-1450 edge $1792 $1455 0 $1793 0.0029866805198001537 $1449 $1794 forward 7
unknown #
-1451 coedge $-1 $1795 $1154 $1790 $1796 forward $1453 $-1 #
-1452 coedge $-1 $1154 $1795 $1156 $1458 reversed $1453 $-1 #
-1453 loop $-1 $-1 $1451 $1797 #
-1454 ptlist-eye-attrib $-1 $-1 $-1 $1155 #
-1455 vertex $-1 $1155 $1798 #
-1456 ellipse-curve $-1 13.697769324404284 -69.646081640791607
0.74999999999997868 0 0 -1 -0.12500000000001599 83.704906666216104 0 1 F 0 F
0.14427587043025575 #
-1457 coedge $-1 $1157 $1156 $1799 $1800 reversed $1158 $-1 #
-1458 edge $1801 $1160 0 $1802 1 $1156 $1803 forward 7 unknown #
-1459 face $-1 $1164 $1158 $3 $-1 $1804 reversed single #
-1460 point $-1 25.608813099370114 13.207126270494477 0.74999999999999289 #
-1461 coedge $-1 $1799 $1166 $1162 $1462 reversed $1141 $-1 #
-1462 edge $1805 $1464 0 $1169 1 $1162 $1806 forward 7 unknown #
-1463 ptlist-eye-attrib $-1 $-1 $-1 $1163 #
-1464 vertex $-1 $1800 $1807 #
-1465 straight-curve $-1 26.597769324404414 12.058918359208072 -0.75 0
-1.7763568394002505e-14 1.5 F 0 F 1 #
-1466 plane-surface $-1 26.597769324404414 12.058918359208086
60.108007561625499 1 3.7726441939864137e-15 0 3.7726441939864137e-15 -1 0
forward_v F -0.12508381190226017 F 3.89189933557505 F 59.232923749723241 F
60.983091373527756 #
-1467 ptlist-eye-attrib $-1 $-1 $-1 $1167 #
-1468 intcurve-curve $-1 forward { exactcur full nubs 3 open 2 0 3
0.79996659345614529 3 25.943561812104381 7.8317126950066553 -0.75
25.948499030994768 8.098322515087629 -0.75 26.597769324404418 8.025447304383297
-0.75000000000000711 26.597769324404418 8.2921028355353457 -0.75000000000000711
0 null_surface null_surface nullbs nullbs I I 0 0 0 I I } I I #
-1469 point $-1 26.597769324404425 8.2921028355353457 -0.75000000000000711 #
-1470 loop $-1 $-1 $1542 $1171 #
-1471 cone-surface $-1 1.197769324404419 20.058918359208093 -21.607600000000083
3.8147544003373953e-18 0 1 0 3 0 1 I I 0 1 1 forward I I I I #
-1472 coedge $-1 $1186 $1173 $1175 $1476 forward $1187 $-1 #
-1473 ptlist-eye-attrib $-1 $-1 $-1 $1174 #
-1474 straight-curve $-1 25.858836656190238 3.1700744109367975
-0.75000000000000466 0 0 1.5 F 0 F 1 #
-1475 coedge $-1 $1175 $1808 $1809 $1810 forward $1141 $-1 #
-1476 edge $1811 $1177 0 $1812 1 $1472 $1813 forward 7 unknown #
-1477 point $-1 25.858836656190238 3.1700744109367975 -0.75000000000000466 #
-1478 coedge $-1 $1382 $1183 $1384 $1714 reversed $921 $-1 #
-1479 coedge $-1 $1183 $1382 $1814 $1815 reversed $921 $-1 #
-1480 coedge $-1 $1816 $1817 $1183 $1481 forward $1818 $-1 #
-1481 edge $1819 $1820 1.5025450938838998 $1821 1.5117861195089846 $1480 $1822
forward 7 unknown #
-1482 coedge $-1 $1809 $1184 $1186 $1488 forward $1484 $-1 #
-1483 coedge $-1 $1184 $1823 $1608 $1824 reversed $1484 $-1 #
-1484 loop $-1 $-1 $1483 $1825 #
-1485 ptlist-eye-attrib $-1 $-1 $-1 $1185 #
-1486 vertex $-1 $1302 $1826 #
-1487 straight-curve $-1 25.875753421224847 3.1700595875112398 0.75
-0.044009843897537593 -2.3765315704669963 0 F 0 F 1 #
-1488 edge $1827 $1189 0 $1812 1 $1186 $1828 forward 7 unknown #
-1489 face $-1 $1610 $1187 $3 $-1 $1829 reversed single #
-1490 point $-1 25.875753421224847 3.1700595875112398 0.75 #
-1491 point $-1 25.858836656190242 3.1700744109367975 0.74999999999999523 #
-1492 face $-1 $1830 $1831 $3 $-1 $1832 forward single #
-1493 loop $-1 $-1 $1833 $1196 #
-1494 plane-surface $-1 -23.302230675595546 27.058918359208093 17.25 0 -1 0 1 0
0 forward_v F -1.6599999999999999 F 6.6600000000000001 F -0.13 F
6.6299999999999999 #
-1495 coedge $-1 $1834 $1835 $1836 $1837 forward $1197 $-1 #
-1496 coedge $-1 $1207 $1199 $1838 $1839 reversed $935 $-1 #
-1497 coedge $-1 $1199 $1840 $1835 $1841 forward $935 $-1 #
-1498 coedge $-1 $1842 $1843 $1199 $1499 forward $1493 $-1 #
-1499 edge $1844 $1845 0 $1846 1 $1498 $1847 forward 7 unknown #
-1500 coedge $-1 $1201 $1200 $1848 $1849 reversed $717 $-1 #
-1501 coedge $-1 $1507 $1850 $1200 $1502 reversed $1851 $-1 #
-1502 edge $1852 $1505 0 $1853 1 $1501 $1854 forward 7 unknown #
-1503 edge $1855 $1210 0 $1856 1 $1206 $1857 forward 7 unknown #
-1504 ptlist-eye-attrib $-1 $-1 $-1 $1202 #
-1505 vertex $-1 $1202 $1858 #
-1506 straight-curve $-1 -24.802230675595546 -31.9410816407919 14.25 76 0 0 F 0
F 1 #
-1507 coedge $-1 $1859 $1501 $1203 $1508 forward $1851 $-1 #
-1508 edge $1860 $1505 0 $1513 1 $1507 $1861 forward 7 unknown #
-1509 coedge $-1 $1862 $1204 $1207 $1516 reversed $1511 $-1 #
-1510 coedge $-1 $1204 $1862 $1859 $1863 reversed $1511 $-1 #
-1511 loop $-1 $-1 $1204 $1864 #
-1512 ptlist-eye-attrib $-1 $-1 $-1 $1205 #
-1513 vertex $-1 $1508 $1865 #
-1514 straight-curve $-1 51.197769324404454 35.058918359208093 14.25 -76 0 0 F
0 F 1 #
-1515 coedge $-1 $1840 $1206 $1866 $1867 reversed $935 $-1 #
-1516 edge $1868 $1869 0 $1209 1 $1509 $1870 forward 7 unknown #
-1517 point $-1 -24.802230675595546 35.058918359208093 14.25 #
-1518 point $-1 -24.802230675595546 -31.9410816407919 14.25 #
-1519 coedge $-1 $1871 $1212 $1214 $1523 forward $770 $-1 #
-1520 ptlist-eye-attrib $-1 $-1 $-1 $1213 #
-1521 straight-curve $-1 28.197769324404419 -24.941081640791907 14.25 0 0
-10.75 F 0 F 1 #
-1522 coedge $-1 $1214 $1524 $1872 $1873 forward $1215 $-1 #
-1523 edge $1874 $1217 0 $1875 1 $1214 $1876 forward 7 unknown #
-1524 coedge $-1 $1522 $1572 $1877 $1878 reversed $1215 $-1 #
-1525 face $-1 $1879 $1215 $3 $-1 $1880 forward single #
-1526 point $-1 28.197769324404419 -24.941081640791904 3.5 #
-1527 point $-1 28.197769324404419 -24.941081640791907 14.25 #
-1528 ptlist-eye-attrib $-1 $-1 $-1 $1226 #
-1529 ellipse-curve $-1 3.1977693244044185 -24.941081640791904 3.5 0 0 -1
4.4408920985006262e-16 -5 0 1 F 0 F 1.5707963267948968 #
-1530 cone-surface $-1 3.1977693244044185 -24.941081640791904
36.107600000000048 0 0 -1 0 -5 0 1 I I 0 1 1 forward I I I I #
-1531 coedge $-1 $1881 $1882 $1229 $1532 forward $1243 $-1 #
-1532 edge $1883 $1545 0 $1537 1 $1531 $1884 forward 7 unknown #
-1533 coedge $-1 $1885 $1230 $1232 $1540 forward $1535 $-1 #
-1534 coedge $-1 $1230 $1885 $1881 $1886 reversed $1535 $-1 #
-1535 loop $-1 $-1 $1534 $1242 #
-1536 ptlist-eye-attrib $-1 $-1 $-1 $1231 #
-1537 vertex $-1 $1532 $1887 #
-1538 ellipse-curve $-1 25.197769324404419 20.058918359208093 3.5 0 0 1 3
3.5527136788005009e-15 0 1 F 0 F 1.5707963267948954 #
-1539 coedge $-1 $1232 $1871 $1888 $1889 reversed $770 $-1 #
-1540 edge $1890 $1234 0 $1891 1 $1232 $1892 forward 7 unknown #
-1541 point $-1 28.197769324404419 20.058918359208093 3.5 #
-1542 coedge $-1 $1893 $1236 $1882 $1894 reversed $1470 $-1 #
-1543 coedge $-1 $1236 $1893 $1238 $1548 forward $1470 $-1 #
-1544 ptlist-eye-attrib $-1 $-1 $-1 $1237 #
-1545 vertex $-1 $1237 $1895 #
-1546 ellipse-curve $-1 1.197769324404419 20.058918359208093 3.4999999999999964
3.8147544003373953e-18 0 1 0 3 0 1 F 0 F 1.5707963267948966 #
-1547 coedge $-1 $1268 $1238 $1896 $1897 reversed $761 $-1 #
-1548 edge $1898 $1899 0 $1240 1 $1238 $1900 forward 7 unknown #
-1549 point $-1 -1.802230675595581 20.058918359208093 3.4999999999999964 #
-1550 cone-surface $-1 25.197769324404419 20.058918359208093 36.107600000000048
0 0 -1 0 3 0 1 I I 0 1 1 forward I I I I #
-1551 coedge $-1 $1247 $1247 $1245 $1552 forward $1554 $-1 #
-1552 edge $1901 $1266 0 $1250 4.4918557194638344 $1245 $1902 forward 7 unknown
#
-1553 cone-surface $-1 -4.3022306755955464 -4.9410816407919071 14.25 0 0 -1 -4
0 0 1 I I 0 1 1 forward I I I I #
-1554 loop $-1 $1672 $1551 $1263 #
-1555 ptlist-eye-attrib $-1 $-1 $-1 $1248 #
-1556 straight-curve $-1 -1.8022306755955804 -8.0635806399911321 10.25
-6.6613381477509392e-16 6.2449979983984516 0 F 0 F 1 #
-1557 point $-1 -1.802230675595581 -1.8185826415926805 10.25 #
-1558 coedge $-1 $1258 $1258 $1255 $1559 forward $1563 $-1 #
-1559 edge $1903 $1261 0 $1561 4.4918557194638788 $1255 $1904 forward 7 unknown
#
-1560 ptlist-eye-attrib $-1 $-1 $-1 $1256 #
-1561 vertex $-1 $1259 $1905 #
-1562 straight-curve $-1 28.197769324404419 -8.0635806399910752 14.25 0 0 -4 F
0 F 1 #
-1563 loop $-1 $1594 $1558 $1567 #
-1564 ptlist-eye-attrib $-1 $-1 $-1 $1259 #
-1565 straight-curve $-1 28.197769324404419 -8.0635806399910752 10.25 0
6.2449979983983379 0 F 0 F 1 #
-1566 point $-1 28.197769324404419 -1.8185826415927373 10.25 #
-1567 face $-1 $1077 $1563 $3 $-1 $1906 forward single #
-1568 plane-surface $-1 0 0 10.25 0 0 -1 -1 0 0 forward_v F -35.566084837911028
F 9.1705461891021169 F -9.1017114023956047 F -0.78045187918821057 #
-1569 point $-1 -1.8022306755955804 -8.0635806399911321 10.25 #
-1570 coedge $-1 $1907 $1908 $1268 $1571 forward $1909 $-1 #
-1571 edge $1910 $1574 0 $1911 1 $1570 $1912 forward 7 unknown #
-1572 coedge $-1 $1524 $1269 $1908 $1913 forward $1215 $-1 #
-1573 ptlist-eye-attrib $-1 $-1 $-1 $1270 #
-1574 vertex $-1 $1270 $1914 #
-1575 straight-curve $-1 -1.802230675595581 -28.941081640791907 3.5 0 4
-8.8817841970012523e-16 F 0 F 1 #
-1576 point $-1 -1.8022306755955815 -24.941081640791904 3.5 #
-1577 coedge $-1 $1915 $1274 $1833 $1916 reversed $785 $-1 #
-1578 coedge $-1 $1778 $1917 $1274 $1579 reversed $1918 $-1 #
-1579 edge $1919 $1584 0 $1920 1 $1578 $1921 forward 7 unknown #
-1580 coedge $-1 $1275 $1922 $1782 $1923 forward $785 $-1 #
-1581 edge $1924 $1585 0 $1786 1 $1446 $1925 forward 7 unknown #
-1582 coedge $-1 $1926 $1276 $1780 $1927 forward $1150 $-1 #
-1583 ptlist-eye-attrib $-1 $-1 $-1 $1277 #
-1584 vertex $-1 $1579 $1928 #
-1585 vertex $-1 $1581 $1929 #
-1586 straight-curve $-1 -16.802230675595546 33.558918359208093 17.25 60 0 0 F
0 F 1 #
-1587 face $-1 $1930 $1682 $3 $-1 $1931 forward single #
-1588 plane-surface $-1 -1.4740338328925517 -17.718452134830223 -0.25
0.018515344006018571 0.99982857632513134 1.0566372262213871e-15
-1.9564001733054505e-17 -1.0564560935850651e-15 1.0000000000000002 forward_v F
0.87491618809774008 F 2.0251355699813907 F 1.0469202546387582 F
1.5062597007760949 #
-1589 coedge $-1 $1932 $1691 $1933 $1934 forward $1279 $-1 #
-1590 coedge $-1 $1281 $1702 $1366 $1690 forward $1014 $-1 #
-1591 coedge $-1 $1284 $1284 $1282 $1592 forward $1594 $-1 #
-1592 edge $1935 $1287 0 $1290 3.1415926535897931 $1282 $1936 forward 7 unknown
#
-1593 cone-surface $-1 30.697769324404458 -4.9410816407919071 15.75 0 0 1
1.5999999999999999 0 0 1 I I 0 1 1 forward I I I I #
-1594 loop $-1 $-1 $1591 $1567 #
-1595 ptlist-eye-attrib $-1 $-1 $-1 $1285 #
-1596 ellipse-curve $-1 30.697769324404458 -4.9410816407919071 10.25 0 0 1
-1.6000000000000014 0 0 1 F 0 F 3.1415926535897931 #
-1597 point $-1 32.297769324404456 -4.9410816407919071 10.25 #
-1598 point $-1 29.097769324404457 -4.9410816407919071 10.25 #
-1599 coedge $-1 $1937 $1293 $1938 $1939 reversed $230 $-1 #
-1600 coedge $-1 $1940 $1941 $1293 $1601 forward $1942 $-1 #
-1601 edge $1943 $1944 0 $1606 1 $1600 $1945 forward 7 unknown #
-1602 coedge $-1 $1946 $1294 $1297 $1609 reversed $1604 $-1 #
-1603 coedge $-1 $1294 $1946 $1940 $1947 reversed $1604 $-1 #
-1604 loop $-1 $-1 $1946 $1636 #
-1605 ptlist-eye-attrib $-1 $-1 $-1 $1295 #
-1606 vertex $-1 $1295 $1948 #
-1607 ellipse-curve $-1 26.697769324404419 -6.2410816407919043 -108.25 -1 0 0 0
5.0060734804150755 110.38654459810164 1 F 0 F 0.027206684923668983 #
-1608 coedge $-1 $1297 $1296 $1483 $1824 forward $1298 $-1 #
-1609 edge $1949 $1950 0 $1300 1.4179388482028397 $1297 $1951 forward 7 unknown
#
-1610 face $-1 $1952 $1298 $3 $-1 $1953 forward single #
-1611 point $-1 26.697769324404419 1.7660206462075809 1.9595109914091169 #
-1612 ptlist-eye-attrib $-1 $-1 $-1 $1302 #
-1613 ellipse-curve $-1 26.831572153652445 0.7750126730382334
0.74999999999999978 0 0 -1 -0.99982857632513245 0.018515344005994194 0 1 F 0 F
1.4180745945093742 #
-1614 loop $-1 $-1 $1954 $1306 #
-1615 cone-surface $-1 -0.30223067559558103 -6.2410816407919043 -108.25 1 0 0 0
110.5 0 1 I I 0 1 1 forward I I I I #
-1616 coedge $-1 $1955 $1956 $1957 $1958 forward $1307 $-1 #
-1617 coedge $-1 $1309 $1959 $1960 $1961 reversed $230 $-1 #
-1618 coedge $-1 $1962 $1963 $1309 $1619 forward $1333 $-1 #
-1619 edge $1964 $1624 0 $1965 1 $1618 $1966 forward 7 unknown #
-1620 coedge $-1 $1967 $1310 $1963 $1968 reversed $1622 $-1 #
-1621 coedge $-1 $1310 $1969 $1312 $1627 forward $1622 $-1 #
-1622 loop $-1 $-1 $1970 $1332 #
-1623 ptlist-eye-attrib $-1 $-1 $-1 $1311 #
-1624 vertex $-1 $1311 $1971 #
-1625 straight-curve $-1 26.697769324404419 -18.240152193298627
0.75000000000000067 0 3.0010288065843582 -6.6613381477509392e-16 F 0 F 1 #
-1626 coedge $-1 $1313 $1312 $1972 $1973 reversed $1314 $-1 #
-1627 edge $1974 $1975 0 $1316 1 $1312 $1976 forward 7 unknown #
-1628 face $-1 $1977 $1314 $3 $-1 $1978 forward single #
-1629 point $-1 26.697769324404419 -18.240152193298627 0.75000000000000067 #
-1630 coedge $-1 $1320 $1318 $1341 $1667 forward $1046 $-1 #
-1631 coedge $-1 $1972 $1979 $1318 $1632 forward $1980 $-1 #
-1632 edge $1981 $1982 0 $1634 1.5713071499854694 $1631 $1983 forward 7 unknown
#
-1633 ptlist-eye-attrib $-1 $-1 $-1 $1319 #
-1634 vertex $-1 $1632 $1984 #
-1635 ellipse-curve $-1 -621.25204051103515 -6.2410816407919043 -108.25
0.018515344006018571 0.99982857632513134 1.0566372262213871e-15
5967.0000000007667 -110.49999999999999 -1.1368683772161603e-13
0.018515344006018571 F -1.4620234603374567 F -1.4619929075639253 #
-1636 face $-1 $1985 $1604 $3 $-1 $1986 forward single #
-1637 cone-surface $-1 -0.30223067559558103 -6.2410816407919043 -108.25 1 0 0 0
110.5 0 1 I I 0 1 1 forward I I I I #
-1638 coedge $-1 $1987 $1325 $1988 $1989 forward $630 $-1 #
-1639 coedge $-1 $1990 $1988 $1325 $1640 reversed $1991 $-1 #
-1640 edge $1992 $1643 0 $1993 0.28040764120624834 $1639 $1994 forward 7
unknown #
-1641 coedge $-1 $1326 $1995 $1990 $1996 reversed $829 $-1 #
-1642 ptlist-eye-attrib $-1 $-1 $-1 $1327 #
-1643 vertex $-1 $1640 $1997 #
-1644 straight-curve $-1 25.479669870539063 -20.218452149523237
0.7499999999999668 -0.0133852021285783 -0.72280091494353371
3.3195668436292181e-14 F 0 F 1 #
-1645 point $-1 25.479669870539063 -20.218452149523237 0.7499999999999668 #
-1646 plane-surface $-1 13.197769324404419 -4.7974041042373301 0.75 0 0 1 1 0 0
forward_v F 12.175341601775898 F 13.625083811902261 F -14.545789009838364 F
-9.295964233383641 #
-1647 coedge $-1 $1963 $1962 $1998 $1999 reversed $1333 $-1 #
-1648 coedge $-1 $2000 $1335 $2001 $2002 reversed $1060 $-1 #
-1649 coedge $-1 $1335 $1998 $2003 $2004 forward $1060 $-1 #
-1650 coedge $-1 $1337 $2005 $1335 $1651 reversed $829 $-1 #
-1651 edge $2006 $2007 0 $2008 1 $1335 $2009 forward 7 unknown #
-1652 coedge $-1 $1995 $1336 $2010 $2011 forward $829 $-1 #
-1653 coedge $-1 $2012 $2013 $1336 $1654 forward $2014 $-1 #
-1654 edge $2015 $2016 0 $1661 1 $1653 $2017 forward 7 unknown #
-1655 coedge $-1 $2003 $2018 $1337 $1656 forward $1614 $-1 #
-1656 edge $2019 $1662 1.6339788780510469 $2007 1.6430525832362191 $1337 $2020
forward 7 unknown #
-1657 coedge $-1 $2021 $1338 $2018 $2022 forward $1659 $-1 #
-1658 coedge $-1 $1338 $2023 $2012 $2024 reversed $1659 $-1 #
-1659 loop $-1 $-1 $2021 $2025 #
-1660 ptlist-eye-attrib $-1 $-1 $-1 $1339 #
-1661 vertex $-1 $1654 $2026 #
-1662 vertex $-1 $1656 $2027 #
-1663 straight-curve $-1 25.609305849193674 -13.218109302173469
0.74999999999999878 0 5.3290705182007514e-15 1.2795134420365351 F 0 F 1 #
-1664 ptlist-eye-attrib $-1 $-1 $-1 $1340 #
-1665 intcurve-curve $-1 forward { exactcur full nubs 3 open 7 0 3
0.25895026832980733 1 0.52331099638850631 1 0.78413106833439938 1
1.0454145959398109 1 1.3114504530544289 1 1.5732302084755381 3
26.460983102858172 -21.236796069854385 1.2277536706065511 26.374681421029599
-21.235197890561263 1.2279725812023805 26.199860603373839 -21.209110894018874
1.2315493364411827 25.957861324768636 -21.103650250432821 1.2459372239404394
25.75131407775315 -20.938861234193055 1.2682056768751488 25.594257446747644
-20.726431737762912 1.2965327265620394 25.497717796672596 -20.480707266921499
1.3287645942434267 25.478067196225389 -20.304996562461689 1.3513864364901198
25.479669870539063 -20.218452149523248 1.3624222598043247 0 null_surface
null_surface nullbs nullbs I I 0 0 0 I I } I I #
-1666 coedge $-1 $2005 $1341 $1979 $2028 reversed $829 $-1 #
-1667 edge $2029 $1982 1.6885071331223127 $1343 1.6976281367950292 $1341 $2030
forward 7 unknown #
-1668 point $-1 25.47966987053907 -20.21845214952323 1.3624222598043332 #
-1669 coedge $-1 $1348 $1348 $1346 $1670 forward $1672 $-1 #
-1670 edge $2031 $1351 0 $1354 3.1415926535897931 $1346 $2032 forward 7 unknown
#
-1671 cone-surface $-1 -4.3022306755955464 -4.9410816407919071 15.75 0 0 1
1.5999999999999999 0 0 1 I I 0 1 1 forward I I I I #
-1672 loop $-1 $-1 $1669 $1263 #
-1673 ptlist-eye-attrib $-1 $-1 $-1 $1349 #
-1674 ellipse-curve $-1 -4.3022306755955464 -4.9410816407919071 10.25 0 0 1
-1.5999999999999996 0 0 1 F 0 F 3.1415926535897931 #
-1675 point $-1 -2.7022306755955467 -4.9410816407919071 10.25 #
-1676 point $-1 -5.902230675595546 -4.9410816407919071 10.25 #
-1677 coedge $-1 $2033 $1357 $2034 $2035 forward $239 $-1 #
-1678 coedge $-1 $2036 $2037 $1357 $1679 reversed $2038 $-1 #
-1679 edge $2039 $1684 0 $2040 1 $1678 $2041 forward 7 unknown #
-1680 coedge $-1 $2042 $1358 $1361 $1687 reversed $1682 $-1 #
-1681 coedge $-1 $1358 $2043 $2036 $2044 forward $1682 $-1 #
-1682 loop $-1 $-1 $2045 $1587 #
-1683 ptlist-eye-attrib $-1 $-1 $-1 $1359 #
-1684 vertex $-1 $1679 $2046 #
-1685 straight-curve $-1 -0.30223067559558092 -17.740152193298684
0.75000000000000067 -1.1102230246251565e-16 3.0010288065843582
-6.6613381477509392e-16 F 0 F 1 #
-1686 coedge $-1 $1361 $1360 $2047 $2048 reversed $1362 $-1 #
-1687 edge $2049 $2050 0 $1364 1 $1680 $2051 forward 7 unknown #
-1688 point $-1 -0.30223067559558092 -17.740152193298684 0.75000000000000067 #
-1689 coedge $-1 $1367 $1366 $2052 $2053 reversed $1085 $-1 #
-1690 edge $2054 $2055 0 $1372 1.6094656730354997 $1590 $2056 forward 7 unknown
#
-1691 coedge $-1 $1589 $2047 $1367 $1692 forward $1279 $-1 #
-1692 edge $2057 $1694 0 $2058 1.5341979097503833 $1691 $2059 forward 7 unknown
#
-1693 ptlist-eye-attrib $-1 $-1 $-1 $1368 #
-1694 vertex $-1 $1368 $2060 #
-1695 ellipse-curve $-1 -621.25204051103515 -6.2410816407919043 -108.25
0.018515344006018571 0.99982857632513134 1.0566372262213871e-15
5967.0000000007667 -110.49999999999999 -1.1368683772161603e-13
0.018515344006018571 F -1.4665435950628489 F -1.4665083549030322 #
-1696 ptlist-eye-attrib $-1 $-1 $-1 $1370 #
-1697 straight-curve $-1 -0.11158782070458108 -20.744711423121807
1.2940309790410827 -7.6466610821057657e-15 7.1054273576010019e-15
-0.54403097904111619 F 0 F 1 #
-1698 point $-1 -0.11158782070435791 -20.744711423121814 1.2940309790410964 #
-1699 coedge $-1 $1374 $2061 $2062 $2063 forward $630 $-1 #
-1700 coedge $-1 $2064 $2065 $1374 $1701 reversed $2066 $-1 #
-1701 edge $2067 $2068 0 $1704 1 $1374 $2069 forward 7 unknown #
-1702 coedge $-1 $1590 $1375 $2065 $2070 forward $1014 $-1 #
-1703 ptlist-eye-attrib $-1 $-1 $-1 $1376 #
-1704 vertex $-1 $1701 $2071 #
-1705 ellipse-curve $-1 -0.093072476698544446 -19.744882846796674
0.74999999999990052 -1.27557508986435e-16 6.8881054852678694e-15 -1
0.99982857632513111 0.018515344006022616 0 1 F 0 F 0.80391456546546314 #
-1706 point $-1 0.61403430448800023 -20.451989627983224 0.74999999999989553 #
-1707 coedge $-1 $1381 $2072 $2073 $2074 forward $239 $-1 #
-1708 coedge $-1 $2075 $1814 $1381 $1709 forward $2076 $-1 #
-1709 edge $2077 $1711 0 $2078 1 $1708 $2079 forward 7 unknown #
-1710 ptlist-eye-attrib $-1 $-1 $-1 $1383 #
-1711 vertex $-1 $1383 $2080 #
-1712 ellipse-curve $-1 -0.30223067559558103 -6.2410816407919043 -108.25 -1 0 0
0 5.5060734804150142 110.3627344479479 1 F 0 F 0.027214243598087082 #
-1713 coedge $-1 $1385 $1384 $1817 $2081 forward $1386 $-1 #
-1714 edge $2082 $1388 0 $1820 1.4088449004126529 $1384 $2083 forward 7 unknown
#
-1715 face $-1 $1393 $1386 $3 $-1 $2084 forward single #
-1716 point $-1 -0.30223067559558103 2.266020646207525 1.9220436893068085 #
-1717 coedge $-1 $1392 $1390 $1427 $1752 reversed $1103 $-1 #
-1718 coedge $-1 $1817 $2085 $1390 $1719 reversed $1818 $-1 #
-1719 edge $2086 $1721 0 $2087 1 $1390 $2088 forward 7 unknown #
-1720 ptlist-eye-attrib $-1 $-1 $-1 $1391 #
-1721 vertex $-1 $2081 $2089 #
-1722 ellipse-curve $-1 -0.44531679617112019 1.2763104047233575 0.75 0 0 -1
0.14308612057553916 0.98971024148416475 0 1 F 0 F 1.4087010013487511 #
-1723 plane-surface $-1 13.197769324404419 -4.7974041042373301 0.75 0 0 1 1 0 0
forward_v F -13.625083811902261 F -12.518173732348147 F 5.967146041064459 F
11.183982868036626 #
-1724 point $-1 0.48105494305831864 6.2614949518970349 0.75000000000002931 #
-1725 loop $-1 $-1 $2090 $1399 #
-1726 cone-surface $-1 -0.30223067559558103 -6.2410816407919043 -108.25 1 0 0 0
110.5 0 1 I I 0 1 1 forward I I I I #
-1727 coedge $-1 $2091 $2092 $2093 $2094 reversed $1400 $-1 #
-1728 coedge $-1 $2095 $2096 $1402 $1729 reversed $2097 $-1 #
-1729 edge $2098 $1734 0 $1793 0.002986680520142226 $1728 $2099 forward 7
unknown #
-1730 coedge $-1 $2100 $1403 $1406 $1737 reversed $1732 $-1 #
-1731 coedge $-1 $1403 $2100 $2095 $2101 forward $1732 $-1 #
-1732 loop $-1 $-1 $2100 $2102 #
-1733 ptlist-eye-attrib $-1 $-1 $-1 $1404 #
-1734 vertex $-1 $1729 $2103 #
-1735 ellipse-curve $-1 12.947769324404284 -69.646081640791607
0.75000000000000089 0 0 1 0.12499999999041833 83.704906666216118 0 1 F 0 F
0.0029866805199280778 #
-1736 coedge $-1 $1406 $1405 $2104 $2105 reversed $1407 $-1 #
-1737 edge $2106 $2107 0 $1409 1 $1730 $2108 forward 7 unknown #
-1738 face $-1 $2102 $1407 $3 $-1 $2109 reversed single #
-1739 point $-1 12.822769324393526 14.058825025424511 0.74999999999997868 #
-1740 coedge $-1 $1415 $2104 $1411 $1741 forward $1141 $-1 #
-1741 edge $2110 $1743 0 $1418 1.515392959786847 $1411 $2111 forward 7 unknown
#
-1742 ptlist-eye-attrib $-1 $-1 $-1 $1412 #
-1743 vertex $-1 $1741 $2112 #
-1744 straight-curve $-1 0.78672554943737172 13.207126270494296
-0.75000000000000466 3.7747582837255322e-15 3.5527136788005009e-15
1.4999999999999929 F 0 F 1 #
-1745 spline-surface $-1 forward { exactsur full nubs 3 3 open open none none 2
2 -0.044582627673664603 3 1.0440912154341238 3 59.232923749723241 3
60.98309137352777 3 -0.1992727046800476 11.99180220522841 0.87508381190225748
-0.24777170256253259 12.534088446915844 0.87508381190225748 0.30851074864840722
13.184552724093548 0.87508381190225748 0.85288447774637044 13.213673434766219
0.87508381190225748 -0.1992727046800476 11.99180220522841 0.29169460396741442
-0.24777170256253259 12.534088446915844 0.29169460396741442 0.30851074864840722
13.184552724093548 0.29169460396741442 0.85288447774637044 13.213673434766219
0.29169460396741442 -0.1992727046800476 11.99180220522841 -0.29169460396742863
-0.24777170256253259 12.534088446915844 -0.29169460396742863
0.30851074864840722 13.184552724093548 -0.29169460396742863 0.85288447774637044
13.213673434766219 -0.29169460396742863 -0.1992727046800476 11.99180220522841
-0.87508381190227169 -0.24777170256253259 12.534088446915844
-0.87508381190227169 0.30851074864840722 13.184552724093548
-0.87508381190227169 0.85288447774637044 13.213673434766219
-0.87508381190227169 0 0 0 0 0 0 0 F -0.044582627673664603 F 1.0440912154341238
F 59.232923749723241 F 60.98309137352777 } I I I I #
-1746 ptlist-eye-attrib $-1 $-1 $-1 $1416 #
-1747 straight-curve $-1 -0.20223067559557764 8.2921028355352888
-0.75000000000001177 4.9654724776360126e-14 3.7668155236728076
7.1054273576010019e-15 F 0 F 1 #
-1748 point $-1 -0.20223067559552799 12.058918359208096 -0.75000000000000477 #
-1749 ptlist-eye-attrib $-1 $-1 $-1 $1424 #
-1750 straight-curve $-1 0.53670199261858142 3.1700744109367975
0.74999999999999523 -0.055647049560263784 3.0914205409602391
1.4543921622589551e-14 F 0 F 1 #
-1751 coedge $-1 $1428 $1427 $2085 $2113 reversed $1429 $-1 #
-1752 edge $2114 $1431 0 $2087 1 $1427 $2115 forward 7 unknown #
-1753 face $-1 $883 $1429 $3 $-1 $2116 reversed single #
-1754 point $-1 0.53670199261858142 3.1700744109367975 0.74999999999999523 #
-1755 coedge $-1 $1435 $1433 $2117 $2118 reversed $1141 $-1 #
-1756 coedge $-1 $2085 $2119 $1433 $1757 reversed $1818 $-1 #
-1757 edge $2120 $1759 0 $2121 1 $1433 $2122 forward 7 unknown #
-1758 ptlist-eye-attrib $-1 $-1 $-1 $1434 #
-1759 vertex $-1 $2113 $2123 #
-1760 straight-curve $-1 0.5197852275839786 3.1700595875112398 -0.75
0.016916765034603154 1.4823425557697334e-05 -4.6629367034256575e-15 F 0 F 1 #
-1761 coedge $-1 $2124 $1435 $2125 $2126 forward $1141 $-1 #
-1762 coedge $-1 $2127 $2128 $1435 $1763 reversed $1765 $-1 #
-1763 edge $2129 $2130 0 $2131 1 $1762 $2132 forward 7 unknown #
-1764 face $-1 $2133 $2134 $3 $-1 $2135 reversed single #
-1765 loop $-1 $-1 $1762 $1437 #
-1766 plane-surface $-1 0.60883489279351011 0 0 -1 0 0 0 0 1 forward_v F
-0.87508381190226014 F 0.87508381190226014 F -1.1542115395908246 F
1.1542115395908246 #
-1767 coedge $-1 $2136 $2137 $2138 $2139 forward $1438 $-1 #
-1768 coedge $-1 $1888 $1440 $1885 $2140 forward $1147 $-1 #
-1769 coedge $-1 $1440 $1896 $1893 $2141 forward $1147 $-1 #
-1770 coedge $-1 $1882 $1881 $1440 $1771 forward $1243 $-1 #
-1771 edge $2142 $2143 0 $2144 1 $1770 $2145 forward 7 unknown #
-1772 face $-1 $2146 $2147 $3 $-1 $2148 forward single #
-1773 loop $-1 $2149 $2150 $1441 #
-1774 plane-surface $-1 0 0 22.25 0 0 1 1 0 0 forward_v F -24.762230675595546 F
51.157769324404455 F -31.721081640791905 F 34.838918359208094 #
-1775 loop $-1 $-1 $2151 $1149 #
-1776 coedge $-1 $2152 $2153 $1445 $1781 forward $1442 $-1 #
-1777 coedge $-1 $1444 $2154 $2155 $2156 forward $1150 $-1 #
-1778 coedge $-1 $2157 $1578 $1444 $1779 forward $1918 $-1 #
-1779 edge $2158 $1584 0 $2159 1 $1778 $2160 forward 7 unknown #
-1780 coedge $-1 $1446 $1445 $1582 $1927 reversed $897 $-1 #
-1781 edge $2161 $2162 0 $1787 1 $1776 $2163 forward 7 unknown #
-1782 coedge $-1 $2164 $1447 $1580 $1923 reversed $1784 $-1 #
-1783 coedge $-1 $1447 $2164 $2152 $2165 reversed $1784 $-1 #
-1784 loop $-1 $-1 $2164 $2166 #
-1785 ptlist-eye-attrib $-1 $-1 $-1 $1448 #
-1786 vertex $-1 $1581 $2167 #
-1787 vertex $-1 $1781 $2168 #
-1788 straight-curve $-1 43.197769324404454 27.058918359208093 17.25 0 0 5 F 0
F 1 #
-1789 coedge $-1 $2169 $1449 $2096 $2170 forward $1791 $-1 #
-1790 coedge $-1 $1449 $2169 $1451 $1796 reversed $1791 $-1 #
-1791 loop $-1 $-1 $1449 $2171 #
-1792 ptlist-eye-attrib $-1 $-1 $-1 $1450 #
-1793 vertex $-1 $1450 $2172 #
-1794 ellipse-curve $-1 13.447769324404284 -69.646081640791607
0.75000000000000089 0 0 1 0.12499999999998401 83.704906666216104 0 1 F 0 F
0.0029866805198001537 #
-1795 coedge $-1 $1452 $1451 $2173 $2174 reversed $1453 $-1 #
-1796 edge $2175 $1455 0 $2176 1 $1451 $2177 forward 7 unknown #
-1797 face $-1 $1459 $1453 $3 $-1 $2178 reversed single #
-1798 point $-1 13.572769324404268 14.058825025424497 0.74999999999997868 #
-1799 coedge $-1 $2173 $1461 $1457 $1800 forward $1141 $-1 #
-1800 edge $2179 $1464 0 $1802 1.5153929597878708 $1457 $2180 forward 7 unknown
#
-1801 ptlist-eye-attrib $-1 $-1 $-1 $1458 #
-1802 vertex $-1 $2174 $2181 #
-1803 straight-curve $-1 25.608813099370117 13.207126270494477
0.74999999999999289 4.9737991503207013e-14 -1.2434497875801753e-14 -1.5 F 0 F 1
#
-1804 spline-surface $-1 forward { exactsur full nubs 3 3 open open none none 2
2 -0.044559052217247576 3 1.0440686616109573 3 59.232923749723241 3
60.983091373527756 3 25.541952375080651 13.213710632687581 0.87508381190225748
26.086292689443152 13.185125289055639 0.87508381190225748 26.642805705109033
12.534935561529782 0.87508381190225748 26.594879638721217 11.992570322182535
0.87508381190225748 25.541952375080651 13.213710632687581 0.2916946039674192
26.086292689443152 13.185125289055639 0.2916946039674192 26.642805705109033
12.534935561529782 0.2916946039674192 26.594879638721217 11.992570322182535
0.2916946039674192 25.541952375080651 13.213710632687581 -0.2916946039674192
26.086292689443152 13.185125289055639 -0.2916946039674192 26.642805705109033
12.534935561529782 -0.2916946039674192 26.594879638721217 11.992570322182535
-0.2916946039674192 25.541952375080651 13.213710632687581 -0.87508381190225748
26.086292689443152 13.185125289055639 -0.87508381190225748 26.642805705109033
12.534935561529782 -0.87508381190225748 26.594879638721217 11.992570322182535
-0.87508381190225748 0 0 0 0 0 0 0 F -0.044559052217247576 F 1.0440686616109573
F 59.232923749723241 F 60.983091373527756 } I I I I #
-1805 ptlist-eye-attrib $-1 $-1 $-1 $1462 #
-1806 straight-curve $-1 26.597769324404414 12.058918359208072 -0.75
3.5527136788005009e-15 -3.7668155236727259 -7.1054273576010019e-15 F 0 F 1 #
-1807 point $-1 26.597769324404414 12.058918359208072 -0.75 #
-1808 coedge $-1 $1475 $2182 $2183 $2184 forward $1141 $-1 #
-1809 coedge $-1 $2185 $1482 $1475 $1810 reversed $1484 $-1 #
-1810 edge $2186 $2187 0 $1812 1 $1809 $2188 forward 7 unknown #
-1811 ptlist-eye-attrib $-1 $-1 $-1 $1476 #
-1812 vertex $-1 $1476 $2189 #
-1813 straight-curve $-1 25.858836656190238 3.1700744109367975
-0.75000000000000466 0.016916765034608261 -1.4823425557697334e-05
4.6629367034256575e-15 F 0 F 1 #
-1814 coedge $-1 $1708 $2190 $1479 $1815 forward $2076 $-1 #
-1815 edge $2191 $1821 0 $1711 1.4639189195635995 $1814 $2192 forward 7 unknown
#
-1816 coedge $-1 $2193 $1480 $2190 $2194 reversed $1818 $-1 #
-1817 coedge $-1 $1480 $1718 $1713 $2081 reversed $1818 $-1 #
-1818 loop $-1 $-1 $1816 $2195 #
-1819 ptlist-eye-attrib $-1 $-1 $-1 $1481 #
-1820 vertex $-1 $1714 $2196 #
-1821 vertex $-1 $1815 $2197 #
-1822 ellipse-curve $-1 0.69406562070069378 -6.2410816407919043 -108.25
0.99982857632513134 0.018515344006019934 0 -2.0462962962961839 110.5 0
0.99982857632513134 F 1.5025450938838998 F 1.5117861195089846 #
-1823 coedge $-1 $1483 $2198 $1946 $2199 reversed $1484 $-1 #
-1824 edge $2200 $1486 0 $1950 1 $1608 $2201 forward 7 unknown #
-1825 face $-1 $2202 $1484 $3 $-1 $2203 reversed single #
-1826 point $-1 25.831743577327313 0.7935280170442276 0.74999999999999978 #
-1827 ptlist-eye-attrib $-1 $-1 $-1 $1488 #
-1828 straight-curve $-1 25.875753421224836 3.1700595875112398 0.75
1.0658141036401503e-14 0 -1.5 F 0 F 1 #
-1829 plane-surface $-1 25.859637121170376 3.1700595875112398
60.108007561625499 -8.8090095590387865e-17 1 0 1 8.8090095590387865e-17 0
forward_v F -0.00032232600108933696 F 0.016438626055556186 F 59.232923749723241
F 60.983091373527756 #
-1830 face $-1 $601 $2204 $3 $-1 $2205 forward single #
-1831 loop $-1 $-1 $2206 $1492 #
-1832 plane-surface $-1 -23.302230675595546 -30.441081640791904 17.25 1 0 0 0 1
0 forward_v F -1.28 F 65.280000000000001 F -0.13 F 6.6299999999999999 #
-1833 coedge $-1 $2207 $2208 $1577 $1916 forward $1493 $-1 #
-1834 coedge $-1 $2209 $1495 $2210 $2211 forward $1197 $-1 #
-1835 coedge $-1 $1495 $2209 $1497 $1841 reversed $1197 $-1 #
-1836 coedge $-1 $2212 $2213 $1495 $1837 reversed $2214 $-1 #
-1837 edge $2215 $2216 0 $2217 1 $1836 $2218 forward 7 unknown #
-1838 coedge $-1 $2219 $2220 $1496 $1839 forward $2221 $-1 #
-1839 edge $2222 $1869 0 $1845 1 $1838 $2223 forward 7 unknown #
-1840 coedge $-1 $1497 $1515 $2212 $2224 forward $935 $-1 #
-1841 edge $2225 $2216 0 $1846 1 $1835 $2226 forward 7 unknown #
-1842 coedge $-1 $2208 $1498 $2209 $2227 reversed $1493 $-1 #
-1843 coedge $-1 $1498 $2228 $2219 $2229 reversed $1493 $-1 #
-1844 ptlist-eye-attrib $-1 $-1 $-1 $1499 #
-1845 vertex $-1 $1839 $2230 #
-1846 vertex $-1 $1841 $2231 #
-1847 straight-curve $-1 -24.802230675595546 27.058918359208093 23.75 0 0 -5 F
0 F 1 #
-1848 coedge $-1 $2232 $1866 $1500 $1849 forward $2221 $-1 #
-1849 edge $2233 $1856 0 $1853 1 $1848 $2234 forward 7 unknown #
-1850 coedge $-1 $1501 $1859 $2232 $2235 reversed $1851 $-1 #
-1851 loop $-1 $-1 $1507 $2236 #
-1852 ptlist-eye-attrib $-1 $-1 $-1 $1502 #
-1853 vertex $-1 $1849 $2237 #
-1854 straight-curve $-1 51.197769324404454 -31.9410816407919 14.25 0
-7.1054273576010019e-15 9.5 F 0 F 1 #
-1855 ptlist-eye-attrib $-1 $-1 $-1 $1503 #
-1856 vertex $-1 $1503 $2238 #
-1857 straight-curve $-1 -24.802230675595546 -31.941081640791907 14.25 0 0 9.5
F 0 F 1 #
-1858 point $-1 51.197769324404454 -31.9410816407919 14.25 #
-1859 coedge $-1 $1850 $1507 $1510 $1863 forward $1851 $-1 #
-1860 ptlist-eye-attrib $-1 $-1 $-1 $1508 #
-1861 straight-curve $-1 51.197769324404454 -31.9410816407919 14.25 0 67 0 F 0
F 1 #
-1862 coedge $-1 $1510 $1509 $2220 $2239 reversed $1511 $-1 #
-1863 edge $2240 $1513 0 $2241 1 $1859 $2242 forward 7 unknown #
-1864 face $-1 $2236 $1511 $3 $-1 $2243 forward single #
-1865 point $-1 51.197769324404454 35.0589183592081 14.25 #
-1866 coedge $-1 $1848 $2244 $1515 $1867 forward $2221 $-1 #
-1867 edge $2245 $2246 0 $1856 1 $1866 $2247 forward 7 unknown #
-1868 ptlist-eye-attrib $-1 $-1 $-1 $1516 #
-1869 vertex $-1 $1516 $2248 #
-1870 straight-curve $-1 -24.802230675595546 35.058918359208093 23.75 0 0 -9.5
F 0 F 1 #
-1871 coedge $-1 $1539 $1519 $2249 $2250 reversed $770 $-1 #
-1872 coedge $-1 $2251 $2249 $1522 $1873 reversed $2252 $-1 #
-1873 edge $2253 $2254 0 $1875 1.5707963267948979 $1872 $2255 forward 7 unknown
#
-1874 ptlist-eye-attrib $-1 $-1 $-1 $1523 #
-1875 vertex $-1 $2250 $2256 #
-1876 straight-curve $-1 28.197769324404419 -24.9410816407919
3.4999999999999991 0 -4 8.8817841970012523e-16 F 0 F 1 #
-1877 coedge $-1 $2257 $2258 $1524 $1878 forward $2259 $-1 #
-1878 edge $2260 $2254 0 $2261 1 $1877 $2262 forward 7 unknown #
-1879 face $-1 $2263 $1909 $3 $-1 $2264 forward single #
-1880 plane-surface $-1 28.197769324404419 -29.941081640791904 3.5 0 0 1 -1 0 0
forward_v F -0.6000000000000002 F 30.600000000000001 F -5.1399999999999997 F
2.1400000000000001 #
-1881 coedge $-1 $1770 $1531 $1534 $1886 forward $1243 $-1 #
-1882 coedge $-1 $1531 $1770 $1542 $1894 forward $1243 $-1 #
-1883 ptlist-eye-attrib $-1 $-1 $-1 $1532 #
-1884 straight-curve $-1 1.197769324404419 23.058918359208093 3.5 24 0 0 F 0 F
1 #
-1885 coedge $-1 $1534 $1533 $1768 $2140 reversed $1535 $-1 #
-1886 edge $2265 $1537 0 $2143 1 $1534 $2266 forward 7 unknown #
-1887 point $-1 25.197769324404419 23.058918359208093 3.5 #
-1888 coedge $-1 $2267 $1768 $1539 $1889 forward $1147 $-1 #
-1889 edge $2268 $1891 0 $2269 1 $1539 $2270 forward 7 unknown #
-1890 ptlist-eye-attrib $-1 $-1 $-1 $1540 #
-1891 vertex $-1 $1889 $2271 #
-1892 straight-curve $-1 28.197769324404419 20.058918359208093 3.5 0 0
-4.2499999999999991 F 0 F 1 #
-1893 coedge $-1 $1543 $1542 $1769 $2141 reversed $1470 $-1 #
-1894 edge $2272 $2144 0 $1545 1 $1882 $2273 forward 7 unknown #
-1895 point $-1 1.197769324404419 23.058918359208093 3.4999999999999964 #
-1896 coedge $-1 $1769 $2274 $1547 $1897 forward $1147 $-1 #
-1897 edge $2275 $1911 0 $1899 1 $1547 $2276 forward 7 unknown #
-1898 ptlist-eye-attrib $-1 $-1 $-1 $1548 #
-1899 vertex $-1 $2141 $2277 #
-1900 straight-curve $-1 -1.802230675595581 20.058918359208093
-0.74999999999999933 0 0 4.2499999999999991 F 0 F 1 #
-1901 ptlist-eye-attrib $-1 $-1 $-1 $1552 #
-1902 ellipse-curve $-1 -4.3022306755955464 -4.9410816407919071 10.25 0 0 -1
2.4999999999999654 -3.1224989991992267 0 1 F 0 F 4.4918557194638344 #
-1903 ptlist-eye-attrib $-1 $-1 $-1 $1559 #
-1904 ellipse-curve $-1 30.697769324404454 -4.9410816407919071 10.25 0 0 -1
-2.5000000000000355 3.1224989991991707 0 1 F 0 F 4.4918557194638788 #
-1905 point $-1 28.197769324404419 -8.0635806399910752 10.25 #
-1906 plane-surface $-1 0 0 10.25 0 0 -1 -1 0 0 forward_v F -35.566084837911028
F 9.1705461891021169 F -9.1017114023956047 F -0.78045187918821057 #
-1907 coedge $-1 $2278 $1570 $2274 $2279 reversed $1909 $-1 #
-1908 coedge $-1 $1570 $2278 $1572 $1913 reversed $1909 $-1 #
-1909 loop $-1 $-1 $2278 $1879 #
-1910 ptlist-eye-attrib $-1 $-1 $-1 $1571 #
-1911 vertex $-1 $1897 $2280 #
-1912 straight-curve $-1 -1.802230675595581 -28.941081640791907 3.5 0 0
-4.2499999999999991 F 0 F 1 #
-1913 edge $2281 $1574 0 $2261 1.5707963267948954 $1908 $2282 forward 7 unknown
#
-1914 point $-1 -1.802230675595581 -28.941081640791907 3.5 #
-1915 coedge $-1 $2283 $1577 $2284 $2285 reversed $785 $-1 #
-1916 edge $2286 $2287 0 $1920 1 $1577 $2288 forward 7 unknown #
-1917 coedge $-1 $1578 $2157 $2207 $2289 reversed $1918 $-1 #
-1918 loop $-1 $-1 $1778 $2290 #
-1919 ptlist-eye-attrib $-1 $-1 $-1 $1579 #
-1920 vertex $-1 $2289 $2291 #
-1921 straight-curve $-1 -16.802230675595546 33.558918359208093 17.25 0 -6.5 0
F 0 F 1 #
-1922 coedge $-1 $1580 $2292 $2293 $2294 reversed $785 $-1 #
-1923 edge $2295 $2296 0 $1786 1 $1782 $2297 forward 7 unknown #
-1924 ptlist-eye-attrib $-1 $-1 $-1 $1581 #
-1925 straight-curve $-1 43.197769324404454 33.558918359208093 17.25 0 -6.5 0 F
0 F 1 #
-1926 coedge $-1 $2298 $1582 $2153 $2299 forward $1150 $-1 #
-1927 edge $2300 $1585 0 $2162 1 $1582 $2301 forward 7 unknown #
-1928 point $-1 -16.802230675595546 33.558918359208093 17.25 #
-1929 point $-1 43.197769324404454 33.558918359208093 17.25 #
-1930 face $-1 $2302 $2038 $3 $-1 $2303 forward single #
-1931 plane-surface $-1 13.197769324404419 -4.7974041042373301 0.75 0 0 1 1 0 0
forward_v F -13.625083811902261 F -12.184466990448273 F -14.053018021529599 F
-8.799762948572134 #
-1932 coedge $-1 $2304 $1589 $2305 $2306 reversed $1279 $-1 #
-1933 coedge $-1 $2052 $2307 $1589 $1934 reversed $2066 $-1 #
-1934 edge $2308 $2058 0 $2309 1 $1589 $2310 forward 7 unknown #
-1935 ptlist-eye-attrib $-1 $-1 $-1 $1592 #
-1936 ellipse-curve $-1 30.697769324404458 -4.9410816407919071 10.25 0 0 1
1.5999999999999979 0 0 1 F 0 F 3.1415926535897931 #
-1937 coedge $-1 $2311 $1599 $2312 $2313 reversed $230 $-1 #
-1938 coedge $-1 $2314 $2315 $1599 $1939 forward $2316 $-1 #
-1939 edge $2317 $2318 0 $1944 1 $1938 $2319 forward 7 unknown #
-1940 coedge $-1 $2320 $1600 $1603 $1947 forward $1942 $-1 #
-1941 coedge $-1 $1600 $2320 $2314 $2321 reversed $1942 $-1 #
-1942 loop $-1 $-1 $2320 $2202 #
-1943 ptlist-eye-attrib $-1 $-1 $-1 $1601 #
-1944 vertex $-1 $1939 $2322 #
-1945 straight-curve $-1 26.697769324404419 -1.2350081603768253
0.74999999999999756 0 -3.9968028886505635e-15 1.3865445981016504 F 0 F 1 #
-1946 coedge $-1 $1603 $1602 $1823 $2199 forward $1604 $-1 #
-1947 edge $2323 $1606 0 $2324 1.1519199024775524 $1940 $2325 forward 7 unknown
#
-1948 point $-1 26.697769324404419 -1.2350081603768293 2.136544598101648 #
-1949 ptlist-eye-attrib $-1 $-1 $-1 $1609 #
-1950 vertex $-1 $1609 $2326 #
-1951 intcurve-curve $-1 forward { exactcur full nubs 3 open 9 0 3
0.20689647593984087 1 0.39367076318309552 1 0.56666721438516254 1
0.73308603656507643 1 0.90279729467784808 1 1.0745981307009289 1
1.2470902698907749 1 1.4179388482028397 3 25.831743577327309 0.7935280170442427
2.0258553218331556 25.833017907842123 0.8623418648441854 2.0214656160638049
25.849070521216213 0.99343846704602345 2.012977471058667 25.908482332599483
1.173423131674139 2.0010057439065454 25.99260463029011 1.327981674082134
1.9904917599008916 26.09806345292083 1.4616129102931117 1.9812277852212561
26.224162697729795 1.5755309047669872 1.9732015288596432 26.369595576144572
1.6674885099803105 1.9666348786137366 26.529005083825464 1.7333220191219745
1.9618856690296709 26.641334556516817 1.7584009985198159 1.9600645851768235
26.697769324404419 1.7660206462075809 1.9595109914091169 0 null_surface
null_surface nullbs nullbs I I 0 0 0 I I } I I #
-1952 face $-1 $2327 $2328 $3 $-1 $2329 forward single #
-1953 cone-surface $-1 26.831572153652445 0.7750126730382334 -0.5 0 0 1
-0.133802829248026 0.9910079731693493 0 1 I I 0 1 1 forward I I I I #
-1954 coedge $-1 $1960 $2003 $1962 $2330 forward $1614 $-1 #
-1955 coedge $-1 $2331 $1616 $2311 $2332 forward $1307 $-1 #
-1956 coedge $-1 $1616 $2333 $2334 $2335 reversed $1307 $-1 #
-1957 coedge $-1 $2336 $2337 $1616 $1958 reversed $2338 $-1 #
-1958 edge $2339 $2340 1.5888580728800132 $2341 1.5888605140356276 $1957 $2342
forward 7 unknown #
-1959 coedge $-1 $1617 $2343 $2344 $2345 reversed $230 $-1 #
-1960 coedge $-1 $2346 $1954 $1617 $1961 forward $1614 $-1 #
-1961 edge $2347 $1965 0 $2348 0.027222216368590697 $1617 $2349 forward 7
unknown #
-1962 coedge $-1 $1647 $1618 $1954 $2330 reversed $1333 $-1 #
-1963 coedge $-1 $1618 $1647 $1620 $1968 forward $1333 $-1 #
-1964 ptlist-eye-attrib $-1 $-1 $-1 $1619 #
-1965 vertex $-1 $1961 $2350 #
-1966 straight-curve $-1 26.697769324404419 -15.239123386714269 0.75 0 0
1.1330343027860021 F 0 F 1 #
-1967 coedge $-1 $2001 $1620 $2000 $2351 forward $1622 $-1 #
-1968 edge $2352 $2353 0 $1624 1 $1620 $2354 forward 7 unknown #
-1969 coedge $-1 $1621 $1970 $2355 $2356 forward $1622 $-1 #
-1970 coedge $-1 $1969 $2357 $2358 $2359 forward $1622 $-1 #
-1971 point $-1 26.697769324404419 -15.239123386714269 0.75 #
-1972 coedge $-1 $2355 $1631 $1626 $1973 forward $1980 $-1 #
-1973 edge $2360 $1634 0 $1975 1 $1972 $2361 forward 7 unknown #
-1974 ptlist-eye-attrib $-1 $-1 $-1 $1627 #
-1975 vertex $-1 $1627 $2362 #
-1976 straight-curve $-1 26.516538658413683 -18.23679606985435
0.74999999999999423 0.18123066599073567 -0.0033561234442700538
6.4392935428259079e-15 F 0 F 1 #
-1977 face $-1 $2363 $1980 $3 $-1 $2364 forward single #
-1978 plane-surface $-1 -1.4740338328925517 -17.718452134830223 -0.25
0.018515344006018571 0.99982857632513134 1.0566372262213871e-15
-1.9564001733054505e-17 -1.0564560935850651e-15 1.0000000000000002 forward_v F
0.87491618809774008 F 1.9720356828412249 F 27.870287748876283 F
28.301717111224836 #
-1979 coedge $-1 $1631 $2358 $1666 $2028 forward $1980 $-1 #
-1980 loop $-1 $-1 $1972 $1977 #
-1981 ptlist-eye-attrib $-1 $-1 $-1 $1632 #
-1982 vertex $-1 $1667 $2365 #
-1983 intcurve-curve $-1 forward { exactcur full nubs 3 open 7 0 3
0.26233096316322407 1 0.52879423619103239 1 0.78974418099183807 1
1.0499251300200119 1 1.3131197874458893 1 1.5713071499854694 3
25.498194738082582 -19.218109302173442 1.4853486943734979 25.499802587531722
-19.131285431919828 1.4956162679435003 25.526102569954137 -18.955826994007744
1.5161490394062931 25.63231178245039 -18.713293291673928 1.5439493537075544
25.797741213081778 -18.506894748187893 1.5671704673861644 26.010269978884494
-18.350494078693767 1.5845003466748619 26.255468060876666 -18.254654374065503
1.5950051232573621 26.430491133268696 -18.235202597166474 1.5971258843548062
26.516538658413726 -18.236796069854343 1.5969518709389705 0 null_surface
null_surface nullbs nullbs I I 0 0 0 I I } I I #
-1984 point $-1 26.516538658413879 -18.23679606985435 1.5969518709389661 #
-1985 face $-1 $2195 $2076 $3 $-1 $2366 forward single #
-1986 cone-surface $-1 -0.30223067559558103 -6.2410816407919043 -108.25 1 0 0 0
110.5 0 1 I I 0 1 1 forward I I I I #
-1987 coedge $-1 $2367 $1638 $2368 $2369 forward $630 $-1 #
-1988 coedge $-1 $1639 $2370 $1638 $1989 reversed $1991 $-1 #
-1989 edge $2371 $1993 0 $2372 1.3038939605198288 $1988 $2373 forward 7 unknown
#
-1990 coedge $-1 $2374 $1639 $1641 $1996 forward $1991 $-1 #
-1991 loop $-1 $-1 $1990 $2363 #
-1992 ptlist-eye-attrib $-1 $-1 $-1 $1640 #
-1993 vertex $-1 $1989 $2375 #
-1994 intcurve-curve $-1 forward { exactcur full nubs 3 open 2 0 3
0.28040764120624834 3 25.466284668410484 -20.941253064466775 0.75
25.4645540537642 -21.034706255366086 0.75 25.446712915357701
-21.128513652546108 0.75 25.418059691194994 -21.217482673342104 0.75 0
null_surface null_surface nullbs nullbs I I 0 0 0 I I } I I #
-1995 coedge $-1 $1641 $1652 $2376 $2377 reversed $829 $-1 #
-1996 edge $2378 $1643 0 $2379 1 $1990 $2380 forward 7 unknown #
-1997 point $-1 25.466284668410484 -20.941253064466775 0.75 #
-1998 coedge $-1 $1649 $2000 $1647 $1999 forward $1060 $-1 #
-1999 edge $2381 $2353 0 $2382 1 $1647 $2383 forward 7 unknown #
-2000 coedge $-1 $1998 $1648 $1967 $2351 reversed $1060 $-1 #
-2001 coedge $-1 $2357 $1967 $1648 $2002 forward $1622 $-1 #
-2002 edge $2384 $2385 0 $2008 0.78539816339741875 $2001 $2386 forward 7
unknown #
-2003 coedge $-1 $1954 $1655 $1649 $2004 reversed $1614 $-1 #
-2004 edge $2387 $2382 0 $2007 1.5686492783764971 $1649 $2388 forward 7 unknown
#
-2005 coedge $-1 $1650 $1666 $2357 $2389 reversed $829 $-1 #
-2006 ptlist-eye-attrib $-1 $-1 $-1 $1651 #
-2007 vertex $-1 $2004 $2390 #
-2008 vertex $-1 $1651 $2391 #
-2009 straight-curve $-1 25.590780981650163 -14.218452149523246
1.9616670764326245 0 -1.2434497875801753e-14 -1.2116670764326412 F 0 F 1 #
-2010 coedge $-1 $2392 $2393 $1652 $2011 reversed $2394 $-1 #
-2011 edge $2395 $2016 0 $2396 1 $2010 $2397 forward 7 unknown #
-2012 coedge $-1 $2398 $1653 $1658 $2024 forward $2014 $-1 #
-2013 coedge $-1 $1653 $2399 $2392 $2400 reversed $2014 $-1 #
-2014 loop $-1 $-1 $2013 $2401 #
-2015 ptlist-eye-attrib $-1 $-1 $-1 $1654 #
-2016 vertex $-1 $2011 $2402 #
-2017 straight-curve $-1 25.663803630114032 -10.275229132474045 0.75
-0.054497780920353733 -2.9428801696994231 -1.2212453270876722e-15 F 0 F 1 #
-2018 coedge $-1 $1655 $2346 $1657 $2022 reversed $1614 $-1 #
-2019 ptlist-eye-attrib $-1 $-1 $-1 $1656 #
-2020 ellipse-curve $-1 25.738510065145174 -6.2410816407919043 -108.25
0.99982857632513134 -0.018515344006018803 0 2.0462962962960596 110.5 0
0.99982857632513134 F 1.6339788780510469 F 1.6430525832362191 #
-2021 coedge $-1 $2023 $1657 $2403 $2404 forward $1659 $-1 #
-2022 edge $2405 $1662 0 $2406 1.5676668523395627 $1657 $2407 forward 7 unknown
#
-2023 coedge $-1 $1658 $2021 $2398 $2408 reversed $1659 $-1 #
-2024 edge $2409 $1661 0 $2410 0.78539816339740509 $1658 $2411 forward 7
unknown #
-2025 face $-1 $540 $1659 $3 $-1 $2412 forward single #
-2026 point $-1 25.609305849193678 -13.218109302173469 0.74999999999999878 #
-2027 point $-1 25.609305849193678 -13.218109302173456 2.0295134420365315 #
-2028 edge $2413 $2414 0 $1982 1 $1979 $2415 forward 7 unknown #
-2029 ptlist-eye-attrib $-1 $-1 $-1 $1667 #
-2030 ellipse-curve $-1 25.738510065145174 -6.2410816407919043 -108.25
0.99982857632513134 -0.018515344006018803 0 2.0462962962960596 110.5 0
0.99982857632513134 F 1.6885071331223127 F 1.6976281367950292 #
-2031 ptlist-eye-attrib $-1 $-1 $-1 $1670 #
-2032 ellipse-curve $-1 -4.3022306755955464 -4.9410816407919071 10.25 0 0 1
1.5999999999999996 0 0 1 F 0 F 3.1415926535897931 #
-2033 coedge $-1 $2416 $1677 $2417 $2418 forward $239 $-1 #
-2034 coedge $-1 $2419 $2091 $1677 $2035 reversed $1400 $-1 #
-2035 edge $2420 $2040 0 $2421 0.027214101592435407 $2034 $2422 forward 7
unknown #
-2036 coedge $-1 $2423 $1678 $1681 $2044 reversed $2038 $-1 #
-2037 coedge $-1 $1678 $2423 $2419 $2424 reversed $2038 $-1 #
-2038 loop $-1 $-1 $1678 $1930 #
-2039 ptlist-eye-attrib $-1 $-1 $-1 $1679 #
-2040 vertex $-1 $2035 $2425 #
-2041 straight-curve $-1 -0.30223067559558103 -14.739123386714326 0.75 0
-1.0658141036401503e-14 1.1727429380087646 F 0 F 1 #
-2042 coedge $-1 $2305 $1680 $2304 $2426 forward $1682 $-1 #
-2043 coedge $-1 $1681 $2045 $2427 $2428 forward $1682 $-1 #
-2044 edge $2429 $2430 0 $1684 1 $2036 $2431 forward 7 unknown #
-2045 coedge $-1 $2043 $2432 $2433 $2434 forward $1682 $-1 #
-2046 point $-1 -0.30223067559558103 -14.739123386714326 0.75 #
-2047 coedge $-1 $1691 $2304 $1686 $2048 forward $1279 $-1 #
-2048 edge $2435 $2050 0 $1694 1 $1686 $2436 forward 7 unknown #
-2049 ptlist-eye-attrib $-1 $-1 $-1 $1687 #
-2050 vertex $-1 $2048 $2437 #
-2051 straight-curve $-1 -0.093094710265222869 -17.744025081545541
0.74999999999999423 -0.20913596533035805 0.0038728882468568315
6.4392935428259079e-15 F 0 F 1 #
-2052 coedge $-1 $2065 $1933 $1689 $2053 forward $2066 $-1 #
-2053 edge $2438 $2058 1.6840177696018135 $2055 1.6931400913857761 $2052 $2439
forward 7 unknown #
-2054 ptlist-eye-attrib $-1 $-1 $-1 $1690 #
-2055 vertex $-1 $2053 $2440 #
-2056 intcurve-curve $-1 forward { exactcur full nubs 3 open 7 0 3
0.2680463865396146 1 0.5407407443366834 1 0.80831440684332889 1
1.075205924808462 1 1.3451885070599368 1 1.6094656730354997 3
0.90675609962658632 -19.726367502790637 1.4240491876732702 0.90839806198348128
-19.815033470062712 1.4131470105060124 0.88766728115263449 -19.995202055355641
1.390767237653403 0.78618725624554175 -20.246211448148216 1.3589648541771364
0.62160454082901284 -20.46132219310087 1.3312344951762605 0.40633566357888617
-20.625177204034738 1.3098179486279375 0.1558921842978625 -20.725846466306791
1.2965325291458611 -0.023510797816824081 -20.746342479101216 1.2938150272282074
-0.11158782070458108 -20.744711423121807 1.2940309790410827 0 null_surface
null_surface nullbs nullbs I I 0 0 0 I I } I I #
-2057 ptlist-eye-attrib $-1 $-1 $-1 $1692 #
-2058 vertex $-1 $1692 $2441 #
-2059 intcurve-curve $-1 forward { exactcur full nubs 3 open 7 0 3
0.25292597198423439 1 0.51048107668563192 1 0.76449570148033996 1
1.0190000572254521 1 1.2785276160545715 1 1.5341979097503833 3
-0.093094710265226602 -17.744025081545537 1.6496464607544699
-0.0088006637277286137 -17.745586082407343 1.6494830743815143
0.16170588074678821 -17.770498817592092 1.6468786459063276 0.39861661931835524
-17.871070549219894 1.6363001739005654 0.60254310298426283 -18.028467545769125
1.619552350362804 0.76045108962460117 -18.232319217188177 1.5975169264493214
0.86158402617799268 -18.469669705178745 1.571367566042444 0.88665068056610474
-18.640674873524599 1.5521281589654485 0.88821852205388385 -18.725338313864643
1.5425012709011849 0 null_surface null_surface nullbs nullbs I I 0 0 0 I I } I
I #
-2060 point $-1 -0.093094710265404501 -17.744025081545537 1.6496464607544681 #
-2061 coedge $-1 $1699 $2442 $2443 $2444 forward $630 $-1 #
-2062 coedge $-1 $2445 $2446 $1699 $2063 reversed $2447 $-1 #
-2063 edge $2448 $2449 0 $2068 1.5363203674706671 $1699 $2450 forward 7 unknown
#
-2064 coedge $-1 $2451 $1700 $2446 $2452 reversed $2066 $-1 #
-2065 coedge $-1 $1700 $2052 $1702 $2070 reversed $2066 $-1 #
-2066 loop $-1 $-1 $2453 $2454 #
-2067 ptlist-eye-attrib $-1 $-1 $-1 $1701 #
-2068 vertex $-1 $2452 $2455 #
-2069 straight-curve $-1 0.92925398039836438 -20.941253064466739
0.74999999999999045 -0.022497880771778056 1.2148855616761267
-2.2426505097428162e-14 F 0 F 1 #
-2070 edge $2456 $1704 0 $2055 1 $1702 $2457 forward 7 unknown #
-2071 point $-1 0.90675609962658665 -19.726367502790652 0.74999999999990052 #
-2072 coedge $-1 $1707 $2458 $2459 $2460 reversed $239 $-1 #
-2073 coedge $-1 $2461 $2462 $1707 $2074 reversed $2463 $-1 #
-2074 edge $2464 $2465 0 $2078 1 $2073 $2466 forward 7 unknown #
-2075 coedge $-1 $2190 $1708 $2462 $2467 reversed $2076 $-1 #
-2076 loop $-1 $-1 $1708 $1985 #
-2077 ptlist-eye-attrib $-1 $-1 $-1 $1709 #
-2078 vertex $-1 $1709 $2468 #
-2079 straight-curve $-1 -0.30223067559558103 -0.73500816037688743
2.1127344479479153 0 1.3322676295501878e-15 -1.3627344479479151 F 0 F 1 #
-2080 point $-1 -0.30223067559558103 -0.73500816037688743 2.1127344479479153 #
-2081 edge $2469 $1820 0 $1721 1 $1713 $2470 forward 7 unknown #
-2082 ptlist-eye-attrib $-1 $-1 $-1 $1714 #
-2083 intcurve-curve $-1 forward { exactcur full nubs 3 open 9 0 3
0.16931770353862835 1 0.34047891171836053 1 0.51105781385139271 1
0.67955652298330094 1 0.8449173536658553 1 1.0169115797960173 1
1.2027426717744778 1 1.4088449004126529 3 -0.30223067559558103
2.266020646207525 1.9220436893068085 -0.24637559623898025 2.2579454679537463
1.9226672265045424 -0.13521491078572381 2.2321209807924944 1.9246600870299087
0.022437776136609397 2.1656875558810622 1.9297546770245058 0.16624095908271047
2.0735746226329512 1.9367509181675526 0.29091978329679424 1.9598884165264336
1.9452773148339468 0.39521315857888661 1.8267908118664691 1.955109325996822
0.47846263345500717 1.6729637798578976 1.9662735238338453 0.53732284405453101
1.4938308835640703 1.9790048199827437 0.55324272278096442 1.3633548468739032
1.9880481679833761 0.55451178015401115 1.2948257487293766 1.9927326394649882 0
null_surface null_surface nullbs nullbs I I 0 0 0 I I } I I #
-2084 cone-surface $-1 -0.44531679617112019 1.2763104047233575 -0.5 0 0 -1
0.14308612057553916 0.98971024148416475 0 1 I I 0 1 1 forward I I I I #
-2085 coedge $-1 $1718 $1756 $1751 $2113 forward $1818 $-1 #
-2086 ptlist-eye-attrib $-1 $-1 $-1 $1719 #
-2087 vertex $-1 $1719 $2471 #
-2088 straight-curve $-1 0.55451178015401104 1.2948257487293806 0.75
-0.034726552570032321 1.8752338387818592 0 F 0 F 1 #
-2089 point $-1 0.55451178015401159 1.294825748729389 0.75 #
-2090 coedge $-1 $2472 $2473 $2458 $2474 reversed $1725 $-1 #
-2091 coedge $-1 $2034 $1727 $2475 $2476 reversed $1400 $-1 #
-2092 coedge $-1 $1727 $2477 $2478 $2479 reversed $1400 $-1 #
-2093 coedge $-1 $2480 $2481 $1727 $2094 forward $2482 $-1 #
-2094 edge $2483 $2484 0 $2485 1.5307465910380058 $2093 $2486 forward 7 unknown
#
-2095 coedge $-1 $2487 $1728 $1731 $2101 reversed $2097 $-1 #
-2096 coedge $-1 $1728 $2487 $1789 $2170 reversed $2097 $-1 #
-2097 loop $-1 $-1 $1728 $2488 #
-2098 ptlist-eye-attrib $-1 $-1 $-1 $1729 #
-2099 ellipse-curve $-1 13.197769324404284 -69.646081640791579
0.74999999999999822 0 0 -1 -0.12500000000958167 83.70490666621609 0 1 F 0 F
0.002986680520142226 #
-2100 coedge $-1 $1731 $1730 $2489 $2490 forward $1732 $-1 #
-2101 edge $2491 $2492 0 $1734 1 $2095 $2493 forward 7 unknown #
-2102 face $-1 $2488 $1732 $3 $-1 $2494 reversed single #
-2103 point $-1 13.072769324394702 14.058825025424511 0.75000000000000089 #
-2104 coedge $-1 $1740 $2489 $1736 $2105 forward $1141 $-1 #
-2105 edge $2495 $2107 0 $1743 0.14427587043013684 $1736 $2496 forward 7
unknown #
-2106 ptlist-eye-attrib $-1 $-1 $-1 $1737 #
-2107 vertex $-1 $2105 $2497 #
-2108 straight-curve $-1 12.822769324400678 14.058825025424483
-0.75000000000000677 1.7763568394002505e-14 0 1.5 F 0 F 1 #
-2109 cone-surface $-1 12.697769324404284 -69.646081640791607
60.108007561625499 0 0 -1 11.911043774965883 82.853207911286063 0 1 I I 0 1 1
forward I I I I #
-2110 ptlist-eye-attrib $-1 $-1 $-1 $1741 #
-2111 intcurve-curve $-1 forward { exactcur full nubs 3 open 2 0 3
1.515392959786847 3 0.78672554943737172 13.207126270494296 -0.75000000000000466
0.28673483616051193 13.135247203611392 -0.75000000000000466
-0.20223067559552088 12.564049345803712 -0.75000000000000466
-0.20223067559552799 12.058918359208096 -0.75000000000000466 0 null_surface
null_surface nullbs nullbs I I 0 0 0 I I } I I #
-2112 point $-1 0.78672554943737172 13.207126270494296 -0.75000000000000466 #
-2113 edge $2498 $1759 0 $2087 1 $1751 $2499 forward 7 unknown #
-2114 ptlist-eye-attrib $-1 $-1 $-1 $1752 #
-2115 straight-curve $-1 0.53670199261858142 3.1700744109367975
0.74999999999999523 -0.016916765034602821 -1.4823425557697334e-05
4.7739590058881731e-15 F 0 F 1 #
-2116 plane-surface $-1 0.51978522758397894 3.1700595875112398
60.108007561625499 -8.8090095590387865e-17 1 0 1 8.8090095590387865e-17 0
forward_v F -0.00032232600108937247 F 0.016438626055557997 F 59.232923749723241
F 60.983091373527756 #
-2117 coedge $-1 $2137 $2136 $1755 $2118 forward $1438 $-1 #
-2118 edge $2500 $2130 0 $2121 1 $2117 $2501 forward 7 unknown #
-2119 coedge $-1 $1756 $2193 $2137 $2502 forward $1818 $-1 #
-2120 ptlist-eye-attrib $-1 $-1 $-1 $1757 #
-2121 vertex $-1 $1757 $2503 #
-2122 straight-curve $-1 0.5197852275839786 3.1700595875112398 -0.75
0.039646886293010053 -2.1409318598226754 0 F 0 F 1 #
-2123 point $-1 0.5197852275839786 3.1700595875112398 -0.75 #
-2124 coedge $-1 $2504 $1761 $2505 $2506 forward $1141 $-1 #
-2125 coedge $-1 $2507 $2508 $1761 $2126 reversed $2134 $-1 #
-2126 edge $2509 $2131 0 $2510 1 $2125 $2511 forward 7 unknown #
-2127 coedge $-1 $2512 $1762 $2136 $2513 reversed $1765 $-1 #
-2128 coedge $-1 $1762 $2512 $2507 $2514 reversed $1765 $-1 #
-2129 ptlist-eye-attrib $-1 $-1 $-1 $1763 #
-2130 vertex $-1 $2118 $2515 #
-2131 vertex $-1 $2126 $2516 #
-2132 straight-curve $-1 0.60883489279351011 1.0291277276885644 -0.75 0
-2.0582554553771288 0 F 0 F 1 #
-2133 face $-1 $2517 $2518 $3 $-1 $2519 reversed single #
-2134 loop $-1 $-1 $2125 $1764 #
-2135 plane-surface $-1 0 -1.0291277276885644 0 0 1 0 0 0 1 forward_v F
-0.87508381190226014 F 0.87508381190226014 F 0.60187489045191811 F
0.60897136342765901 #
-2136 coedge $-1 $2117 $1767 $2127 $2513 forward $1438 $-1 #
-2137 coedge $-1 $1767 $2117 $2119 $2502 reversed $1438 $-1 #
-2138 coedge $-1 $2520 $2521 $1767 $2139 reversed $2463 $-1 #
-2139 edge $2522 $2523 0 $2524 1 $2138 $2525 forward 7 unknown #
-2140 edge $2526 $2143 0 $1891 1.5707963267948954 $1885 $2527 forward 7 unknown
#
-2141 edge $2528 $1899 0 $2144 1.5707963267948966 $1893 $2529 forward 7 unknown
#
-2142 ptlist-eye-attrib $-1 $-1 $-1 $1771 #
-2143 vertex $-1 $2140 $2530 #
-2144 vertex $-1 $2141 $2531 #
-2145 straight-curve $-1 25.197769324404419 23.058918359208093 -0.75 -24 0 0 F
0 F 1 #
-2146 face $-1 $2532 $2533 $3 $-1 $2534 forward single #
-2147 loop $-1 $2535 $2536 $1772 #
-2148 plane-surface $-1 0 0 22.25 0 0 1 1 0 0 forward_v F -24.762230675595546 F
51.157769324404455 F -31.721081640791905 F 34.838918359208094 #
-2149 loop $-1 $-1 $2537 $1441 #
-2150 coedge $-1 $2538 $2539 $2540 $2541 forward $1773 $-1 #
-2151 coedge $-1 $2542 $2542 $2543 $2544 reversed $1775 $-1 #
-2152 coedge $-1 $2545 $1776 $1783 $2165 forward $1442 $-1 #
-2153 coedge $-1 $1776 $2545 $1926 $2299 reversed $1442 $-1 #
-2154 coedge $-1 $1777 $2546 $2547 $2548 reversed $1150 $-1 #
-2155 coedge $-1 $2549 $2550 $1777 $2156 reversed $2533 $-1 #
-2156 edge $2551 $2552 0 $2159 1 $2155 $2553 forward 7 unknown #
-2157 coedge $-1 $1917 $1778 $2550 $2554 reversed $1918 $-1 #
-2158 ptlist-eye-attrib $-1 $-1 $-1 $1779 #
-2159 vertex $-1 $2156 $2555 #
-2160 straight-curve $-1 -16.802230675595546 33.558918359208093 17.25 0 0 5 F 0
F 1 #
-2161 ptlist-eye-attrib $-1 $-1 $-1 $1781 #
-2162 vertex $-1 $1927 $2556 #
-2163 straight-curve $-1 43.197769324404454 33.558918359208093 22.25 0 -6.5 0 F
0 F 1 #
-2164 coedge $-1 $1783 $1782 $2557 $2558 forward $1784 $-1 #
-2165 edge $2559 $1787 0 $2560 1 $1783 $2561 forward 7 unknown #
-2166 face $-1 $2562 $1784 $3 $-1 $2563 forward single #
-2167 point $-1 43.197769324404454 27.058918359208093 17.25 #
-2168 point $-1 43.197769324404454 27.058918359208093 22.25 #
-2169 coedge $-1 $1790 $1789 $2564 $2565 forward $1791 $-1 #
-2170 edge $2566 $1793 0 $2567 1 $1789 $2568 forward 7 unknown #
-2171 face $-1 $1797 $1791 $3 $-1 $2569 reversed single #
-2172 point $-1 13.322769324413802 14.058825025424511 0.75000000000000089 #
-2173 coedge $-1 $2564 $1799 $1795 $2174 forward $1141 $-1 #
-2174 edge $2570 $1802 0 $2176 0.14427587043025775 $1795 $2571 forward 7
unknown #
-2175 ptlist-eye-attrib $-1 $-1 $-1 $1796 #
-2176 vertex $-1 $2565 $2572 #
-2177 straight-curve $-1 13.572769324404273 14.058825025424492
0.74999999999999312 -7.1054273576010019e-15 0 -1.5 F 0 F 1 #
-2178 cone-surface $-1 13.697769324404284 -69.646081640791607
60.108007561625499 0 0 -1 11.911043774965883 82.853207911286063 0 1 I I 0 1 1
forward I I I I #
-2179 ptlist-eye-attrib $-1 $-1 $-1 $1800 #
-2180 intcurve-curve $-1 forward { exactcur full nubs 3 open 2 0 3
1.5153929597878708 3 26.59776932440441 12.058918359208072 -0.75
26.59776932440441 12.564049345804028 -0.75 26.108803812647366
13.135247203611513 -0.75000000000000711 25.608813099370167 13.207126270494465
-0.75000000000000711 0 null_surface null_surface nullbs nullbs I I 0 0 0 I I }
I I #
-2181 point $-1 25.608813099370167 13.207126270494465 -0.75000000000000711 #
-2182 coedge $-1 $1808 $2573 $2574 $2575 reversed $1141 $-1 #
-2183 coedge $-1 $2576 $2577 $1808 $2184 reversed $2578 $-1 #
-2184 edge $2579 $2580 0 $2187 1 $2183 $2581 forward 7 unknown #
-2185 coedge $-1 $2198 $1809 $2577 $2582 forward $1484 $-1 #
-2186 ptlist-eye-attrib $-1 $-1 $-1 $1810 #
-2187 vertex $-1 $1810 $2583 #
-2188 straight-curve $-1 25.803569738794543 -0.60734731676882758 -0.75
0.072183682430303264 3.7774069042800673 0 F 0 F 1 #
-2189 point $-1 25.875753421224847 3.1700595875112398 -0.75 #
-2190 coedge $-1 $1814 $2075 $1816 $2194 forward $2076 $-1 #
-2191 ptlist-eye-attrib $-1 $-1 $-1 $1815 #
-2192 intcurve-curve $-1 forward { exactcur full nubs 3 open 9 0 3
0.21499567755714166 1 0.40826107254315469 1 0.58691208900515668 1
0.75849468049080737 1 0.93343847154452386 1 1.1105250893320417 1
1.2882116730470643 1 1.4639189195635995 3 0.57338332062861375
0.27576256310074904 2.0576640203308405 0.57470791811897348 0.20423429862132181
2.0618898242215051 0.56253602427503846 0.067654843740301229 2.069823492016285
0.50572263541205964 -0.1204453364550539 2.0804027919610641 0.42185428262949304
-0.28189223376121864 2.0892287349904342 0.31488772848757357
-0.42134669095593691 2.0966637338746374 0.18579326927284245
-0.53997610516766315 2.102848904758591 0.036112979944672136
-0.63527711397818987 2.1077236474765497 -0.12826911824708248
-0.70274799488250206 2.1111241971051227 -0.24411630466097828
-0.72773316612357763 2.1123714934313504 -0.30223067559558103
-0.73500816037688743 2.1127344479479153 0 null_surface null_surface nullbs
nullbs I I 0 0 0 I I } I I #
-2193 coedge $-1 $2119 $1816 $2520 $2584 reversed $1818 $-1 #
-2194 edge $2585 $2586 0 $1821 1 $1816 $2587 forward 7 unknown #
-2195 face $-1 $1715 $1818 $3 $-1 $2588 reversed single #
-2196 point $-1 0.55451178015401115 1.2948257487293766 1.9927326394649882 #
-2197 point $-1 0.57338332062861375 0.27576256310074904 2.0576640203308405 #
-2198 coedge $-1 $1823 $2185 $2320 $2589 forward $1484 $-1 #
-2199 edge $2590 $1950 0 $2324 1.4063033717035416 $1823 $2591 forward 7 unknown
#
-2200 ptlist-eye-attrib $-1 $-1 $-1 $1824 #
-2201 straight-curve $-1 25.831743577327309 0.79352801704424381 0.75 0
-1.1102230246251565e-15 1.2758553218331556 F 0 F 1 #
-2202 face $-1 $1489 $1942 $3 $-1 $2592 forward single #
-2203 plane-surface $-1 25.875753421224847 3.1700595875112967
60.108007561625499 0.99982857632513134 -0.018515344006018803 0
-0.018515344006018803 -0.99982857632513134 0 forward_v F -0.12508381190220327 F
3.9031659113399941 F 57.876631007050349 F 60.983091373527756 #
-2204 loop $-1 $-1 $2593 $1830 #
-2205 plane-surface $-1 -23.302230675595546 -30.441081640791904 17.25 1 0 0 0 1
0 forward_v F -1.28 F 65.280000000000001 F -0.13 F 6.6299999999999999 #
-2206 coedge $-1 $2594 $2210 $2213 $2595 reversed $1831 $-1 #
-2207 coedge $-1 $2596 $1833 $1917 $2289 forward $1493 $-1 #
-2208 coedge $-1 $1833 $1842 $2597 $2598 reversed $1493 $-1 #
-2209 coedge $-1 $1835 $1834 $1842 $2227 forward $1197 $-1 #
-2210 coedge $-1 $2206 $2597 $1834 $2211 reversed $1831 $-1 #
-2211 edge $2599 $2217 0 $2600 1 $2210 $2601 forward 7 unknown #
-2212 coedge $-1 $2602 $1836 $1840 $2224 reversed $2214 $-1 #
-2213 coedge $-1 $1836 $2602 $2206 $2595 forward $2214 $-1 #
-2214 loop $-1 $-1 $2602 $2603 #
-2215 ptlist-eye-attrib $-1 $-1 $-1 $1837 #
-2216 vertex $-1 $1841 $2604 #
-2217 vertex $-1 $2211 $2605 #
-2218 straight-curve $-1 -24.802230675595546 12.058918359208093 18.75 1.5 0 0 F
0 F 1 #
-2219 coedge $-1 $2606 $1838 $1843 $2229 forward $2221 $-1 #
-2220 coedge $-1 $1838 $2232 $1862 $2239 forward $2221 $-1 #
-2221 loop $-1 $-1 $2606 $2607 #
-2222 ptlist-eye-attrib $-1 $-1 $-1 $1839 #
-2223 straight-curve $-1 -24.802230675595546 35.058918359208093 23.75 0 -8 0 F
0 F 1 #
-2224 edge $2608 $2246 0 $2216 1 $2212 $2609 forward 7 unknown #
-2225 ptlist-eye-attrib $-1 $-1 $-1 $1841 #
-2226 straight-curve $-1 -24.802230675595546 12.058918359208093 18.75 0 15 0 F
0 F 1 #
-2227 edge $2610 $2600 0 $1846 1 $1842 $2611 forward 7 unknown #
-2228 coedge $-1 $1843 $2596 $2612 $2613 reversed $1493 $-1 #
-2229 edge $2614 $1845 0 $2615 1 $2219 $2616 forward 7 unknown #
-2230 point $-1 -24.802230675595546 27.058918359208093 23.75 #
-2231 point $-1 -24.802230675595546 27.058918359208093 18.75 #
-2232 coedge $-1 $2220 $1848 $1850 $2235 forward $2221 $-1 #
-2233 ptlist-eye-attrib $-1 $-1 $-1 $1849 #
-2234 straight-curve $-1 -24.802230675595546 -31.9410816407919 23.75 76
-7.1054273576010019e-15 0 F 0 F 1 #
-2235 edge $2617 $1853 0 $2241 1 $1850 $2618 forward 7 unknown #
-2236 face $-1 $2603 $1851 $3 $-1 $2619 forward single #
-2237 point $-1 51.197769324404454 -31.941081640791907 23.75 #
-2238 point $-1 -24.802230675595546 -31.9410816407919 23.75 #
-2239 edge $2620 $2241 0 $1869 1 $1862 $2621 forward 7 unknown #
-2240 ptlist-eye-attrib $-1 $-1 $-1 $1863 #
-2241 vertex $-1 $2239 $2622 #
-2242 straight-curve $-1 51.197769324404454 35.058918359208093 14.25 0 0 9.5 F
0 F 1 #
-2243 plane-surface $-1 51.197769324404454 35.058918359208093 14.25 0 1 0 -1 0
0 forward_v F -1.52 F 77.519999999999996 F -0.19 F 9.6899999999999995 #
-2244 coedge $-1 $1866 $2623 $2602 $2624 reversed $2221 $-1 #
-2245 ptlist-eye-attrib $-1 $-1 $-1 $1867 #
-2246 vertex $-1 $2224 $2625 #
-2247 straight-curve $-1 -24.802230675595546 12.058918359208093 23.75 0 -44 0 F
0 F 1 #
-2248 point $-1 -24.802230675595546 35.058918359208093 23.75 #
-2249 coedge $-1 $1872 $2626 $1871 $2250 forward $2252 $-1 #
-2250 edge $2627 $2269 0 $1875 1 $2249 $2628 forward 7 unknown #
-2251 coedge $-1 $2626 $1872 $2258 $2629 reversed $2252 $-1 #
-2252 loop $-1 $-1 $2251 $2630 #
-2253 ptlist-eye-attrib $-1 $-1 $-1 $1873 #
-2254 vertex $-1 $1873 $2631 #
-2255 ellipse-curve $-1 25.197769324404419 -28.941081640791904
3.4999999999999964 0 0 1 0 -3 0 1 F 0 F 1.5707963267948979 #
-2256 point $-1 28.197769324404419 -28.9410816407919 3.4999999999999964 #
-2257 coedge $-1 $2632 $1877 $2278 $2633 forward $2259 $-1 #
-2258 coedge $-1 $1877 $2632 $2251 $2629 forward $2259 $-1 #
-2259 loop $-1 $-1 $2632 $2263 #
-2260 ptlist-eye-attrib $-1 $-1 $-1 $1878 #
-2261 vertex $-1 $1913 $2634 #
-2262 straight-curve $-1 25.197769324404419 -31.9410816407919 3.5 -24 0 0 F 0 F
1 #
-2263 face $-1 $2630 $2259 $3 $-1 $2635 forward single #
-2264 cone-surface $-1 1.1977693244044187 -28.941081640791904
36.107600000000048 3.8147544003373953e-18 0 -1 0 -3 0 1 I I 0 1 1 forward I I I
I #
-2265 ptlist-eye-attrib $-1 $-1 $-1 $1886 #
-2266 straight-curve $-1 25.197769324404419 23.058918359208093 3.5 0 0 -4.25 F
0 F 1 #
-2267 coedge $-1 $2636 $1888 $2626 $2637 forward $1147 $-1 #
-2268 ptlist-eye-attrib $-1 $-1 $-1 $1889 #
-2269 vertex $-1 $2637 $2638 #
-2270 straight-curve $-1 28.197769324404419 20.058918359208093
-0.74999999999999933 0 -48.999999999999993 0 F 0 F 1 #
-2271 point $-1 28.197769324404419 20.058918359208096 -0.75 #
-2272 ptlist-eye-attrib $-1 $-1 $-1 $1894 #
-2273 straight-curve $-1 1.197769324404419 23.058918359208093 -0.75 0 0 4.25 F
0 F 1 #
-2274 coedge $-1 $1896 $2636 $1907 $2279 forward $1147 $-1 #
-2275 ptlist-eye-attrib $-1 $-1 $-1 $1897 #
-2276 straight-curve $-1 -1.802230675595581 -28.941081640791907
-0.74999999999999933 0 49 0 F 0 F 1 #
-2277 point $-1 -1.802230675595581 20.058918359208093 -0.74999999999999933 #
-2278 coedge $-1 $1908 $1907 $2257 $2633 reversed $1909 $-1 #
-2279 edge $2639 $2640 0 $1911 1.5707963267948954 $1907 $2641 forward 7 unknown
#
-2280 point $-1 -1.802230675595581 -28.941081640791907 -0.75 #
-2281 ptlist-eye-attrib $-1 $-1 $-1 $1913 #
-2282 ellipse-curve $-1 1.197769324404419 -28.941081640791904 3.5
-3.8147544003373953e-18 0 1 -3 -3.5527136788005009e-15 0 1 F 0 F
1.5707963267948954 #
-2283 coedge $-1 $2642 $1915 $2643 $2644 forward $785 $-1 #
-2284 coedge $-1 $2597 $2645 $1915 $2285 forward $1831 $-1 #
-2285 edge $2646 $2647 0 $2287 1 $1915 $2648 forward 7 unknown #
-2286 ptlist-eye-attrib $-1 $-1 $-1 $1916 #
-2287 vertex $-1 $2598 $2649 #
-2288 straight-curve $-1 -23.302230675595546 27.058918359208093 17.25 6.5 0 0 F
0 F 1 #
-2289 edge $2650 $1920 0 $2651 1 $1917 $2652 forward 7 unknown #
-2290 face $-1 $-1 $1918 $3 $-1 $2653 forward single #
-2291 point $-1 -16.802230675595546 27.058918359208093 17.25 #
-2292 coedge $-1 $1922 $2654 $2655 $2656 reversed $785 $-1 #
-2293 coedge $-1 $2657 $2557 $1922 $2294 forward $2658 $-1 #
-2294 edge $2659 $2296 0 $2660 1 $2293 $2661 forward 7 unknown #
-2295 ptlist-eye-attrib $-1 $-1 $-1 $1923 #
-2296 vertex $-1 $1923 $2662 #
-2297 straight-curve $-1 49.697769324404454 27.058918359208093 17.25 -6.5 0 0 F
0 F 1 #
-2298 coedge $-1 $2546 $1926 $2663 $2664 forward $1150 $-1 #
-2299 edge $2665 $2162 0 $2666 1 $2153 $2667 forward 7 unknown #
-2300 ptlist-eye-attrib $-1 $-1 $-1 $1927 #
-2301 straight-curve $-1 43.197769324404454 33.558918359208093 17.25 0 0 5 F 0
F 1 #
-2302 face $-1 $2668 $2669 $3 $-1 $2670 forward single #
-2303 plane-surface $-1 -1.4184782773370053 -14.718452134830251
4.4682495715719526 -0.018515344006018571 -0.99982857632513134
-5.2983246641673475e-15 9.8100303812632475e-17 5.2974164058827683e-15
-1.0000000000000002 forward_v F 2.4204228216609254 F 3.8433333834742136 F
1.1148496031624955 F 1.1974975010999511 #
-2304 coedge $-1 $2047 $1932 $2042 $2426 reversed $1279 $-1 #
-2305 coedge $-1 $2432 $2042 $1932 $2306 forward $1682 $-1 #
-2306 edge $2671 $2672 0 $2309 0.76688176132945918 $2305 $2673 forward 7
unknown #
-2307 coedge $-1 $1933 $2453 $2432 $2674 reversed $2066 $-1 #
-2308 ptlist-eye-attrib $-1 $-1 $-1 $1934 #
-2309 vertex $-1 $1934 $2675 #
-2310 straight-curve $-1 0.88821852205388385 -18.725338313864643
1.5425012709011849 5.5511151231257827e-16 -2.8421709430404007e-14
-0.79250127090118971 F 0 F 1 #
-2311 coedge $-1 $2676 $1937 $1955 $2332 reversed $230 $-1 #
-2312 coedge $-1 $2677 $2678 $1937 $2313 forward $2328 $-1 #
-2313 edge $2679 $2680 0 $2318 1 $2312 $2681 forward 7 unknown #
-2314 coedge $-1 $2682 $1938 $1941 $2321 forward $2316 $-1 #
-2315 coedge $-1 $1938 $2683 $2677 $2684 forward $2316 $-1 #
-2316 loop $-1 $-1 $2685 $2686 #
-2317 ptlist-eye-attrib $-1 $-1 $-1 $1939 #
-2318 vertex $-1 $2313 $2687 #
-2319 straight-curve $-1 26.697769324404419 -5.2360369669611408
0.75000000000000089 0 4.0010288065843156 -3.3306690738754696e-15 F 0 F 1 #
-2320 coedge $-1 $1941 $1940 $2198 $2589 reversed $1942 $-1 #
-2321 edge $2688 $1944 0 $2689 1.1579225978815981 $1941 $2690 forward 7 unknown
#
-2322 point $-1 26.697769324404419 -1.2350081603768253 0.74999999999999756 #
-2323 ptlist-eye-attrib $-1 $-1 $-1 $1947 #
-2324 vertex $-1 $1947 $2691 #
-2325 intcurve-curve $-1 forward { exactcur full nubs 3 open 6 0 3
0.22961474974999038 1 0.46112133729213289 1 0.6897318481322301 1
0.92256611647245435 1 1.1519199024775524 3 26.697769324404419
-1.2350081603768293 2.136544598101648 26.621270003230418 -1.2325698550833164
2.1364340199916851 26.467640926746018 -1.2098533182275144 2.1354057022897219
26.252096699685239 -1.1242867991538323 2.1314857797070035 26.061171442181319
-0.99099277693889776 2.1252430243461085 25.9053220658401 -0.81867466396797495
2.1169335834245167 25.832873296139567 -0.68103208052062658 2.1100484426787323
25.804357835382479 -0.6101898830689434 2.1064363768321237 0 null_surface
null_surface nullbs nullbs I I 0 0 0 I I } I I #
-2326 point $-1 25.831743577327309 0.7935280170442427 2.0258553218331556 #
-2327 face $-1 $2692 $2693 $3 $-1 $2694 forward single #
-2328 loop $-1 $-1 $2312 $1952 #
-2329 cone-surface $-1 26.7202611042465 -6.2357839948834766
-0.50000000000001743 3.6207841238856996e-17 1.9552234268985046e-15 1
-0.022491779842081172 0.99974702792233217 -1.9428902930940239e-15 1 I I 0 1 1
forward I I I I #
-2330 edge $2695 $2382 1.6522956990006727 $1965 1.6523168308514906 $1962 $2696
forward 7 unknown #
-2331 coedge $-1 $2333 $1955 $2678 $2697 reversed $1307 $-1 #
-2332 edge $2698 $2341 0 $2680 0.02715973956380489 $2311 $2699 forward 7
unknown #
-2333 coedge $-1 $1956 $2331 $2700 $2701 forward $1307 $-1 #
-2334 coedge $-1 $2702 $2703 $1956 $2335 forward $2693 $-1 #
-2335 edge $2704 $2340 0 $2705 1.5663809622093963 $2334 $2706 forward 7 unknown
#
-2336 coedge $-1 $2707 $1957 $2703 $2708 reversed $2338 $-1 #
-2337 coedge $-1 $1957 $2707 $2676 $2709 forward $2338 $-1 #
-2338 loop $-1 $-1 $2336 $2692 #
-2339 ptlist-eye-attrib $-1 $-1 $-1 $1958 #
-2340 vertex $-1 $2335 $2710 #
-2341 vertex $-1 $2332 $2711 #
-2342 ellipse-curve $-1 -81.085373844323854 -6.2410816407919043 -108.25
0.018515344006018571 0.99982857632513134 -3.5309715630301891e-15
-5967.0000000007667 110.49999999999999 -3.836930773104541e-13
0.018515344006018571 F 1.5888580728800132 F 1.5888605140356276 #
-2343 coedge $-1 $1959 $2676 $2712 $2713 reversed $230 $-1 #
-2344 coedge $-1 $2714 $2715 $1959 $2345 forward $2716 $-1 #
-2345 edge $2717 $2348 0 $2718 1 $2344 $2719 forward 7 unknown #
-2346 coedge $-1 $2018 $1960 $2715 $2720 reversed $1614 $-1 #
-2347 ptlist-eye-attrib $-1 $-1 $-1 $1961 #
-2348 vertex $-1 $2720 $2721 #
-2349 ellipse-curve $-1 26.697769324404419 -6.2410816407919043 -108.25 -1 0 0 0
-8.9980417459223627 110.13303430278599 1 F 0 F 0.027222216368590697 #
-2350 point $-1 26.697769324404021 -15.239123386714265 1.8830343027860152 #
-2351 edge $2722 $2353 0 $2385 0.78539816339751178 $1967 $2723 forward 7
unknown #
-2352 ptlist-eye-attrib $-1 $-1 $-1 $1968 #
-2353 vertex $-1 $1999 $2724 #
-2354 straight-curve $-1 26.572094213969251 -15.236796069854359
0.74999999999998279 0.12567511043516788 -0.0023273168599100558
1.7208456881689926e-14 F 0 F 1 #
-2355 coedge $-1 $2358 $1972 $1969 $2356 reversed $1980 $-1 #
-2356 edge $2725 $2726 0 $1975 0.78539816339733803 $2355 $2727 forward 7
unknown #
-2357 coedge $-1 $1970 $2001 $2005 $2389 forward $1622 $-1 #
-2358 coedge $-1 $1979 $2355 $1970 $2359 reversed $1980 $-1 #
-2359 edge $2728 $2414 0 $2726 0.78539816339742385 $2358 $2729 forward 7
unknown #
-2360 ptlist-eye-attrib $-1 $-1 $-1 $1973 #
-2361 straight-curve $-1 26.516538658413726 -18.23679606985435
1.5969518709389705 -3.907985046680551e-14 0 -0.84695187093897628 F 0 F 1 #
-2362 point $-1 26.516538658413683 -18.23679606985435 0.74999999999999423 #
-2363 face $-1 $2730 $1991 $3 $-1 $2731 reversed single #
-2364 cone-surface $-1 26.498023314407707 -19.236624646179507
29.929003780812746 -1.9564001733054487e-17 -1.0564560935850647e-15 1
-0.69389324104093286 0.72007789164625091 0 1 I I 0 1 1 forward I I I I #
-2365 point $-1 25.498194738082582 -19.21810930217346 1.485348694373485 #
-2366 cone-surface $-1 -0.42644525569651659 0.25724721909471882
2.0096858869485481 4.3765470104868164e-17 -2.3633353856630107e-15 1
0.12421458010093556 -0.99225537947160802 -2.2204460492503095e-15 1 I I 0 1 1
forward I I I I #
-2367 coedge $-1 $2732 $1987 $2733 $2734 forward $630 $-1 #
-2368 coedge $-1 $2735 $2736 $1987 $2369 reversed $2737 $-1 #
-2369 edge $2738 $2372 0 $2739 0.15721919425125896 $2368 $2740 forward 7
unknown #
-2370 coedge $-1 $1988 $2374 $2735 $2741 forward $1991 $-1 #
-2371 ptlist-eye-attrib $-1 $-1 $-1 $1989 #
-2372 vertex $-1 $2369 $2742 #
-2373 intcurve-curve $-1 forward { exactcur full nubs 3 open 2 0 3
1.3038939605198288 3 25.418059691194994 -21.217482673342104 0.75
25.284822359378865 -21.631188121561106 0.75 24.890354070413608
-22.03569904988467 0.74999999999999289 24.460961630573706 -22.102978445570891
0.74999999999999289 0 null_surface null_surface nullbs nullbs I I 0 0 0 I I } I
I #
-2374 coedge $-1 $2370 $1990 $2743 $2744 reversed $1991 $-1 #
-2375 point $-1 25.418059691194994 -21.217482673342104 0.75 #
-2376 coedge $-1 $2745 $2743 $1995 $2377 forward $1141 $-1 #
-2377 edge $2746 $2379 0 $2396 1 $1995 $2747 forward 7 unknown #
-2378 ptlist-eye-attrib $-1 $-1 $-1 $1996 #
-2379 vertex $-1 $2377 $2748 #
-2380 straight-curve $-1 25.466284668410481 -20.941253064466775 0.75 0
-2.1316282072803006e-14 -1.5000000000000071 F 0 F 1 #
-2381 ptlist-eye-attrib $-1 $-1 $-1 $1999 #
-2382 vertex $-1 $2004 $2749 #
-2383 straight-curve $-1 26.572094213969251 -15.236796069854357
0.74999999999998279 -5.6843418860808015e-14 0 1.1332244234715998 F 0 F 1 #
-2384 ptlist-eye-attrib $-1 $-1 $-1 $2002 #
-2385 vertex $-1 $2351 $2750 #
-2386 ellipse-curve $-1 26.590609557975295 -14.236967493529225
0.74999999999995381 9.8100303812632451e-17 5.2974164058827668e-15 -1
-0.7200778916462518 -0.6938932410409322 -3.7747582837255322e-15 1 F 0 F
0.78539816339741875 #
-2387 ptlist-eye-attrib $-1 $-1 $-1 $2004 #
-2388 intcurve-curve $-1 forward { exactcur full nubs 3 open 7 0 3
0.25955225809089738 1 0.52392361387946385 1 0.78413729865107218 1
1.0444215886718888 1 1.3088743575617985 1 1.5686492783764971 3
26.572094213969187 -15.236796069854359 1.8832244234715827 26.485591724662356
-15.235194171904226 1.8833552669711653 26.310565401479387 -15.209029687868387
1.8854958471710241 26.068415503782013 -15.103325319789876 1.8940729186917102
25.861935171381472 -14.938351419798591 1.9072488478016516 25.705068783138778
-14.725867931146372 1.9238462318628269 25.608760010162161 -14.480293520565871
1.9425027682992089 25.589181889713306 -14.304803114113794 1.9554167977044441
25.590780981650163 -14.218452149523246 1.9616670764326245 0 null_surface
null_surface nullbs nullbs I I 0 0 0 I I } I I #
-2389 edge $2751 $2008 0 $2414 1 $2357 $2752 forward 7 unknown #
-2390 point $-1 25.590780981650163 -14.218452149523246 1.9616670764326245 #
-2391 point $-1 25.590780981650163 -14.218452149523232 0.74999999999995381 #
-2392 coedge $-1 $2753 $2010 $2013 $2400 forward $2394 $-1 #
-2393 coedge $-1 $2010 $2753 $2745 $2754 forward $2394 $-1 #
-2394 loop $-1 $-1 $2753 $2755 #
-2395 ptlist-eye-attrib $-1 $-1 $-1 $2011 #
-2396 vertex $-1 $2754 $2756 #
-2397 straight-curve $-1 25.663803630114025 -10.275229132474045 0.75 0 0 -1.5 F
0 F 1 #
-2398 coedge $-1 $2757 $2012 $2023 $2408 forward $2014 $-1 #
-2399 coedge $-1 $2013 $2758 $2759 $2760 forward $2014 $-1 #
-2400 edge $2761 $2016 0 $2762 1 $2013 $2763 forward 7 unknown #
-2401 face $-1 $2764 $2014 $3 $-1 $2765 forward single #
-2402 point $-1 25.663803630114025 -10.275229132474045 0.75 #
-2403 coedge $-1 $2715 $2714 $2021 $2404 reversed $2716 $-1 #
-2404 edge $2766 $2406 0 $2767 1 $2021 $2768 forward 7 unknown #
-2405 ptlist-eye-attrib $-1 $-1 $-1 $2022 #
-2406 vertex $-1 $2022 $2769 #
-2407 intcurve-curve $-1 forward { exactcur full nubs 3 open 7 0 3
0.26056280381586394 1 0.52574179711035973 1 0.78596133414507197 1
1.0457478619919465 1 1.3090159666777821 1 1.5676668523395627 3
25.609305849193674 -13.218109302173463 2.0295134420365337 25.610910778138656
-13.131443139144343 2.0349965294921 25.637151565167741 -12.956145565412529
2.0458742600858955 25.743160410006698 -12.713743436271661 2.0603434251088042
25.908435714068482 -12.50729375331359 2.072235291220041 26.120923098217553
-12.350736402886879 2.0809903116816049 26.366250506352014 -12.254707798966137
2.0862468909073995 26.541447630896425 -12.235199733953817 2.0873035325815921
26.62764976952483 -12.236796069854346 2.0872167878324399 0 null_surface
null_surface nullbs nullbs I I 0 0 0 I I } I I #
-2408 edge $2770 $2410 0 $2767 0.785398163397385 $2023 $2771 forward 7 unknown
#
-2409 ptlist-eye-attrib $-1 $-1 $-1 $2024 #
-2410 vertex $-1 $2408 $2772 #
-2411 ellipse-curve $-1 26.609134425518803 -13.236624646179477
0.74999999999999289 3.681708227335691e-17 1.9881224427615034e-15 -1
-0.99982857632512889 0.018515344006068801 0 1 F 0 F 0.78539816339740509 #
-2412 cone-surface $-1 26.609134425518803 -13.236624646179536
29.929003780812746 -3.681708227335691e-17 -1.9881224427615034e-15 1
-0.69389324104093408 0.72007789164624969 5.0242958677880916e-15 1 I I 0 1 1
forward I I I I #
-2413 ptlist-eye-attrib $-1 $-1 $-1 $2028 #
-2414 vertex $-1 $2389 $2773 #
-2415 straight-curve $-1 25.498194738082578 -19.218109302173463
0.749999999999994 0 2.4868995751603507e-14 0.73534869437350392 F 0 F 1 #
-2416 coedge $-1 $2774 $2033 $2775 $2776 forward $239 $-1 #
-2417 coedge $-1 $2475 $2777 $2033 $2418 reversed $2778 $-1 #
-2418 edge $2779 $2421 0 $2780 1 $2417 $2781 forward 7 unknown #
-2419 coedge $-1 $2477 $2034 $2037 $2424 forward $1400 $-1 #
-2420 ptlist-eye-attrib $-1 $-1 $-1 $2035 #
-2421 vertex $-1 $2418 $2782 #
-2422 ellipse-curve $-1 -0.30223067559558103 -6.2410816407919043 -108.25 -1 0 0
0 -8.498041745922432 110.17274293800877 1 F 0 F 0.027214101592435407 #
-2423 coedge $-1 $2037 $2036 $2783 $2784 reversed $2038 $-1 #
-2424 edge $2785 $2040 1.647777693042475 $2786 1.6477910484246434 $2037 $2787
forward 7 unknown #
-2425 point $-1 -0.30223067559552419 -14.739123386714338 1.9227429380087671 #
-2426 edge $2788 $2050 0 $2672 0.76688176132943942 $2042 $2789 forward 7
unknown #
-2427 coedge $-1 $2433 $2783 $2043 $2428 reversed $2669 $-1 #
-2428 edge $2790 $2791 0 $2430 0.80391456546540496 $2427 $2792 forward 7
unknown #
-2429 ptlist-eye-attrib $-1 $-1 $-1 $2044 #
-2430 vertex $-1 $2044 $2793 #
-2431 straight-curve $-1 -0.22277516585410401 -14.740594785042875
0.74999999999997802 -0.079455509741477026 0.001471398328549256
2.19824158875781e-14 F 0 F 1 #
-2432 coedge $-1 $2045 $2305 $2307 $2674 forward $1682 $-1 #
-2433 coedge $-1 $2794 $2427 $2045 $2434 reversed $2669 $-1 #
-2434 edge $2795 $2796 0 $2791 0.80391456546545337 $2433 $2797 forward 7
unknown #
-2435 ptlist-eye-attrib $-1 $-1 $-1 $2048 #
-2436 straight-curve $-1 -0.093094710265222869 -17.744025081545541
0.74999999999999423 -3.7331249203020889e-15 3.5527136788005009e-15
0.89964646075447563 F 0 F 1 #
-2437 point $-1 -0.093094710265222869 -17.744025081545541 0.74999999999999423
#
-2438 ptlist-eye-attrib $-1 $-1 $-1 $2053 #
-2439 ellipse-curve $-1 0.65702858366366046 -6.2410816407919043 -108.25
0.99982857632513134 0.018515344006019934 0 -2.0462962962961839 110.5 0
0.99982857632513134 F 1.6840177696018135 F 1.6931400913857761 #
-2440 point $-1 0.90675609962658688 -19.726367502790673 1.4240491876732619 #
-2441 point $-1 0.88821852205388363 -18.72533831386464 1.542501270901198 #
-2442 coedge $-1 $2061 $2732 $2798 $2799 forward $630 $-1 #
-2443 coedge $-1 $2800 $2801 $2061 $2444 reversed $2802 $-1 #
-2444 edge $2803 $2804 0 $2449 0.15721919425141725 $2443 $2805 forward 7
unknown #
-2445 coedge $-1 $2806 $2062 $2801 $2807 forward $2447 $-1 #
-2446 coedge $-1 $2062 $2806 $2064 $2452 forward $2447 $-1 #
-2447 loop $-1 $-1 $2445 $2808 #
-2448 ptlist-eye-attrib $-1 $-1 $-1 $2063 #
-2449 vertex $-1 $2063 $2809 #
-2450 intcurve-curve $-1 forward { exactcur full nubs 3 open 2 0 3
1.5363203674706671 3 1.9345770182344044 -22.102978445570777 0.74999999999998335
1.4286429691948972 -22.023706120494065 0.74999999999998335 0.93873581376742177
-21.453272066395904 0.74999999999999045 0.92925398039836438 -20.941253064466739
0.74999999999999045 0 null_surface null_surface nullbs nullbs I I 0 0 0 I I } I
I #
-2451 coedge $-1 $2810 $2064 $2811 $2812 reversed $2066 $-1 #
-2452 edge $2813 $2814 0 $2068 1 $2446 $2815 forward 7 unknown #
-2453 coedge $-1 $2307 $2478 $2794 $2816 reversed $2066 $-1 #
-2454 face $-1 $2817 $2066 $3 $-1 $2818 reversed single #
-2455 point $-1 0.92925398039836438 -20.941253064466739 0.74999999999999045 #
-2456 ptlist-eye-attrib $-1 $-1 $-1 $2070 #
-2457 straight-curve $-1 0.90675609962658621 -19.726367502790612
0.74999999999996803 2.2204460492503131e-16 -2.4868995751603507e-14
0.67404918767330213 F 0 F 1 #
-2458 coedge $-1 $2072 $2774 $2090 $2474 forward $239 $-1 #
-2459 coedge $-1 $2819 $2820 $2072 $2460 forward $2821 $-1 #
-2460 edge $2822 $2465 0 $2823 1 $2459 $2824 forward 7 unknown #
-2461 coedge $-1 $2825 $2073 $2820 $2826 forward $2463 $-1 #
-2462 coedge $-1 $2073 $2520 $2075 $2467 forward $2463 $-1 #
-2463 loop $-1 $-1 $2462 $2827 #
-2464 ptlist-eye-attrib $-1 $-1 $-1 $2074 #
-2465 vertex $-1 $2074 $2828 #
-2466 straight-curve $-1 -0.30223067559558103 -4.7360369669612012
0.75000000000000056 0 4.0010288065843156 -3.3306690738754696e-16 F 0 F 1 #
-2467 edge $2829 $2586 0 $2078 1.4647764871531979 $2462 $2830 forward 7 unknown
#
-2468 point $-1 -0.30223067559558103 -0.7350081603768861 0.74999999999999922 #
-2469 ptlist-eye-attrib $-1 $-1 $-1 $2081 #
-2470 straight-curve $-1 0.55451178015401115 1.2948257487293766
1.9927326394649882 -1.1102230246251565e-16 4.2188474935755949e-15
-1.2427326394649882 F 0 F 1 #
-2471 point $-1 0.51978522758397872 3.1700595875112398 0.75 #
-2472 coedge $-1 $2831 $2090 $2832 $2833 reversed $1725 $-1 #
-2473 coedge $-1 $2090 $2831 $2819 $2834 reversed $1725 $-1 #
-2474 edge $2835 $2836 0 $2823 0.027159466491304782 $2090 $2837 forward 7
unknown #
-2475 coedge $-1 $2838 $2417 $2091 $2476 forward $2778 $-1 #
-2476 edge $2839 $2421 -1.5210290621397504 $2484 -1.5210126267309596 $2475
$2840 forward 7 unknown #
-2477 coedge $-1 $2092 $2419 $2841 $2842 reversed $1400 $-1 #
-2478 coedge $-1 $2453 $2843 $2092 $2479 forward $2066 $-1 #
-2479 edge $2844 $2485 1.6294737937481929 $2845 1.6385510440840942 $2478 $2846
forward 7 unknown #
-2480 coedge $-1 $2847 $2093 $2843 $2848 forward $2482 $-1 #
-2481 coedge $-1 $2093 $2849 $2838 $2850 forward $2482 $-1 #
-2482 loop $-1 $-1 $2480 $2817 #
-2483 ptlist-eye-attrib $-1 $-1 $-1 $2094 #
-2484 vertex $-1 $2476 $2851 #
-2485 vertex $-1 $2479 $2852 #
-2486 intcurve-curve $-1 forward { exactcur full nubs 3 open 7 0 3
0.25334160503171593 1 0.51092845103459217 1 0.76454690672604941 1
1.0183565966452977 1 1.2766967692377702 1 1.5307465910380058 3
-0.2042820554148273 -11.739908443466648 2.1130957512255844 -0.11984936591551364
-11.741472011790711 2.1130178466384608 0.050807032928930781 -11.766438399939098
2.1117770099692956 0.2878313924110934 -11.867180720960155 2.106706112097473
0.49171891612970675 -12.024712937247916 2.0985864255010713 0.64949191085992752
-12.228605501533739 2.0877368072629663 0.75045058536579157 -12.465836326919938
2.0746270509634828 0.77546593450276935 -12.636698586104204 2.0647916314749417
0.7770311769042807 -12.721221675785756 2.0598263307801119 0 null_surface
null_surface nullbs nullbs I I 0 0 0 I I } I I #
-2487 coedge $-1 $2096 $2095 $2853 $2854 forward $2097 $-1 #
-2488 face $-1 $2171 $2097 $3 $-1 $2855 reversed single #
-2489 coedge $-1 $2104 $2853 $2100 $2490 reversed $1141 $-1 #
-2490 edge $2856 $2107 0 $2492 0.002986680519929839 $2100 $2857 forward 7
unknown #
-2491 ptlist-eye-attrib $-1 $-1 $-1 $2101 #
-2492 vertex $-1 $2490 $2858 #
-2493 straight-curve $-1 13.072769324394777 14.058825025424506
-0.74999999999999967 -3.3750779948604759e-14 0 1.4999999999999993 F 0 F 1 #
-2494 cone-surface $-1 12.947769324404284 -69.646081640791607
-5.6571504862502344 0 0 1 11.911043774965883 82.853207911286063 0 1 I I 0 1 1
forward I I I I #
-2495 ptlist-eye-attrib $-1 $-1 $-1 $2105 #
-2496 ellipse-curve $-1 12.697769324404284 -69.646081640791607
-0.75000000000002132 0 0 1 0.12499999998918732 83.704906666216118 0 1 F 0 F
0.14427587043013684 #
-2497 point $-1 12.822769324400678 14.058825025424483 -0.75000000000000677 #
-2498 ptlist-eye-attrib $-1 $-1 $-1 $2113 #
-2499 straight-curve $-1 0.51978522758397849 3.1700595875112398 -0.75
1.1102230246251565e-16 0 1.5 F 0 F 1 #
-2500 ptlist-eye-attrib $-1 $-1 $-1 $2118 #
-2501 straight-curve $-1 0.60883489279351011 1.0291277276885644 -0.75
-0.049402778916521228 0 0 F 0 F 1 #
-2502 edge $2859 $2523 0 $2121 1 $2137 $2860 forward 7 unknown #
-2503 point $-1 0.55943211387698888 1.0291277276885644 -0.75 #
-2504 coedge $-1 $2861 $2124 $2862 $2863 reversed $1141 $-1 #
-2505 coedge $-1 $2864 $2865 $2124 $2506 reversed $2518 $-1 #
-2506 edge $2866 $2510 0 $2867 1 $2505 $2868 forward 7 unknown #
-2507 coedge $-1 $2869 $2125 $2128 $2514 forward $2134 $-1 #
-2508 coedge $-1 $2125 $2869 $2864 $2870 reversed $2134 $-1 #
-2509 ptlist-eye-attrib $-1 $-1 $-1 $2126 #
-2510 vertex $-1 $2506 $2871 #
-2511 straight-curve $-1 0.60883489279351011 -1.0291277276885644 -0.75
-0.0068235317074427648 0 0 F 0 F 1 #
-2512 coedge $-1 $2128 $2127 $2521 $2872 reversed $1765 $-1 #
-2513 edge $2873 $2524 0 $2130 1 $2127 $2874 forward 7 unknown #
-2514 edge $2875 $2131 0 $2876 1 $2507 $2877 forward 7 unknown #
-2515 point $-1 0.60883489279351011 1.0291277276885644 -0.75 #
-2516 point $-1 0.60883489279351011 -1.0291277276885644 -0.75 #
-2517 face $-1 $2827 $2878 $3 $-1 $2879 reversed single #
-2518 loop $-1 $-1 $2880 $2133 #
-2519 plane-surface $-1 0.64164686195363752 -3.1694447745374887
60.108007561625499 -0.99982857632513134 -0.018515344006019934 0
-0.018515344006019934 0.99982857632513134 0 forward_v F -0.12508381190226017 F
2.2657678226710436 F 59.232923749723241 F 60.983091373527756 #
-2520 coedge $-1 $2462 $2138 $2193 $2584 forward $2463 $-1 #
-2521 coedge $-1 $2138 $2881 $2512 $2872 forward $2463 $-1 #
-2522 ptlist-eye-attrib $-1 $-1 $-1 $2139 #
-2523 vertex $-1 $2502 $2882 #
-2524 vertex $-1 $2513 $2883 #
-2525 straight-curve $-1 0.55943211387698855 1.0291277276885644 0.75
0.049402778916521561 0 0 F 0 F 1 #
-2526 ptlist-eye-attrib $-1 $-1 $-1 $2140 #
-2527 ellipse-curve $-1 25.197769324404419 20.058918359208093 -0.75 0 0 -1 0 3
0 1 F 0 F 1.5707963267948954 #
-2528 ptlist-eye-attrib $-1 $-1 $-1 $2141 #
-2529 ellipse-curve $-1 1.197769324404419 20.058918359208093
-0.75000000000000355 -3.8147544003373953e-18 0 -1 -3 0 0 1 F 0 F
1.5707963267948966 #
-2530 point $-1 25.197769324404419 23.058918359208093 -0.75 #
-2531 point $-1 1.1977693244044187 23.058918359208093 -0.75000000000000355 #
-2532 face $-1 $2607 $2658 $3 $-1 $2884 forward single #
-2533 loop $-1 $2885 $2886 $2146 #
-2534 plane-surface $-1 0 0 22.25 0 0 1 1 0 0 forward_v F -24.762230675595546 F
51.157769324404455 F -31.721081640791905 F 34.838918359208094 #
-2535 loop $-1 $-1 $2887 $1772 #
-2536 coedge $-1 $2888 $2889 $2890 $2891 forward $2147 $-1 #
-2537 coedge $-1 $2892 $2892 $2893 $2894 reversed $2149 $-1 #
-2538 coedge $-1 $2895 $2150 $2896 $2897 forward $1773 $-1 #
-2539 coedge $-1 $2150 $2895 $2898 $2899 reversed $1773 $-1 #
-2540 coedge $-1 $2900 $2901 $2150 $2541 reversed $2902 $-1 #
-2541 edge $2903 $2904 0 $2905 1 $2540 $2906 forward 7 unknown #
-2542 coedge $-1 $2151 $2151 $2907 $2908 reversed $1775 $-1 #
-2543 coedge $-1 $2909 $2910 $2151 $2544 forward $2911 $-1 #
-2544 edge $2912 $2913 0 $2914 3.1415926535897931 $2543 $2915 forward 7 unknown
#
-2545 coedge $-1 $2153 $2152 $2916 $2917 reversed $1442 $-1 #
-2546 coedge $-1 $2154 $2298 $2918 $2919 reversed $1150 $-1 #
-2547 coedge $-1 $2920 $2593 $2154 $2548 forward $2204 $-1 #
-2548 edge $2921 $2552 0 $2922 1 $2154 $2923 forward 7 unknown #
-2549 coedge $-1 $2886 $2155 $2593 $2924 reversed $2533 $-1 #
-2550 coedge $-1 $2155 $2886 $2157 $2554 forward $2533 $-1 #
-2551 ptlist-eye-attrib $-1 $-1 $-1 $2156 #
-2552 vertex $-1 $2548 $2925 #
-2553 straight-curve $-1 -23.302230675595546 33.558918359208093 22.25 6.5 0 0 F
0 F 1 #
-2554 edge $2926 $2651 0 $2159 1 $2157 $2927 forward 7 unknown #
-2555 point $-1 -16.802230675595546 33.558918359208093 22.25 #
-2556 point $-1 43.197769324404454 33.558918359208093 22.25 #
-2557 coedge $-1 $2293 $2916 $2164 $2558 reversed $2658 $-1 #
-2558 edge $2928 $2296 0 $2560 1 $2164 $2929 forward 7 unknown #
-2559 ptlist-eye-attrib $-1 $-1 $-1 $2165 #
-2560 vertex $-1 $2917 $2930 #
-2561 straight-curve $-1 43.197769324404454 27.058918359208093 22.25 6.5 0 0 F
0 F 1 #
-2562 face $-1 $2931 $2932 $3 $-1 $2933 reversed single #
-2563 plane-surface $-1 43.197769324404454 27.058918359208093 17.25 0 -1 0 1 0
0 forward_v F -0.13 F 6.6299999999999999 F -0.12508381190226017 F
5.1250838119022601 #
-2564 coedge $-1 $2853 $2173 $2169 $2565 reversed $1141 $-1 #
-2565 edge $2934 $2567 0 $2176 0.0029866805198000262 $2169 $2935 forward 7
unknown #
-2566 ptlist-eye-attrib $-1 $-1 $-1 $2170 #
-2567 vertex $-1 $2854 $2936 #
-2568 straight-curve $-1 13.3227693244138 14.058825025424511
0.74999999999999967 0 0 -1.4999999999999993 F 0 F 1 #
-2569 cone-surface $-1 13.447769324404284 -69.646081640791607
-5.6571504862502344 0 0 1 11.911043774965883 82.853207911286063 0 1 I I 0 1 1
forward I I I I #
-2570 ptlist-eye-attrib $-1 $-1 $-1 $2174 #
-2571 ellipse-curve $-1 13.697769324404284 -69.646081640791607
-0.75000000000002132 0 0 1 11.91104377496605 82.853207911286049 0 1 F 0 F
0.14427587043025775 #
-2572 point $-1 13.572769324404266 14.058825025424492 -0.75000000000000688 #
-2573 coedge $-1 $2182 $2745 $2937 $2938 forward $1141 $-1 #
-2574 coedge $-1 $2939 $2940 $2182 $2575 forward $2941 $-1 #
-2575 edge $2942 $2580 0 $2943 1 $2574 $2944 forward 7 unknown #
-2576 coedge $-1 $2945 $2183 $2940 $2946 forward $2578 $-1 #
-2577 coedge $-1 $2183 $2945 $2185 $2582 reversed $2578 $-1 #
-2578 loop $-1 $-1 $2577 $2947 #
-2579 ptlist-eye-attrib $-1 $-1 $-1 $2184 #
-2580 vertex $-1 $2184 $2948 #
-2581 straight-curve $-1 25.753891786855196 -3.1694447745374887 -0.75
0.049677951939347764 2.5620974577686613 0 F 0 F 1 #
-2582 edge $2949 $2187 0 $2689 1 $2185 $2950 forward 7 unknown #
-2583 point $-1 25.803569738794543 -0.60734731676882758 -0.75 #
-2584 edge $2951 $2523 0 $2586 1 $2520 $2952 forward 7 unknown #
-2585 ptlist-eye-attrib $-1 $-1 $-1 $2194 #
-2586 vertex $-1 $2194 $2953 #
-2587 straight-curve $-1 0.57338332062861375 0.27576256310074376
0.75000000000000056 0 5.2180482157382357e-15 1.3076640203308401 F 0 F 1 #
-2588 plane-surface $-1 0.58973771733805291 -0.60737485920899559
60.108007561625499 -0.99982857632513134 -0.018515344006019934 0
-0.018515344006019934 0.99982857632513134 0 forward_v F 0.75820502702621373 F
3.9031659113399377 F 57.925259729392394 F 60.983091373527756 #
-2589 edge $2954 $2689 0 $2324 1 $2320 $2955 forward 7 unknown #
-2590 ptlist-eye-attrib $-1 $-1 $-1 $2199 #
-2591 intcurve-curve $-1 forward { exactcur full nubs 3 open 3 0 3
0.7017272083310736 1 1.4063033717035416 3 25.831743577327309 0.7935280170442427
2.0258553218331556 25.827421452503341 0.56013327654990008 2.0407438111654583
25.819450297425298 0.092286677971088638 2.0690927924075782 25.808700685887132
-0.37567595581772018 2.0944791002702838 25.804357835382479 -0.6101898830689434
2.1064363768321237 0 null_surface null_surface nullbs nullbs I I 0 0 0 I I } I
I #
-2592 cone-surface $-1 26.729626700825854 -0.23551573540926185
2.0096858869486027 -1.5487299483387972e-15 3.4484832178023449e-15 -1
-0.031857376421434935 -0.99949242496756696 -3.5527136788005009e-15 1 I I 0 1 1
forward I I I I #
-2593 coedge $-1 $2547 $2612 $2549 $2924 forward $2204 $-1 #
-2594 coedge $-1 $2956 $2206 $2623 $2957 reversed $1831 $-1 #
-2595 edge $2958 $2959 0 $2217 1 $2213 $2960 forward 7 unknown #
-2596 coedge $-1 $2228 $2207 $2886 $2961 reversed $1493 $-1 #
-2597 coedge $-1 $2210 $2284 $2208 $2598 forward $1831 $-1 #
-2598 edge $2962 $2287 0 $2600 1 $2597 $2963 forward 7 unknown #
-2599 ptlist-eye-attrib $-1 $-1 $-1 $2211 #
-2600 vertex $-1 $2227 $2964 #
-2601 straight-curve $-1 -23.302230675595546 12.058918359208093 18.75 0 15 0 F
0 F 1 #
-2602 coedge $-1 $2213 $2212 $2244 $2624 forward $2214 $-1 #
-2603 face $-1 $2965 $2214 $3 $-1 $2966 reversed single #
-2604 point $-1 -24.802230675595546 12.058918359208093 18.75 #
-2605 point $-1 -23.302230675595546 12.058918359208093 18.75 #
-2606 coedge $-1 $2918 $2219 $2920 $2967 forward $2221 $-1 #
-2607 face $-1 $1864 $2221 $3 $-1 $2968 forward single #
-2608 ptlist-eye-attrib $-1 $-1 $-1 $2224 #
-2609 straight-curve $-1 -24.802230675595546 12.058918359208093 23.75 0 0 -5 F
0 F 1 #
-2610 ptlist-eye-attrib $-1 $-1 $-1 $2227 #
-2611 straight-curve $-1 -23.302230675595546 27.058918359208093 18.75 -1.5 0 0
F 0 F 1 #
-2612 coedge $-1 $2593 $2920 $2228 $2613 forward $2204 $-1 #
-2613 edge $2969 $2615 0 $2970 1 $2612 $2971 forward 7 unknown #
-2614 ptlist-eye-attrib $-1 $-1 $-1 $2229 #
-2615 vertex $-1 $2229 $2972 #
-2616 straight-curve $-1 -24.802230675595546 27.058918359208093 23.75 1.5 0 0 F
0 F 1 #
-2617 ptlist-eye-attrib $-1 $-1 $-1 $2235 #
-2618 straight-curve $-1 51.197769324404454 -31.941081640791907 23.75 0 67 0 F
0 F 1 #
-2619 plane-surface $-1 51.197769324404454 -31.941081640791904 14.25 1 0 0 0 1
0 forward_v F -1.3400000000000036 F 68.340000000000003 F -0.19 F
9.6899999999999995 #
-2620 ptlist-eye-attrib $-1 $-1 $-1 $2239 #
-2621 straight-curve $-1 51.197769324404454 35.058918359208093 23.75 -76 0 0 F
0 F 1 #
-2622 point $-1 51.197769324404454 35.058918359208093 23.75 #
-2623 coedge $-1 $2244 $2973 $2594 $2957 forward $2221 $-1 #
-2624 edge $2974 $2246 0 $2959 1 $2602 $2975 forward 7 unknown #
-2625 point $-1 -24.802230675595546 12.058918359208093 23.75 #
-2626 coedge $-1 $2249 $2251 $2267 $2637 reversed $2252 $-1 #
-2627 ptlist-eye-attrib $-1 $-1 $-1 $2250 #
-2628 straight-curve $-1 28.197769324404419 -28.9410816407919
-0.74999999999999933 0 -7.1054273576010019e-15 4.2499999999999991 F 0 F 1 #
-2629 edge $2976 $2977 0 $2254 1 $2251 $2978 forward 7 unknown #
-2630 face $-1 $583 $2252 $3 $-1 $2979 forward single #
-2631 point $-1 25.197769324404419 -31.941081640791904 3.4999999999999964 #
-2632 coedge $-1 $2258 $2257 $2636 $2980 forward $2259 $-1 #
-2633 edge $2981 $2261 0 $2640 1 $2257 $2982 forward 7 unknown #
-2634 point $-1 1.197769324404419 -31.941081640791904 3.5 #
-2635 plane-surface $-1 0 -31.941081640791904 0 0 -1 0 1 0 0 forward_v F
0.71776932440441876 F 25.677769324404419 F -0.87508381190226014 F
3.6250838119022601 #
-2636 coedge $-1 $2274 $2267 $2632 $2980 reversed $1147 $-1 #
-2637 edge $2983 $2269 0 $2977 1.5707963267948966 $2626 $2984 forward 7 unknown
#
-2638 point $-1 28.197769324404419 -28.9410816407919 -0.74999999999999933 #
-2639 ptlist-eye-attrib $-1 $-1 $-1 $2279 #
-2640 vertex $-1 $2279 $2985 #
-2641 ellipse-curve $-1 1.197769324404419 -28.941081640791904 -0.75
3.8147544003373953e-18 0 -1 2.2204460492503131e-16 -3 0 1 F 0 F
1.5707963267948954 #
-2642 coedge $-1 $2986 $2283 $2987 $2988 reversed $785 $-1 #
-2643 coedge $-1 $2989 $2990 $2283 $2644 reversed $2991 $-1 #
-2644 edge $2992 $2647 0 $2993 1 $2643 $2994 forward 7 unknown #
-2645 coedge $-1 $2284 $2995 $2989 $2996 reversed $1831 $-1 #
-2646 ptlist-eye-attrib $-1 $-1 $-1 $2285 #
-2647 vertex $-1 $2285 $2997 #
-2648 straight-curve $-1 -23.302230675595546 -23.9410816407919 17.25 0
50.999999999999993 0 F 0 F 1 #
-2649 point $-1 -23.302230675595546 27.058918359208093 17.25 #
-2650 ptlist-eye-attrib $-1 $-1 $-1 $2289 #
-2651 vertex $-1 $2961 $2998 #
-2652 straight-curve $-1 -16.802230675595546 27.058918359208093 17.25 0 0 5 F 0
F 1 #
-2653 plane-surface $-1 -16.802230675595546 27.058918359208093 17.25 1 0 0 0 1
0 forward_v F -0.13 F 6.6299999999999999 F -0.12508381190226017 F
5.1250838119022601 #
-2654 coedge $-1 $2292 $2986 $2999 $3000 forward $785 $-1 #
-2655 coedge $-1 $2901 $2900 $2292 $2656 forward $2902 $-1 #
-2656 edge $3001 $2660 0 $3002 1 $2655 $3003 forward 7 unknown #
-2657 coedge $-1 $2898 $2293 $2900 $3004 forward $2658 $-1 #
-2658 loop $-1 $-1 $2557 $2532 #
-2659 ptlist-eye-attrib $-1 $-1 $-1 $2294 #
-2660 vertex $-1 $2294 $3005 #
-2661 straight-curve $-1 49.697769324404454 27.058918359208093 17.25 0 -51 0 F
0 F 1 #
-2662 point $-1 49.697769324404454 27.058918359208093 17.25 #
-2663 coedge $-1 $2916 $3006 $2298 $2664 reversed $2658 $-1 #
-2664 edge $3007 $2666 0 $3008 1 $2663 $3009 forward 7 unknown #
-2665 ptlist-eye-attrib $-1 $-1 $-1 $2299 #
-2666 vertex $-1 $2664 $3010 #
-2667 straight-curve $-1 43.197769324404454 33.558918359208093 22.25 6.5 0 0 F
0 F 1 #
-2668 face $-1 $3011 $3012 $3 $-1 $3013 forward single #
-2669 loop $-1 $-1 $2783 $2302 #
-2670 cone-surface $-1 -0.20425982184814528 -13.740766208717911
32.288128566598751 9.8167611053676248e-17 -5.3010509968988097e-15 1
0.70710678118654868 -0.70710678118654646 -1.0239943174748181e-14 1 I I 0 1 1
forward I I I I #
-2671 ptlist-eye-attrib $-1 $-1 $-1 $2306 #
-2672 vertex $-1 $2426 $3014 #
-2673 ellipse-curve $-1 -0.11161005427124739 -18.74385365787067
0.74999999999998579 -1.9577424718807348e-17 1.0571809348156548e-15 -1
0.70710678118654735 0.70710678118654613 7.7715611723760958e-16 1 F 0 F
0.76688176132945918 #
-2674 edge $3015 $2309 0 $2796 1 $2432 $3016 forward 7 unknown #
-2675 point $-1 0.88821852205388307 -18.725338313864668 0.74999999999998579 #
-2676 coedge $-1 $2343 $2311 $2337 $2709 reversed $230 $-1 #
-2677 coedge $-1 $3017 $2312 $2315 $2684 reversed $2328 $-1 #
-2678 coedge $-1 $2312 $3017 $2331 $2697 forward $2328 $-1 #
-2679 ptlist-eye-attrib $-1 $-1 $-1 $2313 #
-2680 vertex $-1 $2697 $3018 #
-2681 straight-curve $-1 26.697769324404419 -5.23603696696114
2.2454292502798712 0 -8.8817841970012523e-16 -1.4954292502798703 F 0 F 1 #
-2682 coedge $-1 $2685 $2314 $2945 $3019 forward $2316 $-1 #
-2683 coedge $-1 $2315 $2685 $3020 $3021 forward $2316 $-1 #
-2684 edge $3022 $3023 0 $2318 1.5297862480954465 $2677 $3024 forward 7 unknown
#
-2685 coedge $-1 $2683 $2682 $3025 $3026 reversed $2316 $-1 #
-2686 face $-1 $2947 $2316 $3 $-1 $3027 forward single #
-2687 point $-1 26.697769324404419 -5.2360369669611408 0.75000000000000089 #
-2688 ptlist-eye-attrib $-1 $-1 $-1 $2321 #
-2689 vertex $-1 $3019 $3028 #
-2690 ellipse-curve $-1 26.72962670082585 -0.23551573540925749
0.74999999999999467 -1.5487299483387972e-15 3.4484832178023449e-15 -1
-0.031857376421431383 -0.99949242496756729 -3.4416913763379853e-15 1 F 0 F
1.1579225978815981 #
-2691 point $-1 25.804357835382479 -0.6101898830689434 2.1064363768321237 #
-2692 face $-1 $3029 $2338 $3 $-1 $3030 forward single #
-2693 loop $-1 $-1 $2702 $2327 #
-2694 cone-surface $-1 26.701720669086388 -7.236967493529157 4.8067667017235998
-6.5377153164973834e-17 -3.5303662709089966e-15 -1 -0.018515344006019063
-0.99982857632513245 3.5527136788005041e-15 1 I I 0 1 1 forward I I I I #
-2695 ptlist-eye-attrib $-1 $-1 $-1 $2330 #
-2696 ellipse-curve $-1 -459.19648495543436 -6.2410816407919043 -108.25
0.018515344006018571 0.99982857632513134 5.2983246641673475e-15
-5967.0000000007667 110.49999999999999 5.8264504332328215e-13
0.018515344006018571 F 1.6522956990006727 F 1.6523168308514906 #
-2697 edge $3031 $3032 0 $2680 1.5256532632198787 $2678 $3033 forward 7 unknown
#
-2698 ptlist-eye-attrib $-1 $-1 $-1 $2332 #
-2699 ellipse-curve $-1 26.697769324404419 -6.2410816407919043 -108.25 -1 0 0 0
-1.9959841327535806 110.48197159420081 1 F 0 F 0.02715973956380489 #
-2700 coedge $-1 $3034 $3035 $2333 $2701 reversed $3036 $-1 #
-2701 edge $3037 $3032 1.5705808246220572 $2705 1.5796414241077121 $2700 $3038
forward 7 unknown #
-2702 coedge $-1 $3039 $2334 $3035 $3040 forward $2693 $-1 #
-2703 coedge $-1 $2334 $3039 $2336 $2708 forward $2693 $-1 #
-2704 ptlist-eye-attrib $-1 $-1 $-1 $2335 #
-2705 vertex $-1 $2335 $3041 #
-2706 intcurve-curve $-1 forward { exactcur full nubs 3 open 7 0 3
0.25986410107835411 1 0.52423066009158026 1 0.78412375770671705 1
1.0438965321793567 1 1.3075664400350835 1 1.5663809622093963 3
26.683205325080369 -8.2367960698542966 2.2319764663794901 26.596598811851241
-8.235192245535238 2.2320054373975475 26.421469460650329 -8.20898818616004
2.2324822202468853 26.179244731278143 -8.1031601548484531 2.23433734259718
25.972800429960376 -7.9380948525347863 2.2370221217811048 25.816029232804581
-7.7255842945441158 2.2401087882884667 25.71983486524703 -7.4800807455122458
2.2431536819853068 25.700294808586964 -7.3047054949350398 2.2449145640584134
25.701892092761259 -7.2184521495231602 2.2456775031886118 0 null_surface
null_surface nullbs nullbs I I 0 0 0 I I } I I #
-2707 coedge $-1 $2337 $2336 $3042 $3043 forward $2338 $-1 #
-2708 edge $3044 $3045 0 $2340 1 $2336 $3046 forward 7 unknown #
-2709 edge $3047 $3048 0 $2341 1 $2337 $3049 forward 7 unknown #
-2710 point $-1 26.683205325080369 -8.2367960698542966 2.2319764663794901 #
-2711 point $-1 26.697769324404334 -8.2370657735454831 2.2319715942008003 #
-2712 coedge $-1 $3042 $2757 $2343 $2713 forward $2014 $-1 #
-2713 edge $3050 $2718 0 $3048 1 $2712 $3051 forward 7 unknown #
-2714 coedge $-1 $2403 $2344 $2757 $3052 reversed $2716 $-1 #
-2715 coedge $-1 $2344 $2403 $2346 $2720 forward $2716 $-1 #
-2716 loop $-1 $-1 $2344 $3029 #
-2717 ptlist-eye-attrib $-1 $-1 $-1 $2345 #
-2718 vertex $-1 $2345 $3053 #
-2719 straight-curve $-1 26.697769324404419 -12.238094580129898
2.0871462192375696 0 0 -1.3371462192375689 F 0 F 1 #
-2720 edge $3054 $2406 -1.5165098076717367 $2348 -1.5164980391068901 $2715
$3055 forward 7 unknown #
-2721 point $-1 26.697769324403794 -12.238094580129886 2.0871462192375674 #
-2722 ptlist-eye-attrib $-1 $-1 $-1 $2351 #
-2723 ellipse-curve $-1 26.590609557975295 -14.236967493529225
0.74999999999996092 9.8100303812632451e-17 5.2974164058827668e-15 -1
-0.018515344005958667 -0.99982857632513245 -5.3290705182007514e-15 1 F 0 F
0.78539816339751178 #
-2724 point $-1 26.572094213969251 -15.236796069854359 0.74999999999998279 #
-2725 ptlist-eye-attrib $-1 $-1 $-1 $2356 #
-2726 vertex $-1 $2356 $3056 #
-2727 ellipse-curve $-1 26.498023314407707 -19.236624646179475
0.74999999999998224 1.9564001733054487e-17 1.0564560935850647e-15 -1
-0.6938932410409322 0.7200778916462518 7.7715611723760958e-16 1 F 0 F
0.78539816339733803 #
-2728 ptlist-eye-attrib $-1 $-1 $-1 $2359 #
-2729 ellipse-curve $-1 26.498023314407707 -19.236624646179475
0.74999999999998224 1.9564001733054487e-17 1.0564560935850647e-15 -1
-0.99982857632513245 0.018515344006043932 0 1 F 0 F 0.78539816339742385 #
-2730 face $-1 $3057 $2737 $3 $-1 $3058 reversed single #
-2731 spline-surface $-1 forward { exactsur full nubs 3 3 open open none none 2
2 -0.04385858203640304 3 1.0433845404750206 3 59.232923749723241 3
60.983091373527778 3 25.464720665875159 -20.874267244705884 0.87508381190225748
25.5012009547387 -21.42423596489424 0.87508381190225748 24.945694825316579
-22.071749855348354 0.87508381190225748 24.395059905943185 -22.11047772690921
0.87508381190225748 25.464720665875159 -20.874267244705884 0.29169460396741209
25.5012009547387 -21.42423596489424 0.29169460396741209 24.945694825316579
-22.071749855348354 0.29169460396741209 24.395059905943185 -22.11047772690921
0.29169460396741209 25.464720665875159 -20.874267244705884 -0.29169460396743341
25.5012009547387 -21.42423596489424 -0.29169460396743341 24.945694825316579
-22.071749855348354 -0.29169460396743341 24.395059905943185 -22.11047772690921
-0.29169460396743341 25.464720665875159 -20.874267244705884 -0.8750838119022788
25.5012009547387 -21.42423596489424 -0.8750838119022788 24.945694825316579
-22.071749855348354 -0.8750838119022788 24.395059905943185 -22.11047772690921
-0.8750838119022788 0 0 0 0 0 0 0 F -0.04385858203640304 F 1.0433845404750206 F
59.232923749723241 F 60.983091373527778 } I I I I #
-2732 coedge $-1 $2442 $2367 $3059 $3060 forward $630 $-1 #
-2733 coedge $-1 $3061 $3062 $2367 $2734 reversed $3063 $-1 #
-2734 edge $3064 $2739 0 $3065 0.00359550755481067 $2733 $3066 forward 7
unknown #
-2735 coedge $-1 $3067 $2368 $2370 $2741 reversed $2737 $-1 #
-2736 coedge $-1 $2368 $3067 $3061 $3068 forward $2737 $-1 #
-2737 loop $-1 $-1 $2736 $2730 #
-2738 ptlist-eye-attrib $-1 $-1 $-1 $2369 #
-2739 vertex $-1 $2734 $3069 #
-2740 ellipse-curve $-1 13.697769324404533 46.590168359207631
0.74999999999997868 0 0 -1 10.763192306169117 -68.693146804778536 0 1 F 0 F
0.15721919425125896 #
-2741 edge $3070 $3071 0 $2372 1 $2735 $3072 forward 7 unknown #
-2742 point $-1 24.460961630573706 -22.102978445570891 0.74999999999999289 #
-2743 coedge $-1 $2376 $3073 $2374 $2744 forward $1141 $-1 #
-2744 edge $3074 $3071 0 $2379 1.5363203674712096 $2374 $3075 forward 7 unknown
#
-2745 coedge $-1 $2573 $2376 $2393 $2754 reversed $1141 $-1 #
-2746 ptlist-eye-attrib $-1 $-1 $-1 $2377 #
-2747 straight-curve $-1 25.466284668410481 -20.9412530644668
-0.75000000000000711 0.19751896170354399 10.666023931992754
7.1054273576010019e-15 F 0 F 1 #
-2748 point $-1 25.466284668410481 -20.941253064466796 -0.75000000000000711 #
-2749 point $-1 26.572094213969187 -15.236796069854359 1.8832244234715827 #
-2750 point $-1 25.870531666329043 -14.930860734570157 0.74999999999995715 #
-2751 ptlist-eye-attrib $-1 $-1 $-1 $2389 #
-2752 straight-curve $-1 25.590780981650163 -14.218452149523259
0.74999999999998335 -0.092586243567584603 -4.9996571526502045
1.0658141036401503e-14 F 0 F 1 #
-2753 coedge $-1 $2393 $2392 $3076 $3077 reversed $2394 $-1 #
-2754 edge $3078 $3079 0 $2396 1 $2393 $3080 forward 7 unknown #
-2755 face $-1 $2401 $2394 $3 $-1 $3081 reversed single #
-2756 point $-1 25.663803630114025 -10.275229132474045 -0.75 #
-2757 coedge $-1 $2712 $2398 $2714 $3052 forward $2014 $-1 #
-2758 coedge $-1 $2399 $3042 $3039 $3082 forward $2014 $-1 #
-2759 coedge $-1 $3035 $3076 $2399 $2760 reversed $3036 $-1 #
-2760 edge $3083 $3084 0 $2762 1 $2759 $3085 forward 7 unknown #
-2761 ptlist-eye-attrib $-1 $-1 $-1 $2400 #
-2762 vertex $-1 $2400 $3086 #
-2763 straight-curve $-1 25.663803630114035 -10.275229132474045 0.75
-0.020292619310804838 -1.6418413501639861e-05 -4.7739590058881731e-15 F 0 F 1
#
-2764 face $-1 $3087 $3036 $3 $-1 $3088 reversed single #
-2765 plane-surface $-1 13.197769324404419 -4.7974041042373301 0.75 0 0 1 1 0 0
forward_v F 12.286452712887 F 13.625083811902261 F -8.5457890098383391 F
-2.2959642333836427 #
-2766 ptlist-eye-attrib $-1 $-1 $-1 $2404 #
-2767 vertex $-1 $3052 $3089 #
-2768 straight-curve $-1 26.627649769524837 -12.236796069854345
2.0872167878324399 -1.0658141036401503e-14 -5.3290705182007514e-15
-1.3372167878324435 F 0 F 1 #
-2769 point $-1 26.62764976952483 -12.236796069854346 2.0872167878324399 #
-2770 ptlist-eye-attrib $-1 $-1 $-1 $2408 #
-2771 ellipse-curve $-1 26.609134425518803 -13.236624646179477
0.74999999999998579 3.681708227335691e-17 1.9881224427615034e-15 -1
-0.69389324104092864 0.72007789164625358 1.4432899320127035e-15 1 F 0 F
0.785398163397385 #
-2772 point $-1 25.915241184477875 -12.516546754533223 0.74999999999999434 #
-2773 point $-1 25.498194738082574 -19.218109302173431 0.74999999999998224 #
-2774 coedge $-1 $2458 $2416 $3090 $3091 reversed $239 $-1 #
-2775 coedge $-1 $3092 $3093 $2416 $2776 reversed $3094 $-1 #
-2776 edge $3095 $2780 0 $3096 1 $2775 $3097 forward 7 unknown #
-2777 coedge $-1 $2417 $2838 $3092 $3098 forward $2778 $-1 #
-2778 loop $-1 $-1 $2838 $3099 #
-2779 ptlist-eye-attrib $-1 $-1 $-1 $2418 #
-2780 vertex $-1 $2776 $3100 #
-2781 straight-curve $-1 -0.30223067559558092 -11.738094580129964
2.1131861117861606 0 8.8817841970012523e-15 -1.3631861117861599 F 0 F 1 #
-2782 point $-1 -0.30223067559603578 -11.738094580129953 2.113186111786149 #
-2783 coedge $-1 $2427 $2841 $2423 $2784 forward $2669 $-1 #
-2784 edge $3101 $2786 0 $2430 1 $2783 $3102 forward 7 unknown #
-2785 ptlist-eye-attrib $-1 $-1 $-1 $2424 #
-2786 vertex $-1 $2842 $3103 #
-2787 ellipse-curve $-1 -459.19648495543436 -6.2410816407919043 -108.25
0.018515344006018571 0.99982857632513134 5.2983246641673475e-15
-5967.0000000007667 110.49999999999999 5.8264504332328215e-13
0.018515344006018571 F 1.647777693042475 F 1.6477910484246434 #
-2788 ptlist-eye-attrib $-1 $-1 $-1 $2426 #
-2789 ellipse-curve $-1 -0.11161005427124739 -18.74385365787067
0.74999999999998224 -1.9577424718807348e-17 1.0571809348156548e-15 -1
0.018515344006020562 0.99982857632513245 1.1102230246251565e-15 1 F 0 F
0.76688176132943942 #
-2790 ptlist-eye-attrib $-1 $-1 $-1 $2428 #
-2791 vertex $-1 $2428 $3104 #
-2792 ellipse-curve $-1 -0.20425982184814839 -13.740766208717744
0.74999999999994671 -9.8167611053676248e-17 5.3010509968988097e-15 -1
0.70710678118654913 -0.70710678118654613 -3.7747582837255322e-15 1 F 0 F
0.80391456546540496 #
-2793 point $-1 -0.22277516585410401 -14.740594785042875 0.74999999999997802 #
-2794 coedge $-1 $2841 $2433 $2453 $2816 forward $2669 $-1 #
-2795 ptlist-eye-attrib $-1 $-1 $-1 $2434 #
-2796 vertex $-1 $2674 $3105 #
-2797 ellipse-curve $-1 -0.20425982184814839 -13.740766208717744
0.74999999999994671 -9.8167611053676248e-17 5.3010509968988097e-15 -1
0.99982857632513156 0.018515344006019063 0 1 F 0 F 0.80391456546545337 #
-2798 coedge $-1 $3106 $3107 $2442 $2799 reversed $3108 $-1 #
-2799 edge $3109 $3110 0 $2804 0.0035955075545864379 $2798 $3111 forward 7
unknown #
-2800 coedge $-1 $3112 $2443 $3107 $3113 forward $2802 $-1 #
-2801 coedge $-1 $2443 $3112 $2445 $2807 reversed $2802 $-1 #
-2802 loop $-1 $-1 $2800 $3114 #
-2803 ptlist-eye-attrib $-1 $-1 $-1 $2444 #
-2804 vertex $-1 $2444 $3115 #
-2805 ellipse-curve $-1 12.697769324404533 46.590168359207631
0.74999999999997868 0 0 -1 0.12500000000059686 -69.531137640358182 0 1 F 0 F
0.15721919425141725 #
-2806 coedge $-1 $2446 $2445 $3116 $3117 reversed $2447 $-1 #
-2807 edge $3118 $2449 0 $3119 1 $2801 $3120 forward 7 unknown #
-2808 face $-1 $826 $2447 $3 $-1 $3121 reversed single #
-2809 point $-1 1.9345770182344044 -22.102978445570777 0.74999999999998335 #
-2810 coedge $-1 $3122 $2451 $3123 $3124 forward $2066 $-1 #
-2811 coedge $-1 $3116 $3125 $2451 $2812 forward $1141 $-1 #
-2812 edge $3126 $3127 0 $2814 1 $2451 $3128 forward 7 unknown #
-2813 ptlist-eye-attrib $-1 $-1 $-1 $2452 #
-2814 vertex $-1 $3117 $3129 #
-2815 straight-curve $-1 0.92925398039836438 -20.941253064466739
-0.74999999999999756 1.1102230246251565e-16 0 1.499999999999988 F 0 F 1 #
-2816 edge $3130 $2796 0 $2845 1 $2794 $3131 forward 7 unknown #
-2817 face $-1 $3099 $2482 $3 $-1 $3132 forward single #
-2818 plane-surface $-1 0.92925398039836482 -20.941253064466743
60.108007561625499 -0.99982857632513134 -0.018515344006019934 0
-0.018515344006019934 0.99982857632513134 0 forward_v F -0.21335705308995384 F
10.881209707587645 F 57.923097418943129 F 60.983091373527756 #
-2819 coedge $-1 $3133 $2459 $2473 $2834 forward $2821 $-1 #
-2820 coedge $-1 $2459 $3133 $2461 $2826 reversed $2821 $-1 #
-2821 loop $-1 $-1 $3133 $3011 #
-2822 ptlist-eye-attrib $-1 $-1 $-1 $2460 #
-2823 vertex $-1 $2460 $3134 #
-2824 straight-curve $-1 -0.30223067559558103 -4.7360369669612012
0.75000000000000056 0 -1.7763568394002505e-15 1.4897499342349536 F 0 F 1 #
-2825 coedge $-1 $3135 $2461 $3136 $3137 forward $2463 $-1 #
-2826 edge $3138 $2465 0 $3139 1.5205188910535989 $2820 $3140 forward 7 unknown
#
-2827 face $-1 $3141 $2463 $3 $-1 $3142 forward single #
-2828 point $-1 -0.30223067559558103 -4.7360369669612012 0.75000000000000056 #
-2829 ptlist-eye-attrib $-1 $-1 $-1 $2467 #
-2830 ellipse-curve $-1 -0.42644525569651665 0.25724721909472181
0.75000000000000155 -4.3765470104868164e-17 2.3633353856630107e-15 -1
0.99982857632512934 0.018515344006027834 0 1 F 0 F 1.4647764871531979 #
-2831 coedge $-1 $2473 $2472 $3143 $3144 reversed $1725 $-1 #
-2832 coedge $-1 $3090 $3145 $2472 $2833 forward $3012 $-1 #
-2833 edge $3146 $3147 0 $2836 1.5716060926336666 $2832 $3148 forward 7 unknown
#
-2834 edge $3149 $2823 0 $3150 1.5164822850478181 $2819 $3151 forward 7 unknown
#
-2835 ptlist-eye-attrib $-1 $-1 $-1 $2474 #
-2836 vertex $-1 $2474 $3152 #
-2837 ellipse-curve $-1 -0.30223067559558103 -6.2410816407919043 -108.25 -1 0 0
0 -1.4959841327536409 110.48987298152962 1 F 0 F 0.027159466491304782 #
-2838 coedge $-1 $2777 $2475 $2481 $2850 reversed $2778 $-1 #
-2839 ptlist-eye-attrib $-1 $-1 $-1 $2476 #
-2840 ellipse-curve $-1 -297.14092939987705 -6.2410816407919043 -108.25
0.018515344006018571 0.99982857632513134 1.9884633124498661e-15
5967.0000000007667 -110.49999999999999 -2.1316282072803006e-13
0.018515344006018571 F -1.5210290621397504 F -1.5210126267309596 #
-2841 coedge $-1 $2783 $2794 $2477 $2842 forward $2669 $-1 #
-2842 edge $3153 $2845 0 $2786 1.6050884029890811 $2841 $3154 forward 7 unknown
#
-2843 coedge $-1 $2478 $3122 $2480 $2848 reversed $2066 $-1 #
-2844 ptlist-eye-attrib $-1 $-1 $-1 $2479 #
-2845 vertex $-1 $2479 $3155 #
-2846 ellipse-curve $-1 0.65702858366366046 -6.2410816407919043 -108.25
0.99982857632513134 0.018515344006019934 0 -2.0462962962961839 110.5 0
0.99982857632513134 F 1.6294737937481929 F 1.6385510440840942 #
-2847 coedge $-1 $2849 $2480 $3156 $3157 reversed $2482 $-1 #
-2848 edge $3158 $2485 0 $3159 1 $2480 $3160 forward 7 unknown #
-2849 coedge $-1 $2481 $2847 $3161 $3162 reversed $2482 $-1 #
-2850 edge $3163 $3164 0 $2484 1 $2838 $3165 forward 7 unknown #
-2851 point $-1 -0.2042820554148273 -11.739908443466648 2.1130957512255844 #
-2852 point $-1 0.77703117690428092 -12.721221675785765 2.0598263307801119 #
-2853 coedge $-1 $2489 $2564 $2487 $2854 reversed $1141 $-1 #
-2854 edge $3166 $2492 0 $2567 0.002986680520141101 $2487 $3167 forward 7
unknown #
-2855 cone-surface $-1 13.197769324404284 -69.646081640791579
-0.75000000000000178 0 0 1 11.911043774965883 82.853207911286063 0 1 I I 0 1 1
forward I I I I #
-2856 ptlist-eye-attrib $-1 $-1 $-1 $2490 #
-2857 ellipse-curve $-1 12.947769324404284 -69.646081640791607
-0.74999999999999911 0 0 -1 -0.12500000001081268 83.70490666621609 0 1 F 0 F
0.002986680519929839 #
-2858 point $-1 13.072769324394793 14.058825025424511 -0.75 #
-2859 ptlist-eye-attrib $-1 $-1 $-1 $2502 #
-2860 straight-curve $-1 0.55943211387698866 1.0291277276885644 0.75 0 0 -1.5 F
0 F 1 #
-2861 coedge $-1 $3125 $2504 $3168 $3169 forward $1141 $-1 #
-2862 coedge $-1 $3170 $3171 $2504 $2863 forward $2878 $-1 #
-2863 edge $3172 $3173 0 $2867 1 $2862 $3174 forward 7 unknown #
-2864 coedge $-1 $2880 $2505 $2508 $2870 forward $2518 $-1 #
-2865 coedge $-1 $2505 $2880 $3170 $3175 forward $2518 $-1 #
-2866 ptlist-eye-attrib $-1 $-1 $-1 $2506 #
-2867 vertex $-1 $2863 $3176 #
-2868 straight-curve $-1 0.60201136108606734 -1.0291277276885644 -0.75
0.039635500867570284 -2.1403170468489243 0 F 0 F 1 #
-2869 coedge $-1 $2508 $2507 $2881 $3177 reversed $2134 $-1 #
-2870 edge $3178 $2510 0 $3179 1 $2864 $3180 forward 7 unknown #
-2871 point $-1 0.60201136108606734 -1.0291277276885642 -0.75 #
-2872 edge $3181 $2876 0 $2524 1 $2521 $3182 forward 7 unknown #
-2873 ptlist-eye-attrib $-1 $-1 $-1 $2513 #
-2874 straight-curve $-1 0.60883489279351011 1.0291277276885644 0.75 0 0 -1.5 F
0 F 1 #
-2875 ptlist-eye-attrib $-1 $-1 $-1 $2514 #
-2876 vertex $-1 $2514 $3183 #
-2877 straight-curve $-1 0.60883489279351011 -1.0291277276885644 -0.75 0 0 1.5
F 0 F 1 #
-2878 loop $-1 $-1 $3171 $2517 #
-2879 plane-surface $-1 0.61866493799228373 -3.1694447745374887
60.108007561625499 0 1 0 1 0 0 forward_v F -0.00045963847922706694 F
0.023441562440580412 F 59.232923749723241 F 60.983091373527756 #
-2880 coedge $-1 $2865 $2864 $3184 $3185 reversed $2518 $-1 #
-2881 coedge $-1 $2521 $3184 $2869 $3177 forward $2463 $-1 #
-2882 point $-1 0.55943211387698866 1.0291277276885644 0.75 #
-2883 point $-1 0.60883489279351011 1.0291277276885644 0.75 #
-2884 plane-surface $-1 49.697769324404454 33.558918359208093 17.25 -1 0 0 0 -1
0 forward_v F -1.28 F 65.280000000000001 F -0.13 F 6.6299999999999999 #
-2885 loop $-1 $-1 $3186 $2146 #
-2886 coedge $-1 $2550 $2549 $2596 $2961 forward $2533 $-1 #
-2887 coedge $-1 $3187 $3187 $3188 $3189 reversed $2535 $-1 #
-2888 coedge $-1 $3190 $2536 $3191 $3192 forward $2147 $-1 #
-2889 coedge $-1 $2536 $3190 $3193 $3194 reversed $2147 $-1 #
-2890 coedge $-1 $3195 $3196 $2536 $2891 reversed $3197 $-1 #
-2891 edge $3198 $3199 0 $3200 1 $2890 $3201 forward 7 unknown #
-2892 coedge $-1 $2537 $2537 $3202 $3203 reversed $2149 $-1 #
-2893 coedge $-1 $3204 $3205 $2537 $2894 forward $3206 $-1 #
-2894 edge $3207 $3208 0 $3209 3.1415926535897931 $2893 $3210 forward 7 unknown
#
-2895 coedge $-1 $2539 $2538 $3211 $3212 reversed $1773 $-1 #
-2896 coedge $-1 $3213 $3214 $2538 $2897 reversed $3215 $-1 #
-2897 edge $3216 $2905 0 $3217 1 $2896 $3218 forward 7 unknown #
-2898 coedge $-1 $3219 $2657 $2539 $2899 forward $2658 $-1 #
-2899 edge $3220 $2904 0 $3221 1 $2898 $3222 forward 7 unknown #
-2900 coedge $-1 $2655 $2540 $2657 $3004 reversed $2902 $-1 #
-2901 coedge $-1 $2540 $2655 $3213 $3223 forward $2902 $-1 #
-2902 loop $-1 $-1 $2901 $3224 #
-2903 ptlist-eye-attrib $-1 $-1 $-1 $2541 #
-2904 vertex $-1 $2899 $3225 #
-2905 vertex $-1 $2897 $3226 #
-2906 straight-curve $-1 49.697769324404454 -23.941081640791907 22.25 -6.5
7.1054273576010019e-15 0 F 0 F 1 #
-2907 coedge $-1 $3227 $3228 $2542 $2908 forward $2932 $-1 #
-2908 edge $3229 $2914 0 $2913 3.1415926535897931 $2907 $3230 forward 7 unknown
#
-2909 coedge $-1 $3231 $2543 $3228 $3232 forward $2911 $-1 #
-2910 coedge $-1 $2543 $3231 $3227 $3233 reversed $2911 $-1 #
-2911 loop $-1 $-1 $2909 $2931 #
-2912 ptlist-eye-attrib $-1 $-1 $-1 $2544 #
-2913 vertex $-1 $2908 $3234 #
-2914 vertex $-1 $2908 $3235 #
-2915 ellipse-curve $-1 47.197769324404454 31.058918359208093 22.25 0 0 1
-1.6000000000000014 0 0 1 F 0 F 3.1415926535897931 #
-2916 coedge $-1 $2557 $2663 $2545 $2917 forward $2658 $-1 #
-2917 edge $3236 $2666 0 $2560 1 $2916 $3237 forward 7 unknown #
-2918 coedge $-1 $3238 $2606 $2546 $2919 forward $2221 $-1 #
-2919 edge $3239 $2922 0 $3008 1 $2918 $3240 forward 7 unknown #
-2920 coedge $-1 $2612 $2547 $2606 $2967 reversed $2204 $-1 #
-2921 ptlist-eye-attrib $-1 $-1 $-1 $2548 #
-2922 vertex $-1 $2967 $3241 #
-2923 straight-curve $-1 -23.302230675595546 33.558918359208093 22.25 0 0 1.5 F
0 F 1 #
-2924 edge $3242 $2970 0 $2552 1 $2549 $3243 forward 7 unknown #
-2925 point $-1 -23.302230675595546 33.558918359208093 22.25 #
-2926 ptlist-eye-attrib $-1 $-1 $-1 $2554 #
-2927 straight-curve $-1 -16.802230675595546 27.058918359208093 22.25 0 6.5 0 F
0 F 1 #
-2928 ptlist-eye-attrib $-1 $-1 $-1 $2558 #
-2929 straight-curve $-1 49.697769324404454 27.058918359208093 17.25 0 0 5 F 0
F 1 #
-2930 point $-1 49.697769324404454 27.058918359208093 22.25 #
-2931 face $-1 $3244 $2911 $3 $-1 $3245 reversed single #
-2932 loop $-1 $-1 $3227 $2562 #
-2933 cone-surface $-1 47.197769324404454 31.058918359208093 22.25 0 0 1
1.5999999999999999 0 0 1 I I 0 1 1 forward I I I I #
-2934 ptlist-eye-attrib $-1 $-1 $-1 $2565 #
-2935 ellipse-curve $-1 13.447769324404284 -69.646081640791607
-0.74999999999999911 0 0 -1 -0.12499999999048583 83.704906666216118 0 1 F 0 F
0.0029866805198000262 #
-2936 point $-1 13.3227693244138 14.058825025424511 -0.74999999999999967 #
-2937 coedge $-1 $3076 $3246 $2573 $2938 reversed $3036 $-1 #
-2938 edge $3247 $3079 0 $2943 1 $2937 $3248 forward 7 unknown #
-2939 coedge $-1 $3025 $2574 $3246 $3249 reversed $2941 $-1 #
-2940 coedge $-1 $2574 $3025 $2576 $2946 reversed $2941 $-1 #
-2941 loop $-1 $-1 $2940 $3087 #
-2942 ptlist-eye-attrib $-1 $-1 $-1 $2575 #
-2943 vertex $-1 $2575 $3250 #
-2944 straight-curve $-1 25.753891786855196 -3.1694447745374887 -0.75
0.022981923961349793 0 0 F 0 F 1 #
-2945 coedge $-1 $2577 $2576 $2682 $3019 reversed $2578 $-1 #
-2946 edge $3251 $2580 0 $3252 1 $2576 $3253 forward 7 unknown #
-2947 face $-1 $1825 $2578 $3 $-1 $3254 reversed single #
-2948 point $-1 25.753891786855196 -3.1694447745374887 -0.75 #
-2949 ptlist-eye-attrib $-1 $-1 $-1 $2582 #
-2950 straight-curve $-1 25.80356973879454 -0.60734731676882758 -0.75
-0.0009607157521678289 -0.00039354239469091556 1.4999999999999987 F 0 F 1 #
-2951 ptlist-eye-attrib $-1 $-1 $-1 $2584 #
-2952 straight-curve $-1 0.55943211387698866 1.0291277276885644 0.75
0.013951206751625089 -0.75336516458782066 5.5511151231257827e-16 F 0 F 1 #
-2953 point $-1 0.57338332062861275 0.27576256310074965 0.75000000000000155 #
-2954 ptlist-eye-attrib $-1 $-1 $-1 $2589 #
-2955 straight-curve $-1 25.802609023042372 -0.6077408591635185
0.74999999999999867 0.0017488123401072642 -0.0024490239054248963
1.356436376832125 F 0 F 1 #
-2956 coedge $-1 $2995 $2594 $3255 $3256 reversed $1831 $-1 #
-2957 edge $3257 $3258 0 $2959 1 $2623 $3259 forward 7 unknown #
-2958 ptlist-eye-attrib $-1 $-1 $-1 $2595 #
-2959 vertex $-1 $2957 $3260 #
-2960 straight-curve $-1 -23.302230675595546 12.058918359208093 23.75 0 0 -5 F
0 F 1 #
-2961 edge $3261 $2970 0 $2651 1 $2886 $3262 forward 7 unknown #
-2962 ptlist-eye-attrib $-1 $-1 $-1 $2598 #
-2963 straight-curve $-1 -23.302230675595546 27.058918359208093 17.25 0 0 1.5 F
0 F 1 #
-2964 point $-1 -23.302230675595546 27.058918359208093 18.75 #
-2965 face $-1 $3263 $3264 $3 $-1 $3265 forward single #
-2966 plane-surface $-1 -24.802230675595546 12.058918359208093 23.75 0 -1 0 1 0
0 forward_v F -0.12508381190226017 F 1.6250838119022601 F -5.1250838119022601 F
0.12508381190226017 #
-2967 edge $3266 $2615 0 $2922 1 $2606 $3267 forward 7 unknown #
-2968 plane-surface $-1 0 0 23.75 0 0 1 1 0 0 forward_v F -26.322230675595545 F
52.717769324404458 F -33.281081640791903 F 36.398918359208096 #
-2969 ptlist-eye-attrib $-1 $-1 $-1 $2613 #
-2970 vertex $-1 $2613 $3268 #
-2971 straight-curve $-1 -23.302230675595546 27.058918359208093 23.75 0 0 -1.5
F 0 F 1 #
-2972 point $-1 -23.302230675595546 27.058918359208093 23.75 #
-2973 coedge $-1 $2623 $3238 $3269 $3270 forward $2221 $-1 #
-2974 ptlist-eye-attrib $-1 $-1 $-1 $2624 #
-2975 straight-curve $-1 -24.802230675595546 12.058918359208093 23.75 1.5 0 0 F
0 F 1 #
-2976 ptlist-eye-attrib $-1 $-1 $-1 $2629 #
-2977 vertex $-1 $2980 $3271 #
-2978 straight-curve $-1 25.197769324404419 -31.9410816407919 -0.75 0 0 4.25 F
0 F 1 #
-2979 cone-surface $-1 25.197769324404419 -28.941081640791904
-21.607600000000083 0 0 1 0 -3 0 1 I I 0 1 1 forward I I I I #
-2980 edge $3272 $2640 0 $2977 1 $2632 $3273 forward 7 unknown #
-2981 ptlist-eye-attrib $-1 $-1 $-1 $2633 #
-2982 straight-curve $-1 1.197769324404419 -31.9410816407919 3.5 0 0 -4.25 F 0
F 1 #
-2983 ptlist-eye-attrib $-1 $-1 $-1 $2637 #
-2984 ellipse-curve $-1 25.197769324404419 -28.941081640791904
-0.75000000000000355 0 0 -1 3 0 0 1 F 0 F 1.5707963267948966 #
-2985 point $-1 1.1977693244044192 -31.941081640791904 -0.75 #
-2986 coedge $-1 $2654 $2642 $3274 $3275 reversed $785 $-1 #
-2987 coedge $-1 $3196 $3195 $2642 $2988 forward $3197 $-1 #
-2988 edge $3276 $3277 0 $2993 1 $2987 $3278 forward 7 unknown #
-2989 coedge $-1 $3191 $2643 $2645 $2996 forward $2991 $-1 #
-2990 coedge $-1 $2643 $3191 $3196 $3279 reversed $2991 $-1 #
-2991 loop $-1 $-1 $2989 $3280 #
-2992 ptlist-eye-attrib $-1 $-1 $-1 $2644 #
-2993 vertex $-1 $2988 $3281 #
-2994 straight-curve $-1 -23.302230675595546 -23.9410816407919 17.25 6.5 0 0 F
0 F 1 #
-2995 coedge $-1 $2645 $2956 $3190 $3282 forward $1831 $-1 #
-2996 edge $3283 $2647 0 $3284 1 $2989 $3285 forward 7 unknown #
-2997 point $-1 -23.302230675595546 -23.9410816407919 17.25 #
-2998 point $-1 -16.802230675595546 27.058918359208093 22.25 #
-2999 coedge $-1 $3214 $3213 $2654 $3000 reversed $3215 $-1 #
-3000 edge $3286 $3287 0 $3002 1 $2999 $3288 forward 7 unknown #
-3001 ptlist-eye-attrib $-1 $-1 $-1 $2656 #
-3002 vertex $-1 $2656 $3289 #
-3003 straight-curve $-1 49.697769324404454 -23.941081640791907 17.25 -6.5
7.1054273576010019e-15 0 F 0 F 1 #
-3004 edge $3290 $2660 0 $2904 1 $2900 $3291 forward 7 unknown #
-3005 point $-1 49.697769324404454 -23.941081640791907 17.25 #
-3006 coedge $-1 $2663 $3219 $3238 $3292 reversed $2658 $-1 #
-3007 ptlist-eye-attrib $-1 $-1 $-1 $2664 #
-3008 vertex $-1 $2919 $3293 #
-3009 straight-curve $-1 49.697769324404454 33.558918359208093 22.25 0 0 1.5 F
0 F 1 #
-3010 point $-1 49.697769324404454 33.558918359208093 22.25 #
-3011 face $-1 $1753 $2821 $3 $-1 $3294 forward single #
-3012 loop $-1 $-1 $3090 $2668 #
-3013 cone-surface $-1 -0.31543784437990219 -6.7371529920027236
2.0283833508618452 -6.5377153164977828e-17 3.530366270908997e-15 1
0.013207168784321155 -0.9999127815428217 3.5527136788005009e-15 1 I I 0 1 1
forward I I I I #
-3014 point $-1 0.59549672691530087 -18.03674687668412 0.74999999999998301 #
-3015 ptlist-eye-attrib $-1 $-1 $-1 $2674 #
-3016 straight-curve $-1 0.88821852205388452 -18.725338313864672
0.74999999999999523 -0.092649767576900577 5.003087449152904
-1.4210854715202004e-14 F 0 F 1 #
-3017 coedge $-1 $2678 $2677 $3034 $3295 forward $2328 $-1 #
-3018 point $-1 26.697769324404419 -5.2360369669611391 2.2454292502798712 #
-3019 edge $3296 $2689 0 $3252 1 $2945 $3297 forward 7 unknown #
-3020 coedge $-1 $3246 $3034 $2683 $3021 reversed $3036 $-1 #
-3021 edge $3298 $3299 0 $3023 1 $2683 $3300 forward 7 unknown #
-3022 ptlist-eye-attrib $-1 $-1 $-1 $2684 #
-3023 vertex $-1 $3021 $3301 #
-3024 ellipse-curve $-1 26.7202611042465 -6.2357839948834739 0.750000000000003
-3.6207841238856996e-17 -1.9552234268985046e-15 -1 -0.99982857632513245
0.018515344006019951 0 1 F 0 F 1.5297862480954465 #
-3025 coedge $-1 $2940 $2939 $2685 $3026 forward $2941 $-1 #
-3026 edge $3302 $3299 0 $3252 1 $2685 $3303 forward 7 unknown #
-3027 plane-surface $-1 13.197769324404419 -4.7974041042373301 0.75 0 0 1 1 0 0
forward_v F 12.397579391614688 F 13.625083811902261 F -1.544948358542384 F
4.3151130569307243 #
-3028 point $-1 25.801337526027936 -0.60737485920886691 0.74999999999999478 #
-3029 face $-1 $2025 $2716 $3 $-1 $3304 forward single #
-3030 plane-surface $-1 -1.3073671662259088 -7.7184521348301658
4.8067667017236033 -0.018515344006018571 -0.99982857632513134
3.5309715630301891e-15 -6.5377153164973847e-17 -3.5303662709089978e-15
-1.0000000000000002 forward_v F 2.4497064234418522 F 4.1818505136258644 F
27.995080230851215 F 28.010229387072265 #
-3031 ptlist-eye-attrib $-1 $-1 $-1 $2697 #
-3032 vertex $-1 $2701 $3305 #
-3033 intcurve-curve $-1 forward { exactcur full nubs 3 open 7 0 3
0.25288982593182613 1 0.51019425755312464 1 0.76308384397590867 1
1.0158780209048319 1 1.2728106923556273 1 1.5256532632198787 3
25.720432527921364 -6.2172686508774548 2.2499974341244635 25.721993308592719
-6.1329864946243564 2.2499792711363784 25.746882414515984 -5.9625784227698677
2.24974282299124 25.847305579274234 -5.7259113951449025 2.2488737168373607
26.004276402663269 -5.5223163194976008 2.2477115136812809 26.207219786971613
-5.3647106222600822 2.2465500009157839 26.443341505820616 -5.2634745092785185
2.2456818540938448 26.613509789916431 -5.2379325934009984 2.2454464925248208
26.697769324404419 -5.2360369669611391 2.2454292502798712 0 null_surface
null_surface nullbs nullbs I I 0 0 0 I I } I I #
-3034 coedge $-1 $3020 $2700 $3017 $3295 reversed $3036 $-1 #
-3035 coedge $-1 $2700 $2759 $2702 $3040 reversed $3036 $-1 #
-3036 loop $-1 $-1 $3035 $2764 #
-3037 ptlist-eye-attrib $-1 $-1 $-1 $2701 #
-3038 ellipse-curve $-1 25.719991546626655 -6.2410816407919043 -108.25
0.99982857632513134 -0.018515344006018803 0 2.0462962962960596 110.5 0
0.99982857632513134 F 1.5705808246220572 F 1.5796414241077121 #
-3039 coedge $-1 $2703 $2702 $2758 $3082 reversed $2693 $-1 #
-3040 edge $3306 $2705 0 $3084 1 $2702 $3307 forward 7 unknown #
-3041 point $-1 25.701892092761259 -7.2184521495231602 2.2456775031886118 #
-3042 coedge $-1 $2758 $2712 $2707 $3043 reversed $2014 $-1 #
-3043 edge $3308 $3045 0 $3048 1 $2707 $3309 forward 7 unknown #
-3044 ptlist-eye-attrib $-1 $-1 $-1 $2708 #
-3045 vertex $-1 $3082 $3310 #
-3046 straight-curve $-1 26.683205325080344 -8.2367960698543001
0.75000000000000266 2.4868995751603507e-14 3.5527136788005009e-15
1.4819764663794874 F 0 F 1 #
-3047 ptlist-eye-attrib $-1 $-1 $-1 $2709 #
-3048 vertex $-1 $2713 $3311 #
-3049 straight-curve $-1 26.697769324404419 -8.2370657735454884 0.75 0
5.3290705182007514e-15 1.481971594200818 F 0 F 1 #
-3050 ptlist-eye-attrib $-1 $-1 $-1 $2713 #
-3051 straight-curve $-1 26.697769324404419 -12.238094580129898
0.75000000000000067 0 4.0010288065844097 -6.6613381477509392e-16 F 0 F 1 #
-3052 edge $3312 $2767 0 $2718 1 $2714 $3313 forward 7 unknown #
-3053 point $-1 26.697769324404419 -12.238094580129898 0.75000000000000067 #
-3054 ptlist-eye-attrib $-1 $-1 $-1 $2720 #
-3055 ellipse-curve $-1 -297.14092939987705 -6.2410816407919043 -108.25
0.018515344006018571 0.99982857632513134 1.9884633124498661e-15
5967.0000000007667 -110.49999999999999 -2.1316282072803006e-13
0.018515344006018571 F -1.5165098076717367 F -1.5164980391068901 #
-3056 point $-1 25.804130073366771 -18.516546754533223 0.74999999999998301 #
-3057 face $-1 $3314 $3063 $3 $-1 $3315 reversed single #
-3058 cone-surface $-1 13.697769324404533 46.590168359207631 60.108007561625499
0 0 -1 -10.763192306169969 -68.693146804778408 0 1 I I 0 1 1 forward I I I I #
-3059 coedge $-1 $3316 $3317 $2732 $3060 reversed $3318 $-1 #
-3060 edge $3319 $3065 0 $3110 0.0035955075548511381 $3059 $3320 forward 7
unknown #
-3061 coedge $-1 $3321 $2733 $2736 $3068 reversed $3063 $-1 #
-3062 coedge $-1 $2733 $3321 $3316 $3322 forward $3063 $-1 #
-3063 loop $-1 $-1 $3321 $3057 #
-3064 ptlist-eye-attrib $-1 $-1 $-1 $2734 #
-3065 vertex $-1 $3060 $3323 #
-3066 ellipse-curve $-1 13.447769324404533 46.590168359207631
0.75000000000000089 0 0 -1 0.12500000000911982 -69.531137640358168 0 1 F 0 F
0.00359550755481067 #
-3067 coedge $-1 $2736 $2735 $3073 $3324 reversed $2737 $-1 #
-3068 edge $3325 $3326 0 $2739 1 $3061 $3327 forward 7 unknown #
-3069 point $-1 13.572769324413652 -22.940969281150565 0.74999999999997868 #
-3070 ptlist-eye-attrib $-1 $-1 $-1 $2741 #
-3071 vertex $-1 $2744 $3328 #
-3072 straight-curve $-1 24.460961630573681 -22.102978445570898
-0.75000000000000711 2.4868995751603507e-14 7.1054273576010019e-15 1.5 F 0 F 1
#
-3073 coedge $-1 $2743 $3329 $3067 $3324 forward $1141 $-1 #
-3074 ptlist-eye-attrib $-1 $-1 $-1 $2744 #
-3075 intcurve-curve $-1 forward { exactcur full nubs 3 open 2 0 3
1.5363203674712096 3 24.460961630573681 -22.102978445570898
-0.75000000000000711 24.966895679613369 -22.023706120494182
-0.75000000000000711 25.456802835041415 -21.453272066396146
-0.75000000000000711 25.466284668410481 -20.9412530644668 -0.75000000000000711
0 null_surface null_surface nullbs nullbs I I 0 0 0 I I } I I #
-3076 coedge $-1 $2759 $2937 $2753 $3077 forward $3036 $-1 #
-3077 edge $3330 $3079 0 $2762 1 $3076 $3331 forward 7 unknown #
-3078 ptlist-eye-attrib $-1 $-1 $-1 $2754 #
-3079 vertex $-1 $2938 $3332 #
-3080 straight-curve $-1 25.643511010803227 -10.275245550887547
-0.75000000000000466 0.020292619310797733 1.6418413501639861e-05
4.6629367034256575e-15 F 0 F 1 #
-3081 plane-surface $-1 25.642624416474131 -10.275229132474045
60.108007561625499 0 1 0 1 0 0 forward_v F -0.00042358427279793888 F
0.021602797912694881 F 59.232923749723241 F 60.983091373527756 #
-3082 edge $3333 $3045 0 $3084 1.5707963267947482 $3039 $3334 forward 7 unknown
#
-3083 ptlist-eye-attrib $-1 $-1 $-1 $2760 #
-3084 vertex $-1 $2760 $3335 #
-3085 straight-curve $-1 25.701892092761259 -7.2184521495231788
0.750000000000002 -0.058381081958032155 -3.0567934013643683
-6.7723604502134549e-15 F 0 F 1 #
-3086 point $-1 25.64351101080323 -10.275245550887547 0.74999999999999523 #
-3087 face $-1 $2686 $2941 $3 $-1 $3336 reversed single #
-3088 plane-surface $-1 25.776873710816545 -3.1694447745374887
60.108007561625499 0.99982857632513134 -0.018515344006018803 0
-0.018515344006018803 -0.99982857632513134 0 forward_v F -0.14214103860272811 F
7.2491929687391359 F 57.732926315598775 F 60.98309137352777 #
-3089 point $-1 26.627649769524766 -12.236796069854346 0.74999999999998779 #
-3090 coedge $-1 $3337 $2832 $2774 $3091 forward $3012 $-1 #
-3091 edge $3338 $2836 0 $3096 1 $3090 $3339 forward 7 unknown #
-3092 coedge $-1 $3161 $2775 $2777 $3098 reversed $3094 $-1 #
-3093 coedge $-1 $2775 $3340 $3337 $3341 forward $3094 $-1 #
-3094 loop $-1 $-1 $3093 $3342 #
-3095 ptlist-eye-attrib $-1 $-1 $-1 $2776 #
-3096 vertex $-1 $3091 $3343 #
-3097 straight-curve $-1 -0.30223067559558092 -11.738094580129957
0.75000000000000067 -1.1102230246251565e-16 4.0010288065844071
2.55351295663786e-15 F 0 F 1 #
-3098 edge $3344 $3164 0 $2780 1 $2777 $3345 forward 7 unknown #
-3099 face $-1 $2808 $2778 $3 $-1 $3346 forward single #
-3100 point $-1 -0.30223067559558092 -11.738094580129957 0.75000000000000067 #
-3101 ptlist-eye-attrib $-1 $-1 $-1 $2784 #
-3102 straight-curve $-1 -0.22277516585408222 -14.740594785042877
1.9226294335880176 -2.1788126858268697e-14 3.5527136788005009e-15
-1.1726294335880396 F 0 F 1 #
-3103 point $-1 -0.22277516585364765 -14.740594785042891 1.9226294335880141 #
-3104 point $-1 0.50284695933840085 -14.44787298990429 0.74999999999994293 #
-3105 point $-1 0.79556875447698316 -13.722250864711725 0.74999999999994671 #
-3106 coedge $-1 $3347 $2798 $3317 $3348 forward $3108 $-1 #
-3107 coedge $-1 $2798 $3347 $2800 $3113 reversed $3108 $-1 #
-3108 loop $-1 $-1 $2798 $3349 #
-3109 ptlist-eye-attrib $-1 $-1 $-1 $2799 #
-3110 vertex $-1 $2799 $3350 #
-3111 ellipse-curve $-1 12.947769324404533 46.590168359207631
0.75000000000000089 0 0 -1 0.12499999999210587 -69.531137640358196 0 1 F 0 F
0.0035955075545864379 #
-3112 coedge $-1 $2801 $2800 $3351 $3352 reversed $2802 $-1 #
-3113 edge $3353 $2804 0 $3354 1 $2800 $3355 forward 7 unknown #
-3114 face $-1 $2755 $2802 $3 $-1 $3356 reversed single #
-3115 point $-1 12.82276932440513 -22.940969281150551 0.74999999999997868 #
-3116 coedge $-1 $3351 $2811 $2806 $3117 forward $1141 $-1 #
-3117 edge $3357 $2814 0 $3119 1.5363203674706374 $2806 $3358 forward 7 unknown
#
-3118 ptlist-eye-attrib $-1 $-1 $-1 $2807 #
-3119 vertex $-1 $3352 $3359 #
-3120 straight-curve $-1 1.9345770182344044 -22.102978445570773
0.74999999999998335 -3.730349362740526e-14 1.0658141036401503e-14
-1.4999999999999951 F 0 F 1 #
-3121 spline-surface $-1 forward { exactsur full nubs 3 3 open open none none 2
2 -0.043831620511452521 3 1.0433587248480785 3 59.232923749723241 3
60.98309137352777 3 2.0011580121953569 -22.110525193349325 0.87508381190225748
1.4505539286987643 -22.072299968813049 0.87508381190225748 0.89483370092125381
-21.425057408682747 0.87508381190225748 0.93076804310321992 -20.875025846542645
0.87508381190225748 2.0011580121953569 -22.110525193349325 0.29169460396741442
1.4505539286987643 -22.072299968813049 0.29169460396741442 0.89483370092125381
-21.425057408682747 0.29169460396741442 0.93076804310321992 -20.875025846542645
0.29169460396741442 2.0011580121953569 -22.110525193349325 -0.29169460396742863
1.4505539286987643 -22.072299968813049 -0.29169460396742863 0.89483370092125381
-21.425057408682747 -0.29169460396742863 0.93076804310321992
-20.875025846542645 -0.29169460396742863 2.0011580121953569 -22.110525193349325
-0.87508381190227169 1.4505539286987643 -22.072299968813049
-0.87508381190227169 0.89483370092125381 -21.425057408682747
-0.87508381190227169 0.93076804310321992 -20.875025846542645
-0.87508381190227169 0 0 0 0 0 0 0 F -0.043831620511452521 F 1.0433587248480785
F 59.232923749723241 F 60.98309137352777 } I I I I #
-3122 coedge $-1 $2843 $2810 $3360 $3361 reversed $2066 $-1 #
-3123 coedge $-1 $3362 $3363 $2810 $3124 reversed $3364 $-1 #
-3124 edge $3365 $3127 0 $3366 1 $2810 $3367 forward 7 unknown #
-3125 coedge $-1 $2811 $2861 $3362 $3368 reversed $1141 $-1 #
-3126 ptlist-eye-attrib $-1 $-1 $-1 $2812 #
-3127 vertex $-1 $2812 $3369 #
-3128 straight-curve $-1 0.73173501869480662 -10.275229132474044 -0.75
0.19751896170355787 -10.666023931992695 2.4424906541753444e-15 F 0 F 1 #
-3129 point $-1 0.92925398039836438 -20.941253064466739 -0.74999999999999756 #
-3130 ptlist-eye-attrib $-1 $-1 $-1 $2816 #
-3131 straight-curve $-1 0.79556875447698394 -13.722250864711768
0.74999999999998102 -5.5511151231257827e-16 1.7763568394002505e-14
1.2464607461077613 F 0 F 1 #
-3132 cone-surface $-1 -0.2227973994208492 -12.739737019791832
29.929003780812756 -3.6842342707165919e-17 1.989486506187069e-15 -1
0.70710678118654813 0.70710678118654691 0 1 I I 0 1 1 forward I I I I #
-3133 coedge $-1 $2820 $2819 $3370 $3371 forward $2821 $-1 #
-3134 point $-1 -0.30223067559558103 -4.736036966961203 2.2397499342349536 #
-3135 coedge $-1 $3184 $2825 $3372 $3373 reversed $2463 $-1 #
-3136 coedge $-1 $3370 $3374 $2825 $3137 reversed $3375 $-1 #
-3137 edge $3376 $3139 0 $3377 1 $3136 $3378 forward 7 unknown #
-3138 ptlist-eye-attrib $-1 $-1 $-1 $2826 #
-3139 vertex $-1 $3137 $3379 #
-3140 ellipse-curve $-1 -0.33398636964421252 -5.7355326277299179
0.75000000000000222 3.6207841238859208e-17 -1.9552234268985046e-15 -1
0.031755694048631489 0.99949566076871577 -1.9984014443252818e-15 1 F 0 F
1.5205188910535989 #
-3141 face $-1 $3380 $3375 $3 $-1 $3381 reversed single #
-3142 plane-surface $-1 0 0 0.75 0 0 1 1 0 0 forward_v F -0.42731448749784118 F
0.79092601858317868 F -5.8519401839521388 F 1.1640506279168135 #
-3143 coedge $-1 $3382 $3370 $2831 $3144 forward $3375 $-1 #
-3144 edge $3383 $3150 1.5660536451505016 $3147 1.5751181140693542 $3143 $3384
forward 7 unknown #
-3145 coedge $-1 $2832 $3337 $3382 $3385 forward $3012 $-1 #
-3146 ptlist-eye-attrib $-1 $-1 $-1 $2833 #
-3147 vertex $-1 $3144 $3386 #
-3148 intcurve-curve $-1 forward { exactcur full nubs 3 open 7 0 3
0.25975467649141798 1 0.52433627066730359 1 0.78525658688963496 1
1.0457449466935103 1 1.3110940884851026 1 1.5716060926336666 3
0.6843907319452287 -6.7186376479966992 2.2489680506563872 0.68599386604283641
-6.805206889267521 2.2485939144817482 0.66629825250836383 -6.981217954345551
2.2476220504786308 0.56937323540868556 -7.2275539648614497 2.2456780461540697
0.41152109935238451 -7.4404260425211639 2.2435450216986652 0.20378924950859337
-7.6053795882563913 2.2416050420999252 -0.039587091545209008
-7.7105082220447771 2.2402360768146599 -0.21540091608600054 -7.7359188982275011
2.239888509715426 -0.30223067559558103 -7.7370657735455417 2.2398729815296137 0
null_surface null_surface nullbs nullbs I I 0 0 0 I I } I I #
-3149 ptlist-eye-attrib $-1 $-1 $-1 $2834 #
-3150 vertex $-1 $2834 $3387 #
-3151 intcurve-curve $-1 forward { exactcur full nubs 3 open 7 0 3
0.25148107418708615 1 0.50717377373593953 1 0.75819749758308164 1
1.0097524583858468 1 1.2652467975776396 1 1.5164822850478181 3
-0.30223067559558103 -4.736036966961203 2.2397499342349536 -0.21844593596226447
-4.7386989520624629 2.2397861946708839 -0.049393795227159955
-4.7655591102732933 2.2401549358269071 0.18461188258331179 -4.8679079005149024
2.2414931031106335 0.38545918570259186 -5.02574557617677 2.2433654192730401
0.54055242739128573 -5.2286523075546016 2.2454358427575527 0.63971607820874321
-5.4640463514145612 2.2473604852037727 0.66429165362107812 -5.6332874184924941
2.248360155394904 0.66584220668091876 -5.7170172837238926 2.2487572624672092 0
null_surface null_surface nullbs nullbs I I 0 0 0 I I } I I #
-3152 point $-1 -0.30223067559558103 -7.7370657735455417 2.2398729815296137 #
-3153 ptlist-eye-attrib $-1 $-1 $-1 $2842 #
-3154 intcurve-curve $-1 forward { exactcur full nubs 3 open 7 0 3
0.26606068184835024 1 0.53720061078670067 1 0.803819069580334 1
1.0701589064396688 1 1.3402025827097264 1 1.6050884029890811 3
0.79556875447698339 -13.722250864711748 1.9964607461077422 0.79720705643315848
-13.810719170345541 1.9904574117519658 0.77655228529101072 -13.990662986115312
1.9780243208501509 0.67531316420629217 -14.241523355559305 1.9600792324843299
0.51092654989574449 -14.456696454361474 1.9442183147738323 0.29572258253197181
-14.620745852475034 1.9318365091934295 0.045124436486316727 -14.721659447565456
1.9240940377953155 -0.13449511838883693 -14.742229600736671 1.9225033120862502
-0.22277516585408222 -14.740594785042877 1.9226294335880176 0 null_surface
null_surface nullbs nullbs I I 0 0 0 I I } I I #
-3155 point $-1 0.79556875447698272 -13.722250864711722 1.9964607461077435 #
-3156 coedge $-1 $3360 $3161 $2847 $3157 forward $3094 $-1 #
-3157 edge $3388 $3389 0 $3159 0.76688176132944152 $2847 $3390 forward 7
unknown #
-3158 ptlist-eye-attrib $-1 $-1 $-1 $2848 #
-3159 vertex $-1 $3361 $3391 #
-3160 straight-curve $-1 0.7770311769042807 -12.721221675785756
2.0598263307801119 -1.1102230246251565e-16 7.1054273576010019e-15
-1.3098263307801155 F 0 F 1 #
-3161 coedge $-1 $3156 $3092 $2849 $3162 forward $3094 $-1 #
-3162 edge $3392 $3164 0 $3389 0.76688176132951347 $2849 $3393 forward 7
unknown #
-3163 ptlist-eye-attrib $-1 $-1 $-1 $2850 #
-3164 vertex $-1 $3162 $3394 #
-3165 straight-curve $-1 -0.20428205541484651 -11.739908443466641
0.74999999999999656 1.9262369477246466e-14 -7.1054273576010019e-15
1.3630957512255879 F 0 F 1 #
-3166 ptlist-eye-attrib $-1 $-1 $-1 $2854 #
-3167 ellipse-curve $-1 13.197769324404284 -69.646081640791579 -0.75 0 0 -1
-0.12500000000949107 83.70490666621609 0 1 F 0 F 0.002986680520141101 #
-3168 coedge $-1 $3374 $3395 $2861 $3169 reversed $3375 $-1 #
-3169 edge $3396 $3173 0 $3397 1 $3168 $3398 forward 7 unknown #
-3170 coedge $-1 $3372 $2862 $2865 $3175 reversed $2878 $-1 #
-3171 coedge $-1 $2862 $3372 $3374 $3399 reversed $2878 $-1 #
-3172 ptlist-eye-attrib $-1 $-1 $-1 $2863 #
-3173 vertex $-1 $3169 $3400 #
-3174 straight-curve $-1 0.6186649379922835 -3.1694447745374887 -0.75
0.022981923961354123 0 0 F 0 F 1 #
-3175 edge $3401 $3402 0 $2867 1 $3170 $3403 forward 7 unknown #
-3176 point $-1 0.64164686195363763 -3.1694447745374887 -0.75 #
-3177 edge $3404 $3179 0 $2876 1 $2881 $3405 forward 7 unknown #
-3178 ptlist-eye-attrib $-1 $-1 $-1 $2870 #
-3179 vertex $-1 $2870 $3406 #
-3180 straight-curve $-1 0.60201136108606734 -1.0291277276885642 -0.75
-4.4408920985006262e-16 -2.2204460492503131e-16 1.5 F 0 F 1 #
-3181 ptlist-eye-attrib $-1 $-1 $-1 $2872 #
-3182 straight-curve $-1 0.60883489279351011 -1.0291277276885644 0.75 0
2.0582554553771288 0 F 0 F 1 #
-3183 point $-1 0.60883489279351011 -1.0291277276885644 0.75 #
-3184 coedge $-1 $2881 $3135 $2880 $3185 forward $2463 $-1 #
-3185 edge $3407 $3402 0 $3179 1 $3184 $3408 forward 7 unknown #
-3186 coedge $-1 $3409 $3409 $3410 $3411 reversed $2885 $-1 #
-3187 coedge $-1 $2887 $2887 $3412 $3413 reversed $2535 $-1 #
-3188 coedge $-1 $3414 $3415 $2887 $3189 forward $3416 $-1 #
-3189 edge $3417 $3418 0 $3419 3.1415926535897931 $3188 $3420 forward 7 unknown
#
-3190 coedge $-1 $2889 $2888 $2995 $3282 reversed $2147 $-1 #
-3191 coedge $-1 $2990 $2989 $2888 $3192 reversed $2991 $-1 #
-3192 edge $3421 $3200 0 $3284 1 $3191 $3422 forward 7 unknown #
-3193 coedge $-1 $3255 $3423 $2889 $3194 forward $3264 $-1 #
-3194 edge $3424 $3199 0 $3425 1 $3193 $3426 forward 7 unknown #
-3195 coedge $-1 $2987 $2890 $3423 $3427 reversed $3197 $-1 #
-3196 coedge $-1 $2890 $2987 $2990 $3279 forward $3197 $-1 #
-3197 loop $-1 $-1 $3196 $3263 #
-3198 ptlist-eye-attrib $-1 $-1 $-1 $2891 #
-3199 vertex $-1 $3194 $3428 #
-3200 vertex $-1 $3192 $3429 #
-3201 straight-curve $-1 -16.802230675595546 -30.4410816407919 22.25 0 6.5 0 F
0 F 1 #
-3202 coedge $-1 $3430 $3431 $2892 $3203 forward $3432 $-1 #
-3203 edge $3433 $3209 0 $3208 3.1415926535897931 $3202 $3434 forward 7 unknown
#
-3204 coedge $-1 $3435 $2893 $3431 $3436 forward $3206 $-1 #
-3205 coedge $-1 $2893 $3435 $3430 $3437 reversed $3206 $-1 #
-3206 loop $-1 $-1 $3204 $3438 #
-3207 ptlist-eye-attrib $-1 $-1 $-1 $2894 #
-3208 vertex $-1 $3203 $3439 #
-3209 vertex $-1 $3203 $3440 #
-3210 ellipse-curve $-1 47.197769324404454 -27.941081640791904 22.25 0 0 1
-1.6000000000000014 0 0 1 F 0 F 3.1415926535897931 #
-3211 coedge $-1 $3441 $3442 $2895 $3212 forward $3264 $-1 #
-3212 edge $3443 $3221 0 $3217 1 $3211 $3444 forward 7 unknown #
-3213 coedge $-1 $2999 $2896 $2901 $3223 reversed $3215 $-1 #
-3214 coedge $-1 $2896 $2999 $3441 $3445 forward $3215 $-1 #
-3215 loop $-1 $-1 $3214 $3446 #
-3216 ptlist-eye-attrib $-1 $-1 $-1 $2897 #
-3217 vertex $-1 $3212 $3447 #
-3218 straight-curve $-1 43.197769324404454 -23.9410816407919 22.25 0 -6.5 0 F
0 F 1 #
-3219 coedge $-1 $3006 $2898 $3442 $3448 forward $2658 $-1 #
-3220 ptlist-eye-attrib $-1 $-1 $-1 $2899 #
-3221 vertex $-1 $2899 $3449 #
-3222 straight-curve $-1 49.697769324404454 -23.941081640791907 22.25 0 -6.5 0
F 0 F 1 #
-3223 edge $3450 $3002 0 $2905 1 $2901 $3451 forward 7 unknown #
-3224 face $-1 $2166 $2902 $3 $-1 $3452 forward single #
-3225 point $-1 49.697769324404454 -23.941081640791907 22.25 #
-3226 point $-1 43.197769324404454 -23.9410816407919 22.25 #
-3227 coedge $-1 $3453 $2907 $2910 $3233 forward $2932 $-1 #
-3228 coedge $-1 $2907 $3453 $2909 $3232 reversed $2932 $-1 #
-3229 ptlist-eye-attrib $-1 $-1 $-1 $2908 #
-3230 ellipse-curve $-1 47.197769324404454 31.058918359208093 22.25 0 0 1
1.6000000000000014 0 0 1 F 0 F 3.1415926535897931 #
-3231 coedge $-1 $2910 $2909 $3454 $3455 reversed $2911 $-1 #
-3232 edge $3456 $2914 0 $3457 1 $2909 $3458 forward 7 unknown #
-3233 edge $3459 $2913 0 $3460 1 $2910 $3461 forward 7 unknown #
-3234 point $-1 45.597769324404453 31.058918359208093 22.25 #
-3235 point $-1 48.797769324404456 31.058918359208093 22.25 #
-3236 ptlist-eye-attrib $-1 $-1 $-1 $2917 #
-3237 straight-curve $-1 49.697769324404454 33.558918359208093 22.25 0 -6.5 0 F
0 F 1 #
-3238 coedge $-1 $2973 $2918 $3006 $3292 forward $2221 $-1 #
-3239 ptlist-eye-attrib $-1 $-1 $-1 $2919 #
-3240 straight-curve $-1 -23.302230675595546 33.558918359208093 23.75 73 0 0 F
0 F 1 #
-3241 point $-1 -23.302230675595546 33.558918359208093 23.75 #
-3242 ptlist-eye-attrib $-1 $-1 $-1 $2924 #
-3243 straight-curve $-1 -23.302230675595546 27.058918359208093 22.25 0 6.5 0 F
0 F 1 #
-3244 face $-1 $3462 $3463 $3 $-1 $3464 forward single #
-3245 cone-surface $-1 47.197769324404454 31.058918359208093 22.25 0 0 1
1.5999999999999999 0 0 1 I I 0 1 1 forward I I I I #
-3246 coedge $-1 $2937 $3020 $2939 $3249 forward $3036 $-1 #
-3247 ptlist-eye-attrib $-1 $-1 $-1 $2938 #
-3248 straight-curve $-1 25.643511010803223 -10.275245550887547
-0.75000000000000466 0.13336270001332196 7.1058007763500584
4.6629367034256575e-15 F 0 F 1 #
-3249 edge $3465 $3299 0 $2943 1 $2939 $3466 forward 7 unknown #
-3250 point $-1 25.776873710816545 -3.1694447745374887 -0.75 #
-3251 ptlist-eye-attrib $-1 $-1 $-1 $2946 #
-3252 vertex $-1 $3026 $3467 #
-3253 straight-curve $-1 25.753891786855196 -3.1694447745374887 -0.75 0 0 1.5 F
0 F 1 #
-3254 plane-surface $-1 25.801337526027936 -0.60737485920899559
60.108007561625499 0.99982857632513134 -0.018515344006018803 0
-0.018515344006018803 -0.99982857632513134 0 forward_v F -0.12516645338947263 F
2.6875930019730006 F 59.232923749723241 F 60.983091373527756 #
-3255 coedge $-1 $3269 $3193 $2956 $3256 forward $3264 $-1 #
-3256 edge $3468 $3425 0 $3258 1 $3255 $3469 forward 7 unknown #
-3257 ptlist-eye-attrib $-1 $-1 $-1 $2957 #
-3258 vertex $-1 $3256 $3470 #
-3259 straight-curve $-1 -23.302230675595546 -30.4410816407919 23.75 0
42.499999999999993 0 F 0 F 1 #
-3260 point $-1 -23.302230675595546 12.058918359208093 23.75 #
-3261 ptlist-eye-attrib $-1 $-1 $-1 $2961 #
-3262 straight-curve $-1 -23.302230675595546 27.058918359208093 22.25 6.5 0 0 F
0 F 1 #
-3263 face $-1 $3280 $3197 $3 $-1 $3471 forward single #
-3264 loop $-1 $-1 $3441 $2965 #
-3265 plane-surface $-1 49.697769324404454 -30.441081640791904 17.25 0 1 0 -1 0
0 forward_v F -1.46 F 74.459999999999994 F -0.13 F 6.6299999999999999 #
-3266 ptlist-eye-attrib $-1 $-1 $-1 $2967 #
-3267 straight-curve $-1 -23.302230675595546 27.058918359208093 23.75 0 6.5 0 F
0 F 1 #
-3268 point $-1 -23.302230675595546 27.058918359208093 22.25 #
-3269 coedge $-1 $3442 $3255 $2973 $3270 reversed $3264 $-1 #
-3270 edge $3472 $3473 0 $3258 1 $3269 $3474 forward 7 unknown #
-3271 point $-1 25.197769324404419 -31.941081640791904 -0.75000000000000355 #
-3272 ptlist-eye-attrib $-1 $-1 $-1 $2980 #
-3273 straight-curve $-1 1.197769324404419 -31.9410816407919 -0.75 24 0 0 F 0 F
1 #
-3274 coedge $-1 $3423 $3441 $2986 $3275 forward $3264 $-1 #
-3275 edge $3475 $3287 0 $3277 1 $3274 $3476 forward 7 unknown #
-3276 ptlist-eye-attrib $-1 $-1 $-1 $2988 #
-3277 vertex $-1 $3275 $3477 #
-3278 straight-curve $-1 -16.802230675595546 -30.4410816407919 17.25 0 6.5 0 F
0 F 1 #
-3279 edge $3478 $2993 0 $3200 1 $2990 $3479 forward 7 unknown #
-3280 face $-1 $3446 $2991 $3 $-1 $3480 forward single #
-3281 point $-1 -16.802230675595546 -23.9410816407919 17.25 #
-3282 edge $3481 $3425 0 $3284 1 $3190 $3482 forward 7 unknown #
-3283 ptlist-eye-attrib $-1 $-1 $-1 $2996 #
-3284 vertex $-1 $2996 $3483 #
-3285 straight-curve $-1 -23.302230675595546 -23.9410816407919 17.25 0 0 5 F 0
F 1 #
-3286 ptlist-eye-attrib $-1 $-1 $-1 $3000 #
-3287 vertex $-1 $3000 $3484 #
-3288 straight-curve $-1 43.197769324404454 -30.4410816407919 17.25 0 6.5 0 F 0
F 1 #
-3289 point $-1 43.197769324404454 -23.9410816407919 17.25 #
-3290 ptlist-eye-attrib $-1 $-1 $-1 $3004 #
-3291 straight-curve $-1 49.697769324404454 -23.941081640791907 17.25 0 0 5 F 0
F 1 #
-3292 edge $3485 $3008 0 $3473 1 $3238 $3486 forward 7 unknown #
-3293 point $-1 49.697769324404454 33.558918359208093 23.75 #
-3294 cone-surface $-1 -0.33398636964421247 -5.7355326277299206
-0.4999999999999753 3.6207841238859208e-17 -1.9552234268985046e-15 -1
0.031755694048631433 0.99949566076871577 -1.9428902930940239e-15 1 I I 0 1 1
forward I I I I #
-3295 edge $3487 $3023 0 $3032 1 $3017 $3488 forward 7 unknown #
-3296 ptlist-eye-attrib $-1 $-1 $-1 $3019 #
-3297 straight-curve $-1 25.802609023042368 -0.6077408591635185
0.74999999999999867 -0.04871723618717283 -2.56170391537397
1.3322676295501878e-15 F 0 F 1 #
-3298 ptlist-eye-attrib $-1 $-1 $-1 $3021 #
-3299 vertex $-1 $3249 $3489 #
-3300 straight-curve $-1 25.776873710816545 -3.1694447745374887 0.75
-0.056441182895181186 -3.0478238763399661 9.9920072216264089e-16 F 0 F 1 #
-3301 point $-1 25.720432527921368 -6.217268650877454 0.750000000000003 #
-3302 ptlist-eye-attrib $-1 $-1 $-1 $3026 #
-3303 straight-curve $-1 25.776873710816545 -3.1694447745374887 0.75
-0.022981923961349793 0 0 F 0 F 1 #
-3304 plane-surface $-1 -1.3629227217814588 -11.718452134830223 -0.25
0.018515344006018571 0.99982857632513134 1.9884633124498661e-15
-3.6817082273356917e-17 -1.9881224427615042e-15 1.0000000000000002 forward_v F
0.87491618809774008 F 2.4623005997346996 F 27.993968929236697 F
28.066905769412664 #
-3305 point $-1 25.720432527921368 -6.2172686508774628 2.2499974341244666 #
-3306 ptlist-eye-attrib $-1 $-1 $-1 $3040 #
-3307 straight-curve $-1 25.701892092761256 -7.2184521495231602
2.2456775031886118 3.5527136788005009e-15 -1.865174681370263e-14
-1.4956775031886098 F 0 F 1 #
-3308 ptlist-eye-attrib $-1 $-1 $-1 $3043 #
-3309 straight-curve $-1 26.683205325080344 -8.2367960698543001
0.75000000000000266 0.014563999324074928 -0.0002697036911882833
-2.6645352591003757e-15 F 0 F 1 #
-3310 point $-1 26.683205325080301 -8.2367960698543019 0.75000000000000977 #
-3311 point $-1 26.697769324404419 -8.2370657735454884 0.75 #
-3312 ptlist-eye-attrib $-1 $-1 $-1 $3052 #
-3313 straight-curve $-1 26.627649769524826 -12.23679606985435
0.74999999999999656 0.070119554879592982 -0.0012985102755482814
4.1078251911130792e-15 F 0 F 1 #
-3314 face $-1 $3349 $3318 $3 $-1 $3490 reversed single #
-3315 cone-surface $-1 13.447769324404533 46.590168359207631
-5.6571504862502344 0 0 1 -10.763192306169969 -68.693146804778408 0 1 I I 0 1 1
forward I I I I #
-3316 coedge $-1 $3491 $3059 $3062 $3322 reversed $3318 $-1 #
-3317 coedge $-1 $3059 $3491 $3106 $3348 reversed $3318 $-1 #
-3318 loop $-1 $-1 $3491 $3314 #
-3319 ptlist-eye-attrib $-1 $-1 $-1 $3060 #
-3320 ellipse-curve $-1 13.197769324404533 46.590168359207603
0.74999999999999822 0 0 -1 0.12500000000201972 -69.531137640358182 0 1 F 0 F
0.0035955075548511381 #
-3321 coedge $-1 $3062 $3061 $3329 $3492 forward $3063 $-1 #
-3322 edge $3493 $3494 0 $3065 1 $3316 $3495 forward 7 unknown #
-3323 point $-1 13.322769324406552 -22.940969281150551 0.75000000000000089 #
-3324 edge $3496 $3326 0 $3071 0.15721919425126646 $3067 $3497 forward 7
unknown #
-3325 ptlist-eye-attrib $-1 $-1 $-1 $3068 #
-3326 vertex $-1 $3324 $3498 #
-3327 straight-curve $-1 13.572769324407377 -22.940969281150547
-0.75000000000000677 1.971756091734278e-13 1.0658141036401503e-14 1.5 F 0 F 1
#
-3328 point $-1 24.460961630573681 -22.102978445570898 -0.75000000000000711 #
-3329 coedge $-1 $3073 $3499 $3321 $3492 reversed $1141 $-1 #
-3330 ptlist-eye-attrib $-1 $-1 $-1 $3077 #
-3331 straight-curve $-1 25.643511010803227 -10.275245550887547
-0.75000000000000466 3.5527136788005009e-15 0 1.5 F 0 F 1 #
-3332 point $-1 25.643511010803227 -10.275245550887547 -0.75000000000000466 #
-3333 ptlist-eye-attrib $-1 $-1 $-1 $3082 #
-3334 ellipse-curve $-1 26.701720669086388 -7.2369674935291712
0.75000000000000622 -6.5377153164973834e-17 -3.5303662709089966e-15 -1
-0.018515344006086565 -0.99982857632513067 3.5527136788005009e-15 1 F 0 F
1.5707963267947482 #
-3335 point $-1 25.701892092761256 -7.218452149523233 0.75000000000000622 #
-3336 plane-surface $-1 25.753891786855192 -3.1694447745374887
60.108007561625499 0 1 0 1 0 0 forward_v F -0.00045963847922699587 F
0.023441562440576789 F 59.232923749723241 F 60.983091373527756 #
-3337 coedge $-1 $3145 $3090 $3093 $3341 reversed $3012 $-1 #
-3338 ptlist-eye-attrib $-1 $-1 $-1 $3091 #
-3339 straight-curve $-1 -0.30223067559558103 -7.7370657735455426
2.2398729815296141 0 -7.1054273576010019e-15 -1.489872981529611 F 0 F 1 #
-3340 coedge $-1 $3093 $3500 $3501 $3502 forward $3094 $-1 #
-3341 edge $3503 $3504 0 $3096 1.5761051760955591 $3337 $3505 forward 7 unknown
#
-3342 face $-1 $2454 $3094 $3 $-1 $3506 forward single #
-3343 point $-1 -0.30223067559558103 -7.7370657735455497 0.75000000000000322 #
-3344 ptlist-eye-attrib $-1 $-1 $-1 $3098 #
-3345 straight-curve $-1 -0.20428205541484648 -11.739908443466641
0.74999999999999656 -0.097948620180734441 0.0018138633366859835
4.1078251911130792e-15 F 0 F 1 #
-3346 plane-surface $-1 -1.3629227217814588 -11.718452134830223 -0.25
0.018515344006018571 0.99982857632513134 1.9884633124498661e-15
-3.6817082273356917e-17 -1.9881224427615042e-15 1.0000000000000002 forward_v F
0.87491618809774008 F 2.4882699236884145 F 1.0589145968138209 F
1.1607986271366888 #
-3347 coedge $-1 $3107 $3106 $3507 $3508 forward $3108 $-1 #
-3348 edge $3509 $3110 0 $3510 1 $3106 $3511 forward 7 unknown #
-3349 face $-1 $3114 $3108 $3 $-1 $3512 reversed single #
-3350 point $-1 13.072769324396639 -22.940969281150565 0.74999999999999822 #
-3351 coedge $-1 $3507 $3116 $3112 $3352 forward $1141 $-1 #
-3352 edge $3513 $3119 0 $3354 0.15721919425141057 $3112 $3514 forward 7
unknown #
-3353 ptlist-eye-attrib $-1 $-1 $-1 $3113 #
-3354 vertex $-1 $3508 $3515 #
-3355 straight-curve $-1 12.822769324404748 -22.940969281150547
0.74999999999999312 -1.936228954946273e-13 0 -1.5 F 0 F 1 #
-3356 cone-surface $-1 12.697769324404533 46.590168359207631 60.108007561625499
0 0 -1 -10.763192306169969 -68.693146804778408 0 1 I I 0 1 1 forward I I I I #
-3357 ptlist-eye-attrib $-1 $-1 $-1 $3117 #
-3358 intcurve-curve $-1 forward { exactcur full nubs 3 open 2 0 3
1.5363203674706374 3 0.92925398039836438 -20.941253064466739
-0.74999999999999756 0.93873581376742155 -21.453272066395897
-0.74999999999999756 1.4286429691948697 -22.023706120494058
-0.75000000000001177 1.9345770182343671 -22.10297844557077 -0.75000000000001177
0 null_surface null_surface nullbs nullbs I I 0 0 0 I I } I I #
-3359 point $-1 1.9345770182343671 -22.102978445570763 -0.75000000000001177 #
-3360 coedge $-1 $3500 $3156 $3122 $3361 forward $3094 $-1 #
-3361 edge $3516 $3159 0 $3366 1 $3122 $3517 forward 7 unknown #
-3362 coedge $-1 $3518 $3123 $3125 $3368 forward $3364 $-1 #
-3363 coedge $-1 $3123 $3518 $3500 $3519 forward $3364 $-1 #
-3364 loop $-1 $-1 $3123 $3380 #
-3365 ptlist-eye-attrib $-1 $-1 $-1 $3124 #
-3366 vertex $-1 $3519 $3520 #
-3367 straight-curve $-1 0.73173501869480639 -10.275229132474044 -0.75 0
-1.7763568394002505e-15 1.5 F 0 F 1 #
-3368 edge $3521 $3127 0 $3397 1 $3362 $3522 forward 7 unknown #
-3369 point $-1 0.73173501869480662 -10.275229132474044 -0.75 #
-3370 coedge $-1 $3143 $3136 $3133 $3371 reversed $3375 $-1 #
-3371 edge $3523 $3150 0 $3139 1 $3133 $3524 forward 7 unknown #
-3372 coedge $-1 $3171 $3170 $3135 $3373 forward $2878 $-1 #
-3373 edge $3525 $3402 0 $3377 1 $3135 $3526 forward 7 unknown #
-3374 coedge $-1 $3136 $3168 $3171 $3399 forward $3375 $-1 #
-3375 loop $-1 $-1 $3374 $3141 #
-3376 ptlist-eye-attrib $-1 $-1 $-1 $3137 #
-3377 vertex $-1 $3373 $3527 #
-3378 straight-curve $-1 0.66584220668091898 -5.7170172837238953
0.75000000000000067 -0.047177268688635143 2.5475725091864065
-6.6613381477509392e-16 F 0 F 1 #
-3379 point $-1 0.66584220668091953 -5.71701728372389 0.75000000000000222 #
-3380 face $-1 $3342 $3364 $3 $-1 $3528 reversed single #
-3381 plane-surface $-1 0.70884848215039531 -8.0393561590757727
60.108007561625499 -0.99982857632513134 -0.018515344006019934 0
-0.018515344006019934 0.99982857632513134 0 forward_v F -2.3784466229629087 F
5.0128873843789599 F 57.732923013033648 F 60.98309137352777 #
-3382 coedge $-1 $3501 $3143 $3145 $3385 reversed $3375 $-1 #
-3383 ptlist-eye-attrib $-1 $-1 $-1 $3144 #
-3384 ellipse-curve $-1 0.67554710218217728 -6.2410816407919043 -108.25
0.99982857632513134 0.018515344006019934 0 -2.0462962962961839 110.5 0
0.99982857632513134 F 1.5660536451505016 F 1.5751181140693542 #
-3385 edge $3529 $3504 0 $3147 1 $3145 $3530 forward 7 unknown #
-3386 point $-1 0.68439073194522848 -6.7186376479966947 2.2489680506563872 #
-3387 point $-1 0.66584220668091876 -5.7170172837238926 2.2487572624672092 #
-3388 ptlist-eye-attrib $-1 $-1 $-1 $3157 #
-3389 vertex $-1 $3157 $3531 #
-3390 ellipse-curve $-1 -0.22279739942085028 -12.739737019791773
0.74999999999998934 -3.6842342707165919e-17 1.989486506187069e-15 -1
0.70710678118654846 0.70710678118654613 1.3322676295501878e-15 1 F 0 F
0.76688176132944152 #
-3391 point $-1 0.77703117690428058 -12.721221675785745 0.74999999999999645 #
-3392 ptlist-eye-attrib $-1 $-1 $-1 $3162 #
-3393 ellipse-curve $-1 -0.22279739942085028 -12.739737019791773
0.74999999999998934 -3.6842342707165919e-17 1.989486506187069e-15 -1
0.01851534400594812 0.99982857632513245 1.9984014443252818e-15 1 F 0 F
0.76688176132951347 #
-3394 point $-1 -0.20428205541484648 -11.739908443466641 0.74999999999999656 #
-3395 coedge $-1 $3168 $3501 $3518 $3532 forward $3375 $-1 #
-3396 ptlist-eye-attrib $-1 $-1 $-1 $3169 #
-3397 vertex $-1 $3368 $3533 #
-3398 straight-curve $-1 0.6186649379922835 -3.1694447745374887 -0.75
0.1333627000133214 -7.1058007763500584 -4.6629367034256575e-15 F 0 F 1 #
-3399 edge $3534 $3173 0 $3377 1 $3374 $3535 forward 7 unknown #
-3400 point $-1 0.6186649379922835 -3.1694447745374887 -0.75 #
-3401 ptlist-eye-attrib $-1 $-1 $-1 $3175 #
-3402 vertex $-1 $3175 $3536 #
-3403 straight-curve $-1 0.64164686195363729 -3.1694447745374887 0.75
3.3306690738754696e-16 0 -1.5 F 0 F 1 #
-3404 ptlist-eye-attrib $-1 $-1 $-1 $3177 #
-3405 straight-curve $-1 0.6020113610860669 -1.0291277276885644 0.75
0.0068235317074432089 0 0 F 0 F 1 #
-3406 point $-1 0.6020113610860669 -1.0291277276885644 0.75 #
-3407 ptlist-eye-attrib $-1 $-1 $-1 $3185 #
-3408 straight-curve $-1 0.64164686195363729 -3.1694447745374887 0.75
-0.039635500867570395 2.1403170468489243 0 F 0 F 1 #
-3409 coedge $-1 $3186 $3186 $3537 $3538 reversed $2885 $-1 #
-3410 coedge $-1 $3539 $3540 $3186 $3411 forward $3541 $-1 #
-3411 edge $3542 $3543 0 $3544 3.1415926535897931 $3410 $3545 forward 7 unknown
#
-3412 coedge $-1 $3546 $3547 $3187 $3413 forward $3548 $-1 #
-3413 edge $3549 $3419 0 $3418 3.1415926535897931 $3412 $3550 forward 7 unknown
#
-3414 coedge $-1 $3551 $3188 $3547 $3552 forward $3416 $-1 #
-3415 coedge $-1 $3188 $3551 $3546 $3553 reversed $3416 $-1 #
-3416 loop $-1 $-1 $3414 $3554 #
-3417 ptlist-eye-attrib $-1 $-1 $-1 $3189 #
-3418 vertex $-1 $3413 $3555 #
-3419 vertex $-1 $3413 $3556 #
-3420 ellipse-curve $-1 -20.802230675595546 -27.941081640791904 22.25 0 0 1
-1.6000000000000014 0 0 1 F 0 F 3.1415926535897931 #
-3421 ptlist-eye-attrib $-1 $-1 $-1 $3192 #
-3422 straight-curve $-1 -16.802230675595546 -23.9410816407919 22.25 -6.5 0 0 F
0 F 1 #
-3423 coedge $-1 $3193 $3274 $3195 $3427 forward $3264 $-1 #
-3424 ptlist-eye-attrib $-1 $-1 $-1 $3194 #
-3425 vertex $-1 $3282 $3557 #
-3426 straight-curve $-1 -16.802230675595546 -30.4410816407919 22.25 -6.5 0 0 F
0 F 1 #
-3427 edge $3558 $3277 0 $3199 1 $3195 $3559 forward 7 unknown #
-3428 point $-1 -16.802230675595546 -30.4410816407919 22.25 #
-3429 point $-1 -16.802230675595546 -23.9410816407919 22.25 #
-3430 coedge $-1 $3560 $3202 $3205 $3437 forward $3432 $-1 #
-3431 coedge $-1 $3202 $3560 $3204 $3436 reversed $3432 $-1 #
-3432 loop $-1 $-1 $3430 $3561 #
-3433 ptlist-eye-attrib $-1 $-1 $-1 $3203 #
-3434 ellipse-curve $-1 47.197769324404454 -27.941081640791904 22.25 0 0 1
1.6000000000000014 0 0 1 F 0 F 3.1415926535897931 #
-3435 coedge $-1 $3205 $3204 $3562 $3563 reversed $3206 $-1 #
-3436 edge $3564 $3209 0 $3565 1 $3204 $3566 forward 7 unknown #
-3437 edge $3567 $3208 0 $3568 1 $3205 $3569 forward 7 unknown #
-3438 face $-1 $3570 $3206 $3 $-1 $3571 reversed single #
-3439 point $-1 45.597769324404453 -27.941081640791904 22.25 #
-3440 point $-1 48.797769324404456 -27.941081640791904 22.25 #
-3441 coedge $-1 $3274 $3211 $3214 $3445 reversed $3264 $-1 #
-3442 coedge $-1 $3211 $3269 $3219 $3448 reversed $3264 $-1 #
-3443 ptlist-eye-attrib $-1 $-1 $-1 $3212 #
-3444 straight-curve $-1 49.697769324404454 -30.4410816407919 22.25 -6.5 0 0 F
0 F 1 #
-3445 edge $3572 $3287 0 $3217 1 $3214 $3573 forward 7 unknown #
-3446 face $-1 $3224 $3215 $3 $-1 $3574 forward single #
-3447 point $-1 43.197769324404454 -30.4410816407919 22.25 #
-3448 edge $3575 $3221 0 $3473 1 $3442 $3576 forward 7 unknown #
-3449 point $-1 49.697769324404454 -30.441081640791907 22.25 #
-3450 ptlist-eye-attrib $-1 $-1 $-1 $3223 #
-3451 straight-curve $-1 43.197769324404454 -23.9410816407919 17.25 0 0 5 F 0 F
1 #
-3452 plane-surface $-1 49.697769324404454 -23.941081640791904 17.25 0 1 0 -1 0
0 forward_v F -0.13 F 6.6299999999999999 F -0.12508381190226017 F
5.1250838119022601 #
-3453 coedge $-1 $3228 $3227 $3577 $3578 reversed $2932 $-1 #
-3454 coedge $-1 $3577 $3577 $3231 $3455 forward $3463 $-1 #
-3455 edge $3579 $3460 0 $3457 3.1415926535897931 $3454 $3580 forward 7 unknown
#
-3456 ptlist-eye-attrib $-1 $-1 $-1 $3232 #
-3457 vertex $-1 $3232 $3581 #
-3458 straight-curve $-1 48.797769324404449 31.058918359208093 22.25 0 0 -5 F 0
F 1 #
-3459 ptlist-eye-attrib $-1 $-1 $-1 $3233 #
-3460 vertex $-1 $3578 $3582 #
-3461 straight-curve $-1 45.597769324404453 31.058918359208093 22.25 0 0 -5 F 0
F 1 #
-3462 face $-1 $3583 $3584 $3 $-1 $3585 forward single #
-3463 loop $-1 $-1 $3454 $3244 #
-3464 plane-surface $-1 0 0 17.25 0 0 1 1 0 0 forward_v F -23.826230675595546 F
50.221769324404455 F -30.785081640791905 F 33.902918359208094 #
-3465 ptlist-eye-attrib $-1 $-1 $-1 $3249 #
-3466 straight-curve $-1 25.776873710816545 -3.1694447745374887 0.75 0 0 -1.5 F
0 F 1 #
-3467 point $-1 25.753891786855196 -3.1694447745374887 0.75 #
-3468 ptlist-eye-attrib $-1 $-1 $-1 $3256 #
-3469 straight-curve $-1 -23.302230675595546 -30.4410816407919 22.25 0 0 1.5 F
0 F 1 #
-3470 point $-1 -23.302230675595546 -30.4410816407919 23.75 #
-3471 plane-surface $-1 -16.802230675595546 -30.441081640791904 17.25 1 0 0 0 1
0 forward_v F -0.13 F 6.6299999999999999 F -0.12508381190226017 F
5.1250838119022601 #
-3472 ptlist-eye-attrib $-1 $-1 $-1 $3270 #
-3473 vertex $-1 $3292 $3586 #
-3474 straight-curve $-1 49.697769324404454 -30.4410816407919 23.75 -73 0 0 F 0
F 1 #
-3475 ptlist-eye-attrib $-1 $-1 $-1 $3275 #
-3476 straight-curve $-1 43.197769324404454 -30.4410816407919 17.25 -60 0 0 F 0
F 1 #
-3477 point $-1 -16.802230675595546 -30.4410816407919 17.25 #
-3478 ptlist-eye-attrib $-1 $-1 $-1 $3279 #
-3479 straight-curve $-1 -16.802230675595546 -23.9410816407919 17.25 0 0 5 F 0
F 1 #
-3480 plane-surface $-1 -16.802230675595546 -23.941081640791904 17.25 0 1 0 -1
0 0 forward_v F -0.13 F 6.6299999999999999 F -0.12508381190226017 F
5.1250838119022601 #
-3481 ptlist-eye-attrib $-1 $-1 $-1 $3282 #
-3482 straight-curve $-1 -23.302230675595546 -30.4410816407919 22.25 0 6.5 0 F
0 F 1 #
-3483 point $-1 -23.302230675595546 -23.9410816407919 22.25 #
-3484 point $-1 43.197769324404454 -30.4410816407919 17.25 #
-3485 ptlist-eye-attrib $-1 $-1 $-1 $3292 #
-3486 straight-curve $-1 49.697769324404454 33.558918359208093 23.75 0 -64 0 F
0 F 1 #
-3487 ptlist-eye-attrib $-1 $-1 $-1 $3295 #
-3488 straight-curve $-1 25.720432527921364 -6.2172686508774548
0.750000000000001 0 -8.8817841970012523e-16 1.4999974341244626 F 0 F 1 #
-3489 point $-1 25.776873710816545 -3.1694447745374887 0.75 #
-3490 cone-surface $-1 13.197769324404533 46.590168359207603
-0.75000000000000178 0 0 1 -10.763192306169969 -68.693146804778408 0 1 I I 0 1
1 forward I I I I #
-3491 coedge $-1 $3317 $3316 $3499 $3587 forward $3318 $-1 #
-3492 edge $3588 $3326 0 $3494 0.0035955075547172933 $3321 $3589 forward 7
unknown #
-3493 ptlist-eye-attrib $-1 $-1 $-1 $3322 #
-3494 vertex $-1 $3492 $3590 #
-3495 straight-curve $-1 13.322769324412441 -22.940969281150551
-0.74999999999999967 -1.964650664376677e-12 -7.1054273576010019e-15
1.4999999999999993 F 0 F 1 #
-3496 ptlist-eye-attrib $-1 $-1 $-1 $3324 #
-3497 ellipse-curve $-1 13.697769324404533 46.590168359207631
-0.75000000000002132 0 0 1 -0.12499999999147704 -69.531137640358196 0 1 F 0 F
0.15721919425126646 #
-3498 point $-1 13.572769324407377 -22.940969281150547 -0.75000000000000677 #
-3499 coedge $-1 $3329 $3507 $3491 $3587 reversed $1141 $-1 #
-3500 coedge $-1 $3340 $3360 $3363 $3519 reversed $3094 $-1 #
-3501 coedge $-1 $3395 $3382 $3340 $3502 reversed $3375 $-1 #
-3502 edge $3591 $3592 0 $3504 1 $3340 $3593 forward 7 unknown #
-3503 ptlist-eye-attrib $-1 $-1 $-1 $3341 #
-3504 vertex $-1 $3502 $3594 #
-3505 ellipse-curve $-1 -0.31543784437990208 -6.737152992002728
0.75000000000000422 6.5377153164977828e-17 -3.530366270908997e-15 -1
0.99982857632513134 0.018515344006019951 0 1 F 0 F 1.5761051760955591 #
-3506 plane-surface $-1 13.197769324404419 -4.7974041042373301 0.75 0 0 1 1 0 0
forward_v F -13.625083811902261 F -12.295654335597877 F -8.0489013834506871 F
-1.7961497318571178 #
-3507 coedge $-1 $3499 $3351 $3347 $3508 reversed $1141 $-1 #
-3508 edge $3595 $3510 0 $3354 0.0035955075545947412 $3347 $3596 forward 7
unknown #
-3509 ptlist-eye-attrib $-1 $-1 $-1 $3348 #
-3510 vertex $-1 $3587 $3597 #
-3511 straight-curve $-1 13.072769324396631 -22.940969281150561
0.74999999999999967 -3.5527136788005009e-15 0 -1.4999999999999993 F 0 F 1 #
-3512 cone-surface $-1 12.947769324404533 46.590168359207631
-5.6571504862502344 0 0 1 -10.763192306169969 -68.693146804778408 0 1 I I 0 1 1
forward I I I I #
-3513 ptlist-eye-attrib $-1 $-1 $-1 $3352 #
-3514 ellipse-curve $-1 12.697769324404533 46.590168359207631
-0.75000000000002132 0 0 1 -10.763192306170511 -68.693146804778337 0 1 F 0 F
0.15721919425141057 #
-3515 point $-1 12.822769324404554 -22.940969281150547 -0.75000000000000688 #
-3516 ptlist-eye-attrib $-1 $-1 $-1 $3361 #
-3517 straight-curve $-1 0.77703117690428058 -12.721221675785745
0.74999999999999645 -0.045296158209474191 2.4459925433117018
3.5527136788005009e-15 F 0 F 1 #
-3518 coedge $-1 $3363 $3362 $3395 $3532 reversed $3364 $-1 #
-3519 edge $3598 $3592 0 $3366 1 $3500 $3599 forward 7 unknown #
-3520 point $-1 0.73173501869480639 -10.275229132474045 0.75 #
-3521 ptlist-eye-attrib $-1 $-1 $-1 $3368 #
-3522 straight-curve $-1 0.73173501869480662 -10.275229132474045 -0.75
0.020292619310798288 -1.6418413501639861e-05 -4.6629367034256575e-15 F 0 F 1 #
-3523 ptlist-eye-attrib $-1 $-1 $-1 $3371 #
-3524 straight-curve $-1 0.66584220668091876 -5.7170172837238926
2.2487572624672092 2.2204460492503131e-16 -3.5527136788005009e-15
-1.4987572624672085 F 0 F 1 #
-3525 ptlist-eye-attrib $-1 $-1 $-1 $3373 #
-3526 straight-curve $-1 0.64164686195363729 -3.1694447745374887 0.75
-0.022981923961353456 0 0 F 0 F 1 #
-3527 point $-1 0.61866493799228384 -3.1694447745374887 0.75 #
-3528 plane-surface $-1 0.73173501869480528 -10.275229132474045
60.108007561625499 0 1 0 1 0 0 forward_v F -0.00042358427279708621 F
0.021602797912697581 F 59.232923749723241 F 60.983091373527756 #
-3529 ptlist-eye-attrib $-1 $-1 $-1 $3385 #
-3530 straight-curve $-1 0.6843907319452287 -6.718637647996708
0.75000000000000144 0 8.8817841970012523e-15 1.4989680506563858 F 0 F 1 #
-3531 point $-1 0.48430938176569804 -12.032630238605227 0.74999999999999079 #
-3532 edge $3600 $3592 0 $3397 1 $3518 $3601 forward 7 unknown #
-3533 point $-1 0.7520276380056049 -10.275245550887547 -0.75000000000000466 #
-3534 ptlist-eye-attrib $-1 $-1 $-1 $3399 #
-3535 straight-curve $-1 0.6186649379922835 -3.1694447745374887 -0.75
3.3306690738754696e-16 0 1.5 F 0 F 1 #
-3536 point $-1 0.64164686195363729 -3.1694447745374887 0.75 #
-3537 coedge $-1 $3602 $3603 $3409 $3538 forward $3604 $-1 #
-3538 edge $3605 $3544 0 $3543 3.1415926535897931 $3537 $3606 forward 7 unknown
#
-3539 coedge $-1 $3607 $3410 $3603 $3608 forward $3541 $-1 #
-3540 coedge $-1 $3410 $3607 $3602 $3609 reversed $3541 $-1 #
-3541 loop $-1 $-1 $3539 $3610 #
-3542 ptlist-eye-attrib $-1 $-1 $-1 $3411 #
-3543 vertex $-1 $3538 $3611 #
-3544 vertex $-1 $3538 $3612 #
-3545 ellipse-curve $-1 -20.802230675595546 31.058918359208093 22.25 0 0 1
-1.6000000000000014 0 0 1 F 0 F 3.1415926535897931 #
-3546 coedge $-1 $3613 $3412 $3415 $3553 forward $3548 $-1 #
-3547 coedge $-1 $3412 $3613 $3414 $3552 reversed $3548 $-1 #
-3548 loop $-1 $-1 $3546 $3570 #
-3549 ptlist-eye-attrib $-1 $-1 $-1 $3413 #
-3550 ellipse-curve $-1 -20.802230675595546 -27.941081640791904 22.25 0 0 1
1.6000000000000014 0 0 1 F 0 F 3.1415926535897931 #
-3551 coedge $-1 $3415 $3414 $3614 $3615 reversed $3416 $-1 #
-3552 edge $3616 $3419 0 $3617 1 $3414 $3618 forward 7 unknown #
-3553 edge $3619 $3418 0 $3620 1 $3415 $3621 forward 7 unknown #
-3554 face $-1 $3622 $3416 $3 $-1 $3623 reversed single #
-3555 point $-1 -22.402230675595547 -27.941081640791904 22.25 #
-3556 point $-1 -19.202230675595544 -27.941081640791904 22.25 #
-3557 point $-1 -23.302230675595546 -30.4410816407919 22.25 #
-3558 ptlist-eye-attrib $-1 $-1 $-1 $3427 #
-3559 straight-curve $-1 -16.802230675595546 -30.4410816407919 17.25 0 0 5 F 0
F 1 #
-3560 coedge $-1 $3431 $3430 $3624 $3625 reversed $3432 $-1 #
-3561 face $-1 $3438 $3432 $3 $-1 $3626 reversed single #
-3562 coedge $-1 $3624 $3624 $3435 $3563 forward $3584 $-1 #
-3563 edge $3627 $3568 0 $3565 3.1415926535897931 $3435 $3628 forward 7 unknown
#
-3564 ptlist-eye-attrib $-1 $-1 $-1 $3436 #
-3565 vertex $-1 $3625 $3629 #
-3566 straight-curve $-1 48.797769324404449 -27.9410816407919 22.25 0 0 -5 F 0
F 1 #
-3567 ptlist-eye-attrib $-1 $-1 $-1 $3437 #
-3568 vertex $-1 $3625 $3630 #
-3569 straight-curve $-1 45.597769324404453 -27.9410816407919 22.25 0 0 -5 F 0
F 1 #
-3570 face $-1 $3554 $3548 $3 $-1 $3631 reversed single #
-3571 cone-surface $-1 47.197769324404454 -27.941081640791904 22.25 0 0 1
1.5999999999999999 0 0 1 I I 0 1 1 forward I I I I #
-3572 ptlist-eye-attrib $-1 $-1 $-1 $3445 #
-3573 straight-curve $-1 43.197769324404454 -30.4410816407919 17.25 0 0 5 F 0 F
1 #
-3574 plane-surface $-1 43.197769324404454 -23.941081640791904 17.25 -1 0 0 0
-1 0 forward_v F -0.13 F 6.6299999999999999 F -0.12508381190226017 F
5.1250838119022601 #
-3575 ptlist-eye-attrib $-1 $-1 $-1 $3448 #
-3576 straight-curve $-1 49.697769324404454 -30.441081640791907 22.25 0 0 1.5 F
0 F 1 #
-3577 coedge $-1 $3454 $3454 $3453 $3578 forward $3463 $-1 #
-3578 edge $3632 $3457 0 $3460 3.1415926535897931 $3577 $3633 forward 7 unknown
#
-3579 ptlist-eye-attrib $-1 $-1 $-1 $3455 #
-3580 ellipse-curve $-1 47.197769324404454 31.058918359208093 17.25 0 0 1
-1.6000000000000014 0 0 1 F 0 F 3.1415926535897931 #
-3581 point $-1 48.797769324404456 31.058918359208093 17.25 #
-3582 point $-1 45.597769324404453 31.058918359208093 17.25 #
-3583 face $-1 $3634 $3635 $3 $-1 $3636 forward single #
-3584 loop $-1 $-1 $3562 $3462 #
-3585 plane-surface $-1 0 0 17.25 0 0 1 1 0 0 forward_v F -23.826230675595546 F
50.221769324404455 F -30.785081640791905 F 33.902918359208094 #
-3586 point $-1 49.697769324404454 -30.441081640791907 23.75 #
-3587 edge $3637 $3494 0 $3510 0.0035955075549359808 $3491 $3638 forward 7
unknown #
-3588 ptlist-eye-attrib $-1 $-1 $-1 $3492 #
-3589 ellipse-curve $-1 13.447769324404533 46.590168359207631
-0.74999999999999911 0 0 -1 0.12500000000852296 -69.531137640358168 0 1 F 0 F
0.0035955075547172933 #
-3590 point $-1 13.322769324412441 -22.940969281150551 -0.74999999999999967 #
-3591 ptlist-eye-attrib $-1 $-1 $-1 $3502 #
-3592 vertex $-1 $3532 $3639 #
-3593 straight-curve $-1 0.75202763800560501 -10.275245550887547
0.74999999999999523 -0.06763690606037609 3.5566079028908391
6.2172489379008766e-15 F 0 F 1 #
-3594 point $-1 0.68439073194522926 -6.718637647996708 0.75000000000000422 #
-3595 ptlist-eye-attrib $-1 $-1 $-1 $3508 #
-3596 ellipse-curve $-1 12.947769324404533 46.590168359207631
-0.74999999999999911 0 0 -1 0.12499999999210232 -69.531137640358196 0 1 F 0 F
0.0035955075545947412 #
-3597 point $-1 13.072769324396628 -22.940969281150561 -0.74999999999999967 #
-3598 ptlist-eye-attrib $-1 $-1 $-1 $3519 #
-3599 straight-curve $-1 0.75202763800560501 -10.275245550887547
0.74999999999999523 -0.020292619310798621 1.6418413503416218e-05
4.7739590058881731e-15 F 0 F 1 #
-3600 ptlist-eye-attrib $-1 $-1 $-1 $3532 #
-3601 straight-curve $-1 0.75202763800560501 -10.275245550887547
0.74999999999999523 -2.2204460492503131e-16 0 -1.5 F 0 F 1 #
-3602 coedge $-1 $3640 $3537 $3540 $3609 forward $3604 $-1 #
-3603 coedge $-1 $3537 $3640 $3539 $3608 reversed $3604 $-1 #
-3604 loop $-1 $-1 $3602 $3622 #
-3605 ptlist-eye-attrib $-1 $-1 $-1 $3538 #
-3606 ellipse-curve $-1 -20.802230675595546 31.058918359208093 22.25 0 0 1
1.6000000000000014 0 0 1 F 0 F 3.1415926535897931 #
-3607 coedge $-1 $3540 $3539 $3641 $3642 reversed $3541 $-1 #
-3608 edge $3643 $3544 0 $3644 1 $3539 $3645 forward 7 unknown #
-3609 edge $3646 $3543 0 $3647 1 $3540 $3648 forward 7 unknown #
-3610 face $-1 $2290 $3541 $3 $-1 $3649 reversed single #
-3611 point $-1 -22.402230675595547 31.058918359208093 22.25 #
-3612 point $-1 -19.202230675595544 31.058918359208093 22.25 #
-3613 coedge $-1 $3547 $3546 $3650 $3651 reversed $3548 $-1 #
-3614 coedge $-1 $3650 $3650 $3551 $3615 forward $3635 $-1 #
-3615 edge $3652 $3620 0 $3617 3.1415926535897931 $3551 $3653 forward 7 unknown
#
-3616 ptlist-eye-attrib $-1 $-1 $-1 $3552 #
-3617 vertex $-1 $3651 $3654 #
-3618 straight-curve $-1 -19.202230675595544 -27.9410816407919 22.25 0 0 -5 F 0
F 1 #
-3619 ptlist-eye-attrib $-1 $-1 $-1 $3553 #
-3620 vertex $-1 $3651 $3655 #
-3621 straight-curve $-1 -22.402230675595547 -27.9410816407919 22.25 0 0 -5 F 0
F 1 #
-3622 face $-1 $3610 $3604 $3 $-1 $3656 reversed single #
-3623 cone-surface $-1 -20.802230675595546 -27.941081640791904 22.25 0 0 1
1.5999999999999999 0 0 1 I I 0 1 1 forward I I I I #
-3624 coedge $-1 $3562 $3562 $3560 $3625 forward $3584 $-1 #
-3625 edge $3657 $3565 0 $3568 3.1415926535897931 $3560 $3658 forward 7 unknown
#
-3626 cone-surface $-1 47.197769324404454 -27.941081640791904 22.25 0 0 1
1.5999999999999999 0 0 1 I I 0 1 1 forward I I I I #
-3627 ptlist-eye-attrib $-1 $-1 $-1 $3563 #
-3628 ellipse-curve $-1 47.197769324404454 -27.941081640791904 17.25 0 0 1
-1.6000000000000014 0 0 1 F 0 F 3.1415926535897931 #
-3629 point $-1 48.797769324404456 -27.941081640791904 17.25 #
-3630 point $-1 45.597769324404453 -27.941081640791904 17.25 #
-3631 cone-surface $-1 -20.802230675595546 -27.941081640791904 22.25 0 0 1
1.5999999999999999 0 0 1 I I 0 1 1 forward I I I I #
-3632 ptlist-eye-attrib $-1 $-1 $-1 $3578 #
-3633 ellipse-curve $-1 47.197769324404454 31.058918359208093 17.25 0 0 1
1.6000000000000014 0 0 1 F 0 F 3.1415926535897931 #
-3634 face $-1 $3561 $3659 $3 $-1 $3660 forward single #
-3635 loop $-1 $-1 $3614 $3583 #
-3636 plane-surface $-1 0 0 17.25 0 0 1 1 0 0 forward_v F -23.826230675595546 F
50.221769324404455 F -30.785081640791905 F 33.902918359208094 #
-3637 ptlist-eye-attrib $-1 $-1 $-1 $3587 #
-3638 ellipse-curve $-1 13.197769324404533 46.590168359207603 -0.75 0 0 -1
0.12500000000791545 -69.531137640358168 0 1 F 0 F 0.0035955075549359808 #
-3639 point $-1 0.75202763800560501 -10.275245550887547 0.74999999999999523 #
-3640 coedge $-1 $3603 $3602 $3661 $3662 reversed $3604 $-1 #
-3641 coedge $-1 $3661 $3661 $3607 $3642 forward $3659 $-1 #
-3642 edge $3663 $3647 0 $3644 3.1415926535897931 $3607 $3664 forward 7 unknown
#
-3643 ptlist-eye-attrib $-1 $-1 $-1 $3608 #
-3644 vertex $-1 $3662 $3665 #
-3645 straight-curve $-1 -19.202230675595544 31.058918359208093 22.25 0 0 -5 F
0 F 1 #
-3646 ptlist-eye-attrib $-1 $-1 $-1 $3609 #
-3647 vertex $-1 $3662 $3666 #
-3648 straight-curve $-1 -22.402230675595547 31.058918359208093 22.25 0 0 -5 F
0 F 1 #
-3649 cone-surface $-1 -20.802230675595546 31.058918359208093 22.25 0 0 1
1.5999999999999999 0 0 1 I I 0 1 1 forward I I I I #
-3650 coedge $-1 $3614 $3614 $3613 $3651 forward $3635 $-1 #
-3651 edge $3667 $3617 0 $3620 3.1415926535897931 $3613 $3668 forward 7 unknown
#
-3652 ptlist-eye-attrib $-1 $-1 $-1 $3615 #
-3653 ellipse-curve $-1 -20.802230675595546 -27.941081640791904 17.25 0 0 1
-1.6000000000000014 0 0 1 F 0 F 3.1415926535897931 #
-3654 point $-1 -19.202230675595544 -27.941081640791904 17.25 #
-3655 point $-1 -22.402230675595547 -27.941081640791904 17.25 #
-3656 cone-surface $-1 -20.802230675595546 31.058918359208093 22.25 0 0 1
1.5999999999999999 0 0 1 I I 0 1 1 forward I I I I #
-3657 ptlist-eye-attrib $-1 $-1 $-1 $3625 #
-3658 ellipse-curve $-1 47.197769324404454 -27.941081640791904 17.25 0 0 1
1.6000000000000014 0 0 1 F 0 F 3.1415926535897931 #
-3659 loop $-1 $-1 $3641 $3634 #
-3660 plane-surface $-1 0 0 17.25 0 0 1 1 0 0 forward_v F -23.826230675595546 F
50.221769324404455 F -30.785081640791905 F 33.902918359208094 #
-3661 coedge $-1 $3641 $3641 $3640 $3662 forward $3659 $-1 #
-3662 edge $3669 $3644 0 $3647 3.1415926535897931 $3640 $3670 forward 7 unknown
#
-3663 ptlist-eye-attrib $-1 $-1 $-1 $3642 #
-3664 ellipse-curve $-1 -20.802230675595546 31.058918359208093 17.25 0 0 1
-1.6000000000000014 0 0 1 F 0 F 3.1415926535897931 #
-3665 point $-1 -19.202230675595544 31.058918359208093 17.25 #
-3666 point $-1 -22.402230675595547 31.058918359208093 17.25 #
-3667 ptlist-eye-attrib $-1 $-1 $-1 $3651 #
-3668 ellipse-curve $-1 -20.802230675595546 -27.941081640791904 17.25 0 0 1
1.6000000000000014 0 0 1 F 0 F 3.1415926535897931 #
-3669 ptlist-eye-attrib $-1 $-1 $-1 $3662 #
-3670 ellipse-curve $-1 -20.802230675595546 31.058918359208093 17.25 0 0 1
1.6000000000000014 0 0 1 F 0 F 3.1415926535897931 #
End-of-ACIS-data
