ISO-10303-21;
HEADER;
FILE_DESCRIPTION((''),'2;1');
FILE_NAME('MAIN_BASE','2025-01-27T14:01:20',('iw87ukax'),(''),
'CREO PARAMETRIC BY PTC INC, 2019010','CREO PARAMETRIC BY PTC INC, 2019010','');
FILE_SCHEMA(('CONFIG_CONTROL_DESIGN'));
ENDSEC;
DATA;
#1=DIRECTION('',(0.E0,1.E0,0.E0));
#2=VECTOR('',#1,6.E0);
#3=CARTESIAN_POINT('',(7.297769324404E0,1.505891835921E1,8.8E0));
#4=LINE('',#3,#2);
#5=DIRECTION('',(0.E0,1.E0,0.E0));
#6=VECTOR('',#5,6.E0);
#7=CARTESIAN_POINT('',(7.297769324404E0,-2.994108164079E1,8.8E0));
#8=LINE('',#7,#6);
#9=CARTESIAN_POINT('',(5.697769324404E0,1.505891835921E1,8.8E0));
#10=DIRECTION('',(0.E0,-1.E0,0.E0));
#11=DIRECTION('',(1.E0,0.E0,0.E0));
#12=AXIS2_PLACEMENT_3D('',#9,#10,#11);
#14=CARTESIAN_POINT('',(5.697769324404E0,1.505891835921E1,8.8E0));
#15=DIRECTION('',(0.E0,-1.E0,0.E0));
#16=DIRECTION('',(-1.E0,0.E0,0.E0));
#17=AXIS2_PLACEMENT_3D('',#14,#15,#16);
#19=CARTESIAN_POINT('',(2.069776932440E1,1.505891835921E1,8.8E0));
#20=DIRECTION('',(0.E0,-1.E0,0.E0));
#21=DIRECTION('',(1.E0,0.E0,0.E0));
#22=AXIS2_PLACEMENT_3D('',#19,#20,#21);
#24=CARTESIAN_POINT('',(2.069776932440E1,1.505891835921E1,8.8E0));
#25=DIRECTION('',(0.E0,-1.E0,0.E0));
#26=DIRECTION('',(-1.E0,0.E0,0.E0));
#27=AXIS2_PLACEMENT_3D('',#24,#25,#26);
#29=DIRECTION('',(0.E0,0.E0,1.E0));
#30=VECTOR('',#29,1.5E0);
#31=CARTESIAN_POINT('',(-8.602230675596E0,1.505891835921E1,1.575E1));
#32=LINE('',#31,#30);
#33=DIRECTION('',(1.E0,0.E0,0.E0));
#34=VECTOR('',#33,2.7E1);
#35=CARTESIAN_POINT('',(-3.022306755956E-1,1.505891835921E1,7.5E-1));
#36=LINE('',#35,#34);
#37=DIRECTION('',(0.E0,1.E0,0.E0));
#38=VECTOR('',#37,6.E0);
#39=CARTESIAN_POINT('',(4.097769324404E0,1.505891835921E1,8.8E0));
#40=LINE('',#39,#38);
#41=DIRECTION('',(0.E0,1.E0,0.E0));
#42=VECTOR('',#41,6.E0);
#43=CARTESIAN_POINT('',(4.097769324404E0,-2.994108164079E1,8.8E0));
#44=LINE('',#43,#42);
#45=CARTESIAN_POINT('',(5.697769324404E0,2.105891835921E1,8.8E0));
#46=DIRECTION('',(0.E0,-1.E0,0.E0));
#47=DIRECTION('',(1.E0,0.E0,0.E0));
#48=AXIS2_PLACEMENT_3D('',#45,#46,#47);
#50=CARTESIAN_POINT('',(5.697769324404E0,2.105891835921E1,8.8E0));
#51=DIRECTION('',(0.E0,-1.E0,0.E0));
#52=DIRECTION('',(-1.E0,0.E0,0.E0));
#53=AXIS2_PLACEMENT_3D('',#50,#51,#52);
#55=CARTESIAN_POINT('',(2.069776932440E1,2.105891835921E1,8.8E0));
#56=DIRECTION('',(0.E0,-1.E0,0.E0));
#57=DIRECTION('',(1.E0,0.E0,0.E0));
#58=AXIS2_PLACEMENT_3D('',#55,#56,#57);
#60=CARTESIAN_POINT('',(2.069776932440E1,2.105891835921E1,8.8E0));
#61=DIRECTION('',(0.E0,-1.E0,0.E0));
#62=DIRECTION('',(-1.E0,0.E0,0.E0));
#63=AXIS2_PLACEMENT_3D('',#60,#61,#62);
#65=DIRECTION('',(0.E0,0.E0,1.E0));
#66=VECTOR('',#65,1.075E1);
#67=CARTESIAN_POINT('',(3.197769324404E0,2.105891835921E1,3.5E0));
#68=LINE('',#67,#66);
#69=DIRECTION('',(1.E0,0.E0,0.E0));
#70=VECTOR('',#69,2.E1);
#71=CARTESIAN_POINT('',(3.197769324404E0,2.105891835921E1,3.5E0));
#72=LINE('',#71,#70);
#73=DIRECTION('',(0.E0,0.E0,-1.E0));
#74=VECTOR('',#73,1.075E1);
#75=CARTESIAN_POINT('',(2.319776932440E1,2.105891835921E1,1.425E1));
#76=LINE('',#75,#74);
#77=DIRECTION('',(-1.E0,0.E0,0.E0));
#78=VECTOR('',#77,2.E1);
#79=CARTESIAN_POINT('',(2.319776932440E1,2.105891835921E1,1.425E1));
#80=LINE('',#79,#78);
#81=DIRECTION('',(0.E0,1.E0,0.E0));
#82=VECTOR('',#81,6.E0);
#83=CARTESIAN_POINT('',(2.229776932440E1,1.505891835921E1,8.8E0));
#84=LINE('',#83,#82);
#85=DIRECTION('',(0.E0,1.E0,0.E0));
#86=VECTOR('',#85,6.E0);
#87=CARTESIAN_POINT('',(2.229776932440E1,-2.994108164079E1,8.8E0));
#88=LINE('',#87,#86);
#89=DIRECTION('',(0.E0,1.E0,0.E0));
#90=VECTOR('',#89,6.E0);
#91=CARTESIAN_POINT('',(1.909776932440E1,1.505891835921E1,8.8E0));
#92=LINE('',#91,#90);
#93=DIRECTION('',(0.E0,1.E0,0.E0));
#94=VECTOR('',#93,6.E0);
#95=CARTESIAN_POINT('',(1.909776932440E1,-2.994108164079E1,8.8E0));
#96=LINE('',#95,#94);
#97=CARTESIAN_POINT('',(5.697769324404E0,-2.994108164079E1,8.8E0));
#98=DIRECTION('',(0.E0,-1.E0,0.E0));
#99=DIRECTION('',(1.E0,0.E0,0.E0));
#100=AXIS2_PLACEMENT_3D('',#97,#98,#99);
#102=CARTESIAN_POINT('',(5.697769324404E0,-2.994108164079E1,8.8E0));
#103=DIRECTION('',(0.E0,-1.E0,0.E0));
#104=DIRECTION('',(-1.E0,0.E0,0.E0));
#105=AXIS2_PLACEMENT_3D('',#102,#103,#104);
#107=CARTESIAN_POINT('',(2.069776932440E1,-2.994108164079E1,8.8E0));
#108=DIRECTION('',(0.E0,-1.E0,0.E0));
#109=DIRECTION('',(1.E0,0.E0,0.E0));
#110=AXIS2_PLACEMENT_3D('',#107,#108,#109);
#112=CARTESIAN_POINT('',(2.069776932440E1,-2.994108164079E1,8.8E0));
#113=DIRECTION('',(0.E0,-1.E0,0.E0));
#114=DIRECTION('',(-1.E0,0.E0,0.E0));
#115=AXIS2_PLACEMENT_3D('',#112,#113,#114);
#117=DIRECTION('',(0.E0,0.E0,-1.E0));
#118=VECTOR('',#117,1.075E1);
#119=CARTESIAN_POINT('',(2.319776932440E1,-2.994108164079E1,1.425E1));
#120=LINE('',#119,#118);
#121=DIRECTION('',(-1.E0,0.E0,0.E0));
#122=VECTOR('',#121,2.E1);
#123=CARTESIAN_POINT('',(2.319776932440E1,-2.994108164079E1,3.5E0));
#124=LINE('',#123,#122);
#125=DIRECTION('',(0.E0,0.E0,-1.E0));
#126=VECTOR('',#125,1.075E1);
#127=CARTESIAN_POINT('',(3.197769324404E0,-2.994108164079E1,1.425E1));
#128=LINE('',#127,#126);
#129=DIRECTION('',(1.E0,0.E0,0.E0));
#130=VECTOR('',#129,2.E1);
#131=CARTESIAN_POINT('',(3.197769324404E0,-2.994108164079E1,1.425E1));
#132=LINE('',#131,#130);
#133=CARTESIAN_POINT('',(2.319776932440E1,-2.494108164079E1,1.425E1));
#134=DIRECTION('',(0.E0,0.E0,-1.E0));
#135=DIRECTION('',(1.E0,0.E0,0.E0));
#136=AXIS2_PLACEMENT_3D('',#133,#134,#135);
#138=CARTESIAN_POINT('',(2.319776932440E1,-2.494108164079E1,3.5E0));
#139=DIRECTION('',(0.E0,0.E0,-1.E0));
#140=DIRECTION('',(1.E0,0.E0,0.E0));
#141=AXIS2_PLACEMENT_3D('',#138,#139,#140);
#143=DIRECTION('',(1.E0,0.E0,0.E0));
#144=VECTOR('',#143,7.6E1);
#145=CARTESIAN_POINT('',(-2.480223067560E1,-3.194108164079E1,1.425E1));
#146=LINE('',#145,#144);
#147=DIRECTION('',(0.E0,1.E0,0.E0));
#148=VECTOR('',#147,6.7E1);
#149=CARTESIAN_POINT('',(5.119776932440E1,-3.194108164079E1,1.425E1));
#150=LINE('',#149,#148);
#151=DIRECTION('',(-1.E0,0.E0,0.E0));
#152=VECTOR('',#151,7.6E1);
#153=CARTESIAN_POINT('',(5.119776932440E1,3.505891835921E1,1.425E1));
#154=LINE('',#153,#152);
#155=DIRECTION('',(0.E0,-1.E0,0.E0));
#156=VECTOR('',#155,6.7E1);
#157=CARTESIAN_POINT('',(-2.480223067560E1,3.505891835921E1,1.425E1));
#158=LINE('',#157,#156);
#159=DIRECTION('',(0.E0,0.E0,1.E0));
#160=VECTOR('',#159,9.5E0);
#161=CARTESIAN_POINT('',(-2.480223067560E1,-3.194108164079E1,1.425E1));
#162=LINE('',#161,#160);
#163=DIRECTION('',(0.E0,1.E0,0.E0));
#164=VECTOR('',#163,1.5E1);
#165=CARTESIAN_POINT('',(-2.480223067560E1,1.205891835921E1,1.875E1));
#166=LINE('',#165,#164);
#167=DIRECTION('',(0.E0,0.E0,-1.E0));
#168=VECTOR('',#167,5.E0);
#169=CARTESIAN_POINT('',(-2.480223067560E1,1.205891835921E1,2.375E1));
#170=LINE('',#169,#168);
#171=DIRECTION('',(0.E0,0.E0,-1.E0));
#172=VECTOR('',#171,5.E0);
#173=CARTESIAN_POINT('',(-2.480223067560E1,2.705891835921E1,2.375E1));
#174=LINE('',#173,#172);
#175=DIRECTION('',(-1.E0,0.E0,0.E0));
#176=VECTOR('',#175,1.5E0);
#177=CARTESIAN_POINT('',(-2.330223067560E1,2.705891835921E1,1.875E1));
#178=LINE('',#177,#176);
#179=DIRECTION('',(1.E0,0.E0,0.E0));
#180=VECTOR('',#179,1.5E0);
#181=CARTESIAN_POINT('',(-2.480223067560E1,1.205891835921E1,1.875E1));
#182=LINE('',#181,#180);
#183=DIRECTION('',(0.E0,1.E0,0.E0));
#184=VECTOR('',#183,1.5E1);
#185=CARTESIAN_POINT('',(-2.330223067560E1,1.205891835921E1,1.875E1));
#186=LINE('',#185,#184);
#187=DIRECTION('',(0.E0,0.E0,1.E0));
#188=VECTOR('',#187,1.5E0);
#189=CARTESIAN_POINT('',(-2.330223067560E1,2.705891835921E1,1.725E1));
#190=LINE('',#189,#188);
#191=DIRECTION('',(0.E0,0.E0,1.E0));
#192=VECTOR('',#191,5.E0);
#193=CARTESIAN_POINT('',(-2.330223067560E1,-2.394108164079E1,1.725E1));
#194=LINE('',#193,#192);
#195=DIRECTION('',(0.E0,1.E0,0.E0));
#196=VECTOR('',#195,6.5E0);
#197=CARTESIAN_POINT('',(-2.330223067560E1,-3.044108164079E1,2.225E1));
#198=LINE('',#197,#196);
#199=DIRECTION('',(0.E0,0.E0,1.E0));
#200=VECTOR('',#199,1.5E0);
#201=CARTESIAN_POINT('',(-2.330223067560E1,-3.044108164079E1,2.225E1));
#202=LINE('',#201,#200);
#203=DIRECTION('',(0.E0,0.E0,-1.E0));
#204=VECTOR('',#203,5.E0);
#205=CARTESIAN_POINT('',(-2.330223067560E1,1.205891835921E1,2.375E1));
#206=LINE('',#205,#204);
#207=DIRECTION('',(0.E0,0.E0,-1.E0));
#208=VECTOR('',#207,1.5E0);
#209=CARTESIAN_POINT('',(-2.330223067560E1,2.705891835921E1,2.375E1));
#210=LINE('',#209,#208);
#211=DIRECTION('',(0.E0,1.E0,0.E0));
#212=VECTOR('',#211,6.5E0);
#213=CARTESIAN_POINT('',(-2.330223067560E1,2.705891835921E1,2.225E1));
#214=LINE('',#213,#212);
#215=DIRECTION('',(1.E0,0.E0,0.E0));
#216=VECTOR('',#215,4.36E1);
#217=CARTESIAN_POINT('',(-8.602230675596E0,1.505891835921E1,1.725E1));
#218=LINE('',#217,#216);
#219=DIRECTION('',(0.E0,1.E0,0.E0));
#220=VECTOR('',#219,3.9E1);
#221=CARTESIAN_POINT('',(-8.602230675596E0,-2.394108164079E1,1.725E1));
#222=LINE('',#221,#220);
#223=DIRECTION('',(-1.E0,0.E0,0.E0));
#224=VECTOR('',#223,4.36E1);
#225=CARTESIAN_POINT('',(3.499776932440E1,-2.394108164079E1,1.725E1));
#226=LINE('',#225,#224);
#227=DIRECTION('',(0.E0,-1.E0,0.E0));
#228=VECTOR('',#227,3.9E1);
#229=CARTESIAN_POINT('',(3.499776932440E1,1.505891835921E1,1.725E1));
#230=LINE('',#229,#228);
#231=DIRECTION('',(0.E0,-1.E0,0.E0));
#232=VECTOR('',#231,6.5E0);
#233=CARTESIAN_POINT('',(4.319776932440E1,3.355891835921E1,1.725E1));
#234=LINE('',#233,#232);
#235=DIRECTION('',(-1.E0,0.E0,0.E0));
#236=VECTOR('',#235,6.5E0);
#237=CARTESIAN_POINT('',(4.969776932440E1,2.705891835921E1,1.725E1));
#238=LINE('',#237,#236);
#239=DIRECTION('',(0.E0,-1.E0,0.E0));
#240=VECTOR('',#239,5.1E1);
#241=CARTESIAN_POINT('',(4.969776932440E1,2.705891835921E1,1.725E1));
#242=LINE('',#241,#240);
#243=DIRECTION('',(-1.E0,0.E0,0.E0));
#244=VECTOR('',#243,6.5E0);
#245=CARTESIAN_POINT('',(4.969776932440E1,-2.394108164079E1,1.725E1));
#246=LINE('',#245,#244);
#247=DIRECTION('',(0.E0,1.E0,0.E0));
#248=VECTOR('',#247,6.5E0);
#249=CARTESIAN_POINT('',(4.319776932440E1,-3.044108164079E1,1.725E1));
#250=LINE('',#249,#248);
#251=DIRECTION('',(-1.E0,0.E0,0.E0));
#252=VECTOR('',#251,6.E1);
#253=CARTESIAN_POINT('',(4.319776932440E1,-3.044108164079E1,1.725E1));
#254=LINE('',#253,#252);
#255=DIRECTION('',(0.E0,1.E0,0.E0));
#256=VECTOR('',#255,6.5E0);
#257=CARTESIAN_POINT('',(-1.680223067560E1,-3.044108164079E1,1.725E1));
#258=LINE('',#257,#256);
#259=DIRECTION('',(1.E0,0.E0,0.E0));
#260=VECTOR('',#259,6.5E0);
#261=CARTESIAN_POINT('',(-2.330223067560E1,-2.394108164079E1,1.725E1));
#262=LINE('',#261,#260);
#263=DIRECTION('',(0.E0,1.E0,0.E0));
#264=VECTOR('',#263,5.1E1);
#265=CARTESIAN_POINT('',(-2.330223067560E1,-2.394108164079E1,1.725E1));
#266=LINE('',#265,#264);
#267=DIRECTION('',(1.E0,0.E0,0.E0));
#268=VECTOR('',#267,6.5E0);
#269=CARTESIAN_POINT('',(-2.330223067560E1,2.705891835921E1,1.725E1));
#270=LINE('',#269,#268);
#271=DIRECTION('',(0.E0,-1.E0,0.E0));
#272=VECTOR('',#271,6.5E0);
#273=CARTESIAN_POINT('',(-1.680223067560E1,3.355891835921E1,1.725E1));
#274=LINE('',#273,#272);
#275=DIRECTION('',(1.E0,0.E0,0.E0));
#276=VECTOR('',#275,6.E1);
#277=CARTESIAN_POINT('',(-1.680223067560E1,3.355891835921E1,1.725E1));
#278=LINE('',#277,#276);
#279=DIRECTION('',(0.E0,0.E0,1.E0));
#280=VECTOR('',#279,1.5E0);
#281=CARTESIAN_POINT('',(-8.602230675596E0,-2.394108164079E1,1.575E1));
#282=LINE('',#281,#280);
#283=DIRECTION('',(1.E0,0.E0,0.E0));
#284=VECTOR('',#283,8.3E0);
#285=CARTESIAN_POINT('',(-8.602230675596E0,1.505891835921E1,1.575E1));
#286=LINE('',#285,#284);
#287=DIRECTION('',(0.E0,1.E0,0.E0));
#288=VECTOR('',#287,3.9E1);
#289=CARTESIAN_POINT('',(-3.022306755956E-1,-2.394108164079E1,1.575E1));
#290=LINE('',#289,#288);
#291=DIRECTION('',(-1.E0,0.E0,0.E0));
#292=VECTOR('',#291,8.3E0);
#293=CARTESIAN_POINT('',(-3.022306755956E-1,-2.394108164079E1,1.575E1));
#294=LINE('',#293,#292);
#295=DIRECTION('',(0.E0,1.E0,0.E0));
#296=VECTOR('',#295,3.9E1);
#297=CARTESIAN_POINT('',(-8.602230675596E0,-2.394108164079E1,1.575E1));
#298=LINE('',#297,#296);
#299=DIRECTION('',(1.E0,0.E0,0.E0));
#300=VECTOR('',#299,8.3E0);
#301=CARTESIAN_POINT('',(2.669776932440E1,1.505891835921E1,1.575E1));
#302=LINE('',#301,#300);
#303=DIRECTION('',(0.E0,-1.E0,0.E0));
#304=VECTOR('',#303,3.9E1);
#305=CARTESIAN_POINT('',(3.499776932440E1,1.505891835921E1,1.575E1));
#306=LINE('',#305,#304);
#307=DIRECTION('',(-1.E0,0.E0,0.E0));
#308=VECTOR('',#307,8.3E0);
#309=CARTESIAN_POINT('',(3.499776932440E1,-2.394108164079E1,1.575E1));
#310=LINE('',#309,#308);
#311=DIRECTION('',(0.E0,-1.E0,0.E0));
#312=VECTOR('',#311,3.9E1);
#313=CARTESIAN_POINT('',(2.669776932440E1,1.505891835921E1,1.575E1));
#314=LINE('',#313,#312);
#315=CARTESIAN_POINT('',(-4.302230675596E0,-4.941081640792E0,1.575E1));
#316=DIRECTION('',(0.E0,0.E0,1.E0));
#317=DIRECTION('',(1.E0,0.E0,0.E0));
#318=AXIS2_PLACEMENT_3D('',#315,#316,#317);
#320=CARTESIAN_POINT('',(-4.302230675596E0,-4.941081640792E0,1.575E1));
#321=DIRECTION('',(0.E0,0.E0,1.E0));
#322=DIRECTION('',(-1.E0,0.E0,0.E0));
#323=AXIS2_PLACEMENT_3D('',#320,#321,#322);
#325=CARTESIAN_POINT('',(3.069776932440E1,-4.941081640792E0,1.575E1));
#326=DIRECTION('',(0.E0,0.E0,1.E0));
#327=DIRECTION('',(1.E0,0.E0,0.E0));
#328=AXIS2_PLACEMENT_3D('',#325,#326,#327);
#330=CARTESIAN_POINT('',(3.069776932440E1,-4.941081640792E0,1.575E1));
#331=DIRECTION('',(0.E0,0.E0,1.E0));
#332=DIRECTION('',(-1.E0,0.E0,0.E0));
#333=AXIS2_PLACEMENT_3D('',#330,#331,#332);
#335=DIRECTION('',(0.E0,0.E0,-1.E0));
#336=VECTOR('',#335,1.5E1);
#337=CARTESIAN_POINT('',(-3.022306755956E-1,1.505891835921E1,1.575E1));
#338=LINE('',#337,#336);
#339=DIRECTION('',(0.E0,1.E0,0.E0));
#340=VECTOR('',#339,7.791525970888E0);
#341=CARTESIAN_POINT('',(-3.022306755956E-1,7.267392388320E0,7.5E-1));
#342=LINE('',#341,#340);
#343=CARTESIAN_POINT('',(-3.022306755956E-1,-6.241081640792E0,-1.0825E2));
#344=DIRECTION('',(-1.E0,0.E0,0.E0));
#345=DIRECTION('',(0.E0,1.041428792584E-1,9.945623463111E-1));
#346=AXIS2_PLACEMENT_3D('',#343,#344,#345);
#348=DIRECTION('',(0.E0,1.E0,0.E0));
#349=VECTOR('',#348,3.000685871056E0);
#350=CARTESIAN_POINT('',(-3.022306755956E-1,2.266020646208E0,7.5E-1));
#351=LINE('',#350,#349);
#352=CARTESIAN_POINT('',(-3.022306755956E-1,-6.241081640792E0,-1.0825E2));
#353=DIRECTION('',(-1.E0,0.E0,0.E0));
#354=DIRECTION('',(0.E0,4.982871927977E-2,9.987577778095E-1));
#355=AXIS2_PLACEMENT_3D('',#352,#353,#354);
#357=DIRECTION('',(0.E0,1.E0,0.E0));
#358=VECTOR('',#357,4.001028806584E0);
#359=CARTESIAN_POINT('',(-3.022306755956E-1,-4.736036966961E0,7.5E-1));
#360=LINE('',#359,#358);
#361=CARTESIAN_POINT('',(-3.022306755956E-1,-6.241081640792E0,-1.0825E2));
#362=DIRECTION('',(-1.E0,0.E0,0.E0));
#363=DIRECTION('',(0.E0,-1.353831794347E-2,9.999083527740E-1));
#364=AXIS2_PLACEMENT_3D('',#361,#362,#363);
#366=DIRECTION('',(0.E0,1.E0,0.E0));
#367=VECTOR('',#366,4.001028806584E0);
#368=CARTESIAN_POINT('',(-3.022306755956E-1,-1.173809458013E1,7.5E-1));
#369=LINE('',#368,#367);
#370=DIRECTION('',(0.E0,0.E0,-1.E0));
#371=VECTOR('',#370,1.363186111786E0);
#372=CARTESIAN_POINT('',(-3.022306755956E-1,-1.173809458013E1,
2.113186111786E0));
#373=LINE('',#372,#371);
#374=CARTESIAN_POINT('',(-3.022306755956E-1,-6.241081640792E0,-1.0825E2));
#375=DIRECTION('',(-1.E0,0.E0,0.E0));
#376=DIRECTION('',(0.E0,-7.690535516672E-2,9.970383976290E-1));
#377=AXIS2_PLACEMENT_3D('',#374,#375,#376);
#379=DIRECTION('',(0.E0,0.E0,1.E0));
#380=VECTOR('',#379,1.172742938009E0);
#381=CARTESIAN_POINT('',(-3.022306755956E-1,-1.473912338671E1,7.5E-1));
#382=LINE('',#381,#380);
#383=DIRECTION('',(0.E0,1.E0,0.E0));
#384=VECTOR('',#383,3.001028806584E0);
#385=CARTESIAN_POINT('',(-3.022306755956E-1,-1.774015219330E1,7.5E-1));
#386=LINE('',#385,#384);
#387=DIRECTION('',(0.E0,0.E0,-1.E0));
#388=VECTOR('',#387,9.000517580791E-1);
#389=CARTESIAN_POINT('',(-3.022306755956E-1,-1.774015219330E1,
1.650051758079E0));
#390=LINE('',#389,#388);
#391=CARTESIAN_POINT('',(-3.022306755956E-1,-6.241081640792E0,-1.0825E2));
#392=DIRECTION('',(-1.E0,0.E0,0.E0));
#393=DIRECTION('',(0.E0,-1.312226186343E-1,9.913529262370E-1));
#394=AXIS2_PLACEMENT_3D('',#391,#392,#393);
#396=DIRECTION('',(0.E0,0.E0,1.E0));
#397=VECTOR('',#396,5.444983491936E-1);
#398=CARTESIAN_POINT('',(-3.022306755956E-1,-2.074118099988E1,7.5E-1));
#399=LINE('',#398,#397);
#400=DIRECTION('',(0.E0,1.E0,0.E0));
#401=VECTOR('',#400,3.199900640909E0);
#402=CARTESIAN_POINT('',(-3.022306755956E-1,-2.394108164079E1,7.5E-1));
#403=LINE('',#402,#401);
#404=DIRECTION('',(0.E0,0.E0,1.E0));
#405=VECTOR('',#404,1.5E1);
#406=CARTESIAN_POINT('',(-3.022306755956E-1,-2.394108164079E1,7.5E-1));
#407=LINE('',#406,#405);
#408=DIRECTION('',(-1.851534400602E-2,-9.998285763251E-1,0.E0));
#409=VECTOR('',#408,2.024250720851E0);
#410=CARTESIAN_POINT('',(2.594356181210E1,7.831712695007E0,7.5E-1));
#411=LINE('',#410,#409);
#412=CARTESIAN_POINT('',(2.659776932440E1,8.292102835535E0,7.5E-1));
#413=CARTESIAN_POINT('',(2.659776932440E1,8.025447304383E0,7.5E-1));
#414=CARTESIAN_POINT('',(2.594849903099E1,8.098322515088E0,7.5E-1));
#415=CARTESIAN_POINT('',(2.594356181210E1,7.831712695007E0,7.5E-1));
#417=CARTESIAN_POINT('',(2.560881309937E1,1.320712627049E1,7.5E-1));
#418=CARTESIAN_POINT('',(2.610880381265E1,1.313524720361E1,7.5E-1));
#419=CARTESIAN_POINT('',(2.659776932440E1,1.256404934580E1,7.5E-1));
#420=CARTESIAN_POINT('',(2.659776932440E1,1.205891835921E1,7.5E-1));
#422=CARTESIAN_POINT('',(1.369776932440E1,-6.964608164079E1,7.5E-1));
#423=DIRECTION('',(0.E0,0.E0,-1.E0));
#424=DIRECTION('',(-1.493339704916E-3,9.999988849676E-1,0.E0));
#425=AXIS2_PLACEMENT_3D('',#422,#423,#424);
#427=CARTESIAN_POINT('',(1.319776932440E1,-6.964608164079E1,7.5E-1));
#428=DIRECTION('',(0.E0,0.E0,-1.E0));
#429=DIRECTION('',(-1.493339705031E-3,9.999988849676E-1,0.E0));
#430=AXIS2_PLACEMENT_3D('',#427,#428,#429);
#432=CARTESIAN_POINT('',(1.269776932440E1,-6.964608164079E1,7.5E-1));
#433=DIRECTION('',(0.E0,0.E0,-1.E0));
#434=DIRECTION('',(-1.422978767692E-1,9.898238804287E-1,0.E0));
#435=AXIS2_PLACEMENT_3D('',#432,#433,#434);
#437=CARTESIAN_POINT('',(-2.022306755955E-1,1.205891835921E1,7.5E-1));
#438=CARTESIAN_POINT('',(-2.022306755955E-1,1.256404934580E1,7.5E-1));
#439=CARTESIAN_POINT('',(2.867348361605E-1,1.313524720361E1,7.5E-1));
#440=CARTESIAN_POINT('',(7.867255494374E-1,1.320712627049E1,7.5E-1));
#442=CARTESIAN_POINT('',(4.519768367044E-1,7.831712695007E0,7.5E-1));
#443=CARTESIAN_POINT('',(4.470396178141E-1,8.098322515088E0,7.5E-1));
#444=CARTESIAN_POINT('',(-2.022306755956E-1,8.025447304383E0,7.5E-1));
#445=CARTESIAN_POINT('',(-2.022306755956E-1,8.292102835535E0,7.5E-1));
#447=DIRECTION('',(-1.851534400602E-2,9.998285763251E-1,0.E0));
#448=VECTOR('',#447,1.522140001727E0);
#449=CARTESIAN_POINT('',(4.801597824617E-1,6.309833624113E0,7.5E-1));
#450=LINE('',#449,#448);
#451=CARTESIAN_POINT('',(-5.196687938634E-1,6.291318280107E0,7.5E-1));
#452=DIRECTION('',(0.E0,0.E0,-1.E0));
#453=DIRECTION('',(2.174381182678E-1,9.760741082132E-1,0.E0));
#454=AXIS2_PLACEMENT_3D('',#451,#452,#453);
#456=DIRECTION('',(0.E0,1.E0,0.E0));
#457=VECTOR('',#456,8.291525970888E0);
#458=CARTESIAN_POINT('',(2.669776932440E1,6.767392388320E0,7.5E-1));
#459=LINE('',#458,#457);
#460=CARTESIAN_POINT('',(2.690591068998E1,5.789293634647E0,7.5E-1));
#461=DIRECTION('',(0.E0,0.E0,-1.E0));
#462=DIRECTION('',(-9.998285763251E-1,1.851534400599E-2,0.E0));
#463=AXIS2_PLACEMENT_3D('',#460,#461,#462);
#465=DIRECTION('',(-1.789813492632E-2,-9.998398155536E-1,0.E0));
#466=VECTOR('',#465,2.593835968384E0);
#467=CARTESIAN_POINT('',(2.590526148233E1,5.763494887142E0,7.5E-1));
#468=LINE('',#467,#466);
#469=DIRECTION('',(0.E0,0.E0,1.E0));
#470=VECTOR('',#469,1.5E0);
#471=CARTESIAN_POINT('',(2.585883665619E1,3.170074410937E0,-7.5E-1));
#472=LINE('',#471,#470);
#473=DIRECTION('',(1.817197315637E-2,9.998348760628E-1,0.E0));
#474=VECTOR('',#473,4.662408159262E0);
#475=CARTESIAN_POINT('',(2.585883665619E1,3.170074410937E0,-7.5E-1));
#476=LINE('',#475,#474);
#477=CARTESIAN_POINT('',(2.590608211365E1,5.807808978653E0,1.591131798797E0));
#478=CARTESIAN_POINT('',(2.590580857592E1,5.793037940941E0,1.592752089983E0));
#479=CARTESIAN_POINT('',(2.590553503214E1,5.778266577104E0,1.594369401558E0));
#480=CARTESIAN_POINT('',(2.590526148233E1,5.763494887142E0,1.595983733521E0));
#482=CARTESIAN_POINT('',(2.690509005865E1,5.744979543136E0,7.5E-1));
#483=DIRECTION('',(0.E0,0.E0,-1.E0));
#484=DIRECTION('',(-2.073207342498E-1,-9.782730258727E-1,0.E0));
#485=AXIS2_PLACEMENT_3D('',#482,#483,#484);
#487=DIRECTION('',(0.E0,1.E0,0.E0));
#488=VECTOR('',#487,3.000685871056E0);
#489=CARTESIAN_POINT('',(2.669776932440E1,1.766020646208E0,7.5E-1));
#490=LINE('',#489,#488);
#491=CARTESIAN_POINT('',(2.683157215365E1,7.750126730382E-1,7.5E-1));
#492=DIRECTION('',(0.E0,0.E0,-1.E0));
#493=DIRECTION('',(-9.998285763251E-1,1.851534400599E-2,0.E0));
#494=AXIS2_PLACEMENT_3D('',#491,#492,#493);
#496=DIRECTION('',(-1.851534400602E-2,-9.998285763251E-1,0.E0));
#497=VECTOR('',#496,2.376939034091E0);
#498=CARTESIAN_POINT('',(2.587575342122E1,3.170059587511E0,7.5E-1));
#499=LINE('',#498,#497);
#500=CARTESIAN_POINT('',(2.669776932440E1,4.766706517264E0,1.700346065246E0));
#501=CARTESIAN_POINT('',(2.664356844806E1,4.778193050352E0,1.699196079571E0));
#502=CARTESIAN_POINT('',(2.653672248578E1,4.810215581951E0,1.695987152459E0));
#503=CARTESIAN_POINT('',(2.638478193070E1,4.885458991165E0,1.688403787608E0));
#504=CARTESIAN_POINT('',(2.624876910423E1,4.984283611599E0,1.678364269650E0));
#505=CARTESIAN_POINT('',(2.613215972591E1,5.103586741379E0,1.666121478205E0));
#506=CARTESIAN_POINT('',(2.603999390099E1,5.234717820186E0,1.652514187087E0));
#507=CARTESIAN_POINT('',(2.596654717994E1,5.385727855050E0,1.636650769214E0));
#508=CARTESIAN_POINT('',(2.591645357056E1,5.558844417241E0,1.618209980553E0));
#509=CARTESIAN_POINT('',(2.590396024791E1,5.693228228660E0,1.603662862520E0));
#510=CARTESIAN_POINT('',(2.590526148233E1,5.763494887142E0,1.595983733521E0));
#512=DIRECTION('',(0.E0,0.E0,1.E0));
#513=VECTOR('',#512,9.503460652460E-1);
#514=CARTESIAN_POINT('',(2.669776932440E1,4.766706517264E0,7.5E-1));
#515=LINE('',#514,#513);
#516=DIRECTION('',(0.E0,0.E0,-1.E0));
#517=VECTOR('',#516,8.459837335210E-1);
#518=CARTESIAN_POINT('',(2.590526148233E1,5.763494887142E0,1.595983733521E0));
#519=LINE('',#518,#517);
#520=CARTESIAN_POINT('',(5.733833206286E-1,2.757625631007E-1,2.057664020331E0));
#521=CARTESIAN_POINT('',(5.747777612809E-1,2.004627678760E-1,2.062112641725E0));
#522=CARTESIAN_POINT('',(5.602334922054E-1,5.663659208499E-2,2.070451786059E0));
#523=CARTESIAN_POINT('',(5.028399780815E-1,-1.270677582966E-1,
2.080768303051E0));
#524=CARTESIAN_POINT('',(4.195991789252E-1,-2.850156342399E-1,
2.089395977880E0));
#525=CARTESIAN_POINT('',(3.163532029103E-1,-4.195907711214E-1,
2.096570532648E0));
#526=CARTESIAN_POINT('',(1.865695151713E-1,-5.394768059916E-1,
2.102823596957E0));
#527=CARTESIAN_POINT('',(3.650832057750E-2,-6.351113957544E-1,
2.107715193047E0));
#528=CARTESIAN_POINT('',(-1.293905678202E-1,-7.031314524965E-1,
2.111143501960E0));
#529=CARTESIAN_POINT('',(-2.443682503669E-1,-7.277647057158E-1,
2.112373066964E0));
#530=CARTESIAN_POINT('',(-3.022306755956E-1,-7.350081603769E-1,
2.112734447948E0));
#532=DIRECTION('',(0.E0,0.E0,1.E0));
#533=VECTOR('',#532,1.307664020331E0);
#534=CARTESIAN_POINT('',(5.733833206286E-1,2.757625631007E-1,7.5E-1));
#535=LINE('',#534,#533);
#536=DIRECTION('',(0.E0,0.E0,-1.E0));
#537=VECTOR('',#536,1.362734447948E0);
#538=CARTESIAN_POINT('',(-3.022306755956E-1,-7.350081603769E-1,
2.112734447948E0));
#539=LINE('',#538,#537);
#540=CARTESIAN_POINT('',(5.545117801540E-1,1.294825748729E0,1.992732639465E0));
#541=CARTESIAN_POINT('',(5.608004423122E-1,9.552379921894E-1,2.015945978092E0));
#542=CARTESIAN_POINT('',(5.670909558041E-1,6.155502636264E-1,2.037589771398E0));
#543=CARTESIAN_POINT('',(5.733833206286E-1,2.757625631007E-1,2.057664020331E0));
#545=DIRECTION('',(0.E0,0.E0,1.E0));
#546=VECTOR('',#545,1.5E0);
#547=CARTESIAN_POINT('',(5.197852275840E-1,3.170059587511E0,-7.5E-1));
#548=LINE('',#547,#546);
#549=DIRECTION('',(0.E0,0.E0,-1.E0));
#550=VECTOR('',#549,1.5E0);
#551=CARTESIAN_POINT('',(5.594321138770E-1,1.029127727689E0,7.5E-1));
#552=LINE('',#551,#550);
#553=CARTESIAN_POINT('',(-3.022306755956E-1,2.266020646208E0,1.922043689307E0));
#554=CARTESIAN_POINT('',(-2.466106322742E-1,2.257979447995E0,1.922664602684E0));
#555=CARTESIAN_POINT('',(-1.362547117278E-1,2.232489829630E0,1.924631774893E0));
#556=CARTESIAN_POINT('',(2.281296005120E-2,2.165527327922E0,1.929766880186E0));
#557=CARTESIAN_POINT('',(1.670006763697E-1,2.073077851977E0,1.936788831206E0));
#558=CARTESIAN_POINT('',(2.922962176920E-1,1.958267323665E0,1.945397437647E0));
#559=CARTESIAN_POINT('',(3.930712142795E-1,1.829681971340E0,1.954896363169E0));
#560=CARTESIAN_POINT('',(4.756090227569E-1,1.679191803831E0,1.965824674646E0));
#561=CARTESIAN_POINT('',(5.349031370182E-1,1.504020866298E0,1.978288219746E0));
#562=CARTESIAN_POINT('',(5.531777786018E-1,1.366861832547E0,1.987808439535E0));
#563=CARTESIAN_POINT('',(5.545117801540E-1,1.294825748729E0,1.992732639465E0));
#565=DIRECTION('',(0.E0,0.E0,1.E0));
#566=VECTOR('',#565,1.172043689307E0);
#567=CARTESIAN_POINT('',(-3.022306755956E-1,2.266020646208E0,7.5E-1));
#568=LINE('',#567,#566);
#569=DIRECTION('',(0.E0,0.E0,-1.E0));
#570=VECTOR('',#569,1.242732639465E0);
#571=CARTESIAN_POINT('',(5.545117801540E-1,1.294825748729E0,1.992732639465E0));
#572=LINE('',#571,#570);
#573=DIRECTION('',(-1.851534400602E-2,9.998285763251E-1,0.E0));
#574=VECTOR('',#573,1.875555353373E0);
#575=CARTESIAN_POINT('',(5.545117801540E-1,1.294825748729E0,7.5E-1));
#576=LINE('',#575,#574);
#577=CARTESIAN_POINT('',(-4.453167961711E-1,1.276310404723E0,7.5E-1));
#578=DIRECTION('',(0.E0,0.E0,-1.E0));
#579=DIRECTION('',(1.430861205755E-1,9.897102414842E-1,0.E0));
#580=AXIS2_PLACEMENT_3D('',#577,#578,#579);
#582=CARTESIAN_POINT('',(-5.187736332668E-1,6.242979607891E0,7.5E-1));
#583=DIRECTION('',(0.E0,0.E0,-1.E0));
#584=DIRECTION('',(9.998285763251E-1,1.851534400602E-2,0.E0));
#585=AXIS2_PLACEMENT_3D('',#582,#583,#584);
#587=DIRECTION('',(1.817197315637E-2,-9.998348760628E-1,0.E0));
#588=VECTOR('',#587,4.662408159262E0);
#589=CARTESIAN_POINT('',(4.519768367044E-1,7.831712695007E0,-7.5E-1));
#590=LINE('',#589,#588);
#591=DIRECTION('',(0.E0,0.E0,-1.E0));
#592=VECTOR('',#591,1.5E0);
#593=CARTESIAN_POINT('',(5.367019926186E-1,3.170074410937E0,7.5E-1));
#594=LINE('',#593,#592);
#595=DIRECTION('',(-1.799756316289E-2,9.998380307431E-1,0.E0));
#596=VECTOR('',#595,3.091921337162E0);
#597=CARTESIAN_POINT('',(5.367019926186E-1,3.170074410937E0,7.5E-1));
#598=LINE('',#597,#596);
#599=CARTESIAN_POINT('',(4.801597824617E-1,6.309833624113E0,1.534901175039E0));
#600=CARTESIAN_POINT('',(4.804581618347E-1,6.293721137971E0,1.536743199271E0));
#601=CARTESIAN_POINT('',(4.807565487003E-1,6.277608247232E0,1.538581676296E0));
#602=CARTESIAN_POINT('',(4.810549430583E-1,6.261494951897E0,1.540416606113E0));
#604=DIRECTION('',(1.851534400602E-2,-9.998285763251E-1,0.E0));
#605=VECTOR('',#604,2.141298929154E0);
#606=CARTESIAN_POINT('',(5.197852275840E-1,3.170059587511E0,-7.5E-1));
#607=LINE('',#606,#605);
#608=CARTESIAN_POINT('',(-2.022306755956E-1,8.292102835535E0,-7.5E-1));
#609=CARTESIAN_POINT('',(-2.022306755956E-1,8.025447304383E0,-7.5E-1));
#610=CARTESIAN_POINT('',(4.470396178141E-1,8.098322515088E0,-7.5E-1));
#611=CARTESIAN_POINT('',(4.519768367044E-1,7.831712695007E0,-7.5E-1));
#613=CARTESIAN_POINT('',(7.867255494374E-1,1.320712627049E1,-7.5E-1));
#614=CARTESIAN_POINT('',(2.867348361605E-1,1.313524720361E1,-7.5E-1));
#615=CARTESIAN_POINT('',(-2.022306755955E-1,1.256404934580E1,-7.5E-1));
#616=CARTESIAN_POINT('',(-2.022306755955E-1,1.205891835921E1,-7.5E-1));
#618=CARTESIAN_POINT('',(1.269776932440E1,-6.964608164079E1,-7.5E-1));
#619=DIRECTION('',(0.E0,0.E0,1.E0));
#620=DIRECTION('',(1.493339704787E-3,9.999988849676E-1,0.E0));
#621=AXIS2_PLACEMENT_3D('',#618,#619,#620);
#623=CARTESIAN_POINT('',(1.369776932440E1,-6.964608164079E1,-7.5E-1));
#624=DIRECTION('',(0.E0,0.E0,1.E0));
#625=DIRECTION('',(1.422978767692E-1,9.898238804287E-1,0.E0));
#626=AXIS2_PLACEMENT_3D('',#623,#624,#625);
#628=CARTESIAN_POINT('',(2.659776932440E1,1.205891835921E1,-7.5E-1));
#629=CARTESIAN_POINT('',(2.659776932440E1,1.256404934580E1,-7.5E-1));
#630=CARTESIAN_POINT('',(2.610880381265E1,1.313524720361E1,-7.5E-1));
#631=CARTESIAN_POINT('',(2.560881309937E1,1.320712627049E1,-7.5E-1));
#633=CARTESIAN_POINT('',(2.594356181210E1,7.831712695007E0,-7.5E-1));
#634=CARTESIAN_POINT('',(2.594849903099E1,8.098322515088E0,-7.5E-1));
#635=CARTESIAN_POINT('',(2.659776932440E1,8.025447304383E0,-7.5E-1));
#636=CARTESIAN_POINT('',(2.659776932440E1,8.292102835535E0,-7.5E-1));
#638=DIRECTION('',(1.910583327356E-2,9.998174669083E-1,0.E0));
#639=VECTOR('',#638,3.778096531921E0);
#640=CARTESIAN_POINT('',(2.580356973879E1,-6.073473167688E-1,-7.5E-1));
#641=LINE('',#640,#639);
#642=DIRECTION('',(1.938591995371E-2,9.998120753959E-1,0.E0));
#643=VECTOR('',#642,2.562579029418E0);
#644=CARTESIAN_POINT('',(2.575389178686E1,-3.169444774537E0,-7.5E-1));
#645=LINE('',#644,#643);
#646=DIRECTION('',(1.851534400602E-2,9.998285763251E-1,0.E0));
#647=VECTOR('',#646,1.066785265450E1);
#648=CARTESIAN_POINT('',(2.546628466841E1,-2.094125306447E1,-7.5E-1));
#649=LINE('',#648,#647);
#650=CARTESIAN_POINT('',(2.446096163057E1,-2.210297844557E1,-7.5E-1));
#651=CARTESIAN_POINT('',(2.496689567961E1,-2.202370612049E1,-7.5E-1));
#652=CARTESIAN_POINT('',(2.545680283504E1,-2.145327206640E1,-7.5E-1));
#653=CARTESIAN_POINT('',(2.546628466841E1,-2.094125306447E1,-7.5E-1));
#655=CARTESIAN_POINT('',(1.369776932440E1,4.659016835921E1,-7.5E-1));
#656=DIRECTION('',(0.E0,0.E0,1.E0));
#657=DIRECTION('',(-1.797752808866E-3,-9.999983840411E-1,0.E0));
#658=AXIS2_PLACEMENT_3D('',#655,#656,#657);
#660=CARTESIAN_POINT('',(1.269776932440E1,4.659016835921E1,-7.5E-1));
#661=DIRECTION('',(0.E0,0.E0,1.E0));
#662=DIRECTION('',(-1.547964736168E-1,-9.879463810125E-1,0.E0));
#663=AXIS2_PLACEMENT_3D('',#660,#661,#662);
#665=CARTESIAN_POINT('',(9.292539803984E-1,-2.094125306447E1,-7.5E-1));
#666=CARTESIAN_POINT('',(9.387358137674E-1,-2.145327206640E1,-7.5E-1));
#667=CARTESIAN_POINT('',(1.428642969195E0,-2.202370612049E1,-7.5E-1));
#668=CARTESIAN_POINT('',(1.934577018234E0,-2.210297844557E1,-7.5E-1));
#670=DIRECTION('',(1.851534400602E-2,-9.998285763251E-1,0.E0));
#671=VECTOR('',#670,1.066785265450E1);
#672=CARTESIAN_POINT('',(7.317350186948E-1,-1.027522913247E1,-7.5E-1));
#673=LINE('',#672,#671);
#674=DIRECTION('',(1.851534400602E-2,-9.998285763251E-1,0.E0));
#675=VECTOR('',#674,2.140684010769E0);
#676=CARTESIAN_POINT('',(6.020113610861E-1,-1.029127727689E0,-7.5E-1));
#677=LINE('',#676,#675);
#678=DIRECTION('',(-1.E0,0.E0,0.E0));
#679=VECTOR('',#678,6.823531707443E-3);
#680=CARTESIAN_POINT('',(6.088348927935E-1,-1.029127727689E0,-7.5E-1));
#681=LINE('',#680,#679);
#682=DIRECTION('',(0.E0,-1.E0,0.E0));
#683=VECTOR('',#682,2.058255455377E0);
#684=CARTESIAN_POINT('',(6.088348927935E-1,1.029127727689E0,-7.5E-1));
#685=LINE('',#684,#683);
#686=CARTESIAN_POINT('',(1.197769324404E0,2.005891835921E1,-7.5E-1));
#687=DIRECTION('',(0.E0,0.E0,-1.E0));
#688=DIRECTION('',(-1.E0,0.E0,0.E0));
#689=AXIS2_PLACEMENT_3D('',#686,#687,#688);
#691=CARTESIAN_POINT('',(1.197769324404E0,-2.894108164079E1,-7.5E-1));
#692=DIRECTION('',(0.E0,0.E0,-1.E0));
#693=DIRECTION('',(0.E0,-1.E0,0.E0));
#694=AXIS2_PLACEMENT_3D('',#691,#692,#693);
#696=CARTESIAN_POINT('',(2.519776932440E1,-2.894108164079E1,-7.5E-1));
#697=DIRECTION('',(0.E0,0.E0,-1.E0));
#698=DIRECTION('',(1.E0,0.E0,0.E0));
#699=AXIS2_PLACEMENT_3D('',#696,#697,#698);
#701=CARTESIAN_POINT('',(2.519776932440E1,2.005891835921E1,-7.5E-1));
#702=DIRECTION('',(0.E0,0.E0,-1.E0));
#703=DIRECTION('',(0.E0,1.E0,0.E0));
#704=AXIS2_PLACEMENT_3D('',#701,#702,#703);
#706=DIRECTION('',(-1.E0,0.E0,0.E0));
#707=VECTOR('',#706,4.940277891652E-2);
#708=CARTESIAN_POINT('',(6.088348927935E-1,1.029127727689E0,-7.5E-1));
#709=LINE('',#708,#707);
#710=DIRECTION('',(0.E0,0.E0,-1.E0));
#711=VECTOR('',#710,1.5E0);
#712=CARTESIAN_POINT('',(6.088348927935E-1,1.029127727689E0,7.5E-1));
#713=LINE('',#712,#711);
#714=DIRECTION('',(1.E0,0.E0,0.E0));
#715=VECTOR('',#714,4.940277891652E-2);
#716=CARTESIAN_POINT('',(5.594321138770E-1,1.029127727689E0,7.5E-1));
#717=LINE('',#716,#715);
#718=DIRECTION('',(0.E0,0.E0,1.E0));
#719=VECTOR('',#718,1.5E0);
#720=CARTESIAN_POINT('',(6.088348927935E-1,-1.029127727689E0,-7.5E-1));
#721=LINE('',#720,#719);
#722=DIRECTION('',(0.E0,0.E0,1.E0));
#723=VECTOR('',#722,1.5E0);
#724=CARTESIAN_POINT('',(6.020113610861E-1,-1.029127727689E0,-7.5E-1));
#725=LINE('',#724,#723);
#726=DIRECTION('',(0.E0,0.E0,-1.E0));
#727=VECTOR('',#726,1.5E0);
#728=CARTESIAN_POINT('',(6.416468619536E-1,-3.169444774537E0,7.5E-1));
#729=LINE('',#728,#727);
#730=DIRECTION('',(-1.E0,0.E0,0.E0));
#731=VECTOR('',#730,2.298192396135E-2);
#732=CARTESIAN_POINT('',(6.416468619536E-1,-3.169444774537E0,7.5E-1));
#733=LINE('',#732,#731);
#734=DIRECTION('',(1.E0,0.E0,0.E0));
#735=VECTOR('',#734,2.298192396135E-2);
#736=CARTESIAN_POINT('',(6.186649379923E-1,-3.169444774537E0,-7.5E-1));
#737=LINE('',#736,#735);
#738=DIRECTION('',(1.851534400602E-2,-9.998285763251E-1,0.E0));
#739=VECTOR('',#738,7.534943313551E-1);
#740=CARTESIAN_POINT('',(5.594321138770E-1,1.029127727689E0,7.5E-1));
#741=LINE('',#740,#739);
#742=DIRECTION('',(0.E0,1.E0,0.E0));
#743=VECTOR('',#742,2.058255455377E0);
#744=CARTESIAN_POINT('',(6.088348927935E-1,-1.029127727689E0,7.5E-1));
#745=LINE('',#744,#743);
#746=DIRECTION('',(1.E0,0.E0,0.E0));
#747=VECTOR('',#746,6.823531707443E-3);
#748=CARTESIAN_POINT('',(6.020113610861E-1,-1.029127727689E0,7.5E-1));
#749=LINE('',#748,#747);
#750=DIRECTION('',(-1.851534400602E-2,9.998285763251E-1,0.E0));
#751=VECTOR('',#750,2.140684010769E0);
#752=CARTESIAN_POINT('',(6.416468619536E-1,-3.169444774537E0,7.5E-1));
#753=LINE('',#752,#751);
#754=DIRECTION('',(-1.851534400602E-2,9.998285763251E-1,0.E0));
#755=VECTOR('',#754,2.548009298304E0);
#756=CARTESIAN_POINT('',(6.658422066809E-1,-5.717017283724E0,7.5E-1));
#757=LINE('',#756,#755);
#758=CARTESIAN_POINT('',(-3.339863696442E-1,-5.735532627730E0,7.5E-1));
#759=DIRECTION('',(0.E0,0.E0,-1.E0));
#760=DIRECTION('',(3.175569404863E-2,9.994956607687E-1,0.E0));
#761=AXIS2_PLACEMENT_3D('',#758,#759,#760);
#763=CARTESIAN_POINT('',(-4.264452556965E-1,2.572472190947E-1,7.5E-1));
#764=DIRECTION('',(0.E0,0.E0,-1.E0));
#765=DIRECTION('',(9.998285763251E-1,1.851534400603E-2,0.E0));
#766=AXIS2_PLACEMENT_3D('',#763,#764,#765);
#768=DIRECTION('',(1.876484049533E-2,-9.998239248794E-1,0.E0));
#769=VECTOR('',#768,7.107052151415E0);
#770=CARTESIAN_POINT('',(6.186649379923E-1,-3.169444774537E0,-7.5E-1));
#771=LINE('',#770,#769);
#772=DIRECTION('',(0.E0,0.E0,-1.E0));
#773=VECTOR('',#772,1.5E0);
#774=CARTESIAN_POINT('',(7.520276380056E-1,-1.027524555089E1,7.5E-1));
#775=LINE('',#774,#773);
#776=DIRECTION('',(-1.901381332496E-2,9.998192211109E-1,0.E0));
#777=VECTOR('',#776,3.557250978771E0);
#778=CARTESIAN_POINT('',(7.520276380056E-1,-1.027524555089E1,7.5E-1));
#779=LINE('',#778,#777);
#780=CARTESIAN_POINT('',(6.658422066809E-1,-5.717017283724E0,2.248757262467E0));
#781=CARTESIAN_POINT('',(6.720250425405E-1,-6.050890420141E0,2.250340728335E0));
#782=CARTESIAN_POINT('',(6.782078842953E-1,-6.384763874899E0,2.250410991064E0));
#783=CARTESIAN_POINT('',(6.843907319452E-1,-6.718637647997E0,2.248968050656E0));
#785=DIRECTION('',(0.E0,0.E0,1.E0));
#786=VECTOR('',#785,1.5E0);
#787=CARTESIAN_POINT('',(6.186649379923E-1,-3.169444774537E0,-7.5E-1));
#788=LINE('',#787,#786);
#789=DIRECTION('',(-9.999996726925E-1,8.090827447204E-4,2.352558519045E-13));
#790=VECTOR('',#789,2.029262595273E-2);
#791=CARTESIAN_POINT('',(7.520276380056E-1,-1.027524555089E1,7.5E-1));
#792=LINE('',#791,#790);
#793=DIRECTION('',(9.999996726925E-1,-8.090827446328E-4,-2.297847855811E-13));
#794=VECTOR('',#793,2.029262595273E-2);
#795=CARTESIAN_POINT('',(7.317350186948E-1,-1.027522913247E1,-7.5E-1));
#796=LINE('',#795,#794);
#797=DIRECTION('',(-1.851534400602E-2,9.998285763251E-1,0.E0));
#798=VECTOR('',#797,2.446411916233E0);
#799=CARTESIAN_POINT('',(7.770311769043E-1,-1.272122167579E1,7.5E-1));
#800=LINE('',#799,#798);
#801=CARTESIAN_POINT('',(-2.227973994209E-1,-1.273973701979E1,7.5E-1));
#802=DIRECTION('',(0.E0,0.E0,-1.E0));
#803=DIRECTION('',(7.071067811865E-1,7.071067811865E-1,0.E0));
#804=AXIS2_PLACEMENT_3D('',#801,#802,#803);
#806=CARTESIAN_POINT('',(-2.227973994209E-1,-1.273973701979E1,7.5E-1));
#807=DIRECTION('',(0.E0,0.E0,-1.E0));
#808=DIRECTION('',(1.851534400595E-2,9.998285763251E-1,0.E0));
#809=AXIS2_PLACEMENT_3D('',#806,#807,#808);
#811=CARTESIAN_POINT('',(-3.154378443799E-1,-6.737152992003E0,7.5E-1));
#812=DIRECTION('',(0.E0,0.E0,-1.E0));
#813=DIRECTION('',(9.998285763251E-1,1.851534400602E-2,0.E0));
#814=AXIS2_PLACEMENT_3D('',#811,#812,#813);
#816=CARTESIAN_POINT('',(7.770311769043E-1,-1.272122167579E1,2.059826330780E0));
#817=CARTESIAN_POINT('',(7.832121440976E-1,-1.305499390422E1,2.040218913635E0));
#818=CARTESIAN_POINT('',(7.893913366222E-1,-1.338867030055E1,2.019097052375E0));
#819=CARTESIAN_POINT('',(7.955687544770E-1,-1.372225086471E1,1.996460746108E0));
#821=DIRECTION('',(0.E0,0.E0,1.E0));
#822=VECTOR('',#821,1.5E0);
#823=CARTESIAN_POINT('',(7.317350186948E-1,-1.027522913247E1,-7.5E-1));
#824=LINE('',#823,#822);
#825=CARTESIAN_POINT('',(8.882185220539E-1,-1.872533831386E1,1.542501270901E0));
#826=CARTESIAN_POINT('',(8.944010485287E-1,-1.905919474351E1,1.504539212369E0));
#827=CARTESIAN_POINT('',(9.005802410542E-1,-1.939287113988E1,1.465055185182E0));
#828=CARTESIAN_POINT('',(9.067560996266E-1,-1.972636750279E1,1.424049187673E0));
#830=CARTESIAN_POINT('',(-2.042820554148E-1,-1.173990844347E1,
2.113095751226E0));
#831=CARTESIAN_POINT('',(-1.203300417184E-1,-1.174146311039E1,
2.113018290150E0));
#832=CARTESIAN_POINT('',(4.814667579350E-2,-1.176551080582E1,2.111823685021E0));
#833=CARTESIAN_POINT('',(2.902324017069E-1,-1.186838777072E1,2.106645019781E0));
#834=CARTESIAN_POINT('',(4.914138410920E-1,-1.202490726490E1,2.098574581872E0));
#835=CARTESIAN_POINT('',(6.481191178545E-1,-1.222591600049E1,2.087883930410E0));
#836=CARTESIAN_POINT('',(7.514119333095E-1,-1.246854853808E1,2.074475497852E0));
#837=CARTESIAN_POINT('',(7.754750288568E-1,-1.263718968122E1,2.064762782140E0));
#838=CARTESIAN_POINT('',(7.770311769043E-1,-1.272122167579E1,2.059826330780E0));
#840=DIRECTION('',(1.413133997368E-14,0.E0,1.E0));
#841=VECTOR('',#840,1.363095751226E0);
#842=CARTESIAN_POINT('',(-2.042820554148E-1,-1.173990844347E1,7.5E-1));
#843=LINE('',#842,#841);
#844=DIRECTION('',(0.E0,0.E0,-1.E0));
#845=VECTOR('',#844,1.309826330780E0);
#846=CARTESIAN_POINT('',(7.770311769043E-1,-1.272122167579E1,2.059826330780E0));
#847=LINE('',#846,#845);
#848=CARTESIAN_POINT('',(-3.022306755960E-1,-1.173809458013E1,
2.113186111786E0));
#849=CARTESIAN_POINT('',(-2.695811355311E-1,-1.173869920124E1,
2.113155996580E0));
#850=CARTESIAN_POINT('',(-2.369315954707E-1,-1.173930382235E1,
2.113125876393E0));
#851=CARTESIAN_POINT('',(-2.042820554149E-1,-1.173990844347E1,
2.113095751226E0));
#853=DIRECTION('',(-9.998285763251E-1,1.851534400608E-2,4.193138203524E-14));
#854=VECTOR('',#853,9.796541377197E-2);
#855=CARTESIAN_POINT('',(-2.042820554148E-1,-1.173990844347E1,7.5E-1));
#856=LINE('',#855,#854);
#857=DIRECTION('',(0.E0,0.E0,1.E0));
#858=VECTOR('',#857,1.5E0);
#859=CARTESIAN_POINT('',(9.292539803984E-1,-2.094125306447E1,-7.5E-1));
#860=LINE('',#859,#858);
#861=DIRECTION('',(-2.486899575160E-14,0.E0,-1.E0));
#862=VECTOR('',#861,1.5E0);
#863=CARTESIAN_POINT('',(1.934577018234E0,-2.210297844557E1,7.5E-1));
#864=LINE('',#863,#862);
#865=DIRECTION('',(-9.998285763251E-1,1.851534400602E-2,1.770063414397E-13));
#866=VECTOR('',#865,1.906755411930E-1);
#867=CARTESIAN_POINT('',(-1.115878207046E-1,-2.074471142312E1,7.5E-1));
#868=LINE('',#867,#866);
#869=CARTESIAN_POINT('',(-9.307247669854E-2,-1.974488284680E1,
7.499999999999E-1));
#870=DIRECTION('',(0.E0,0.E0,-1.E0));
#871=DIRECTION('',(7.071067811865E-1,-7.071067811866E-1,0.E0));
#872=AXIS2_PLACEMENT_3D('',#869,#870,#871);
#874=CARTESIAN_POINT('',(-9.307247669854E-2,-1.974488284680E1,
7.499999999999E-1));
#875=DIRECTION('',(0.E0,0.E0,-1.E0));
#876=DIRECTION('',(9.998285763251E-1,1.851534400602E-2,0.E0));
#877=AXIS2_PLACEMENT_3D('',#874,#875,#876);
#879=DIRECTION('',(-1.851534400602E-2,9.998285763251E-1,-1.845660313271E-14));
#880=VECTOR('',#879,1.215093857530E0);
#881=CARTESIAN_POINT('',(9.292539803984E-1,-2.094125306447E1,7.5E-1));
#882=LINE('',#881,#880);
#883=CARTESIAN_POINT('',(1.934577018234E0,-2.210297844557E1,7.5E-1));
#884=CARTESIAN_POINT('',(1.428642969195E0,-2.202370612049E1,7.5E-1));
#885=CARTESIAN_POINT('',(9.387358137674E-1,-2.145327206640E1,7.5E-1));
#886=CARTESIAN_POINT('',(9.292539803984E-1,-2.094125306447E1,7.5E-1));
#888=CARTESIAN_POINT('',(1.269776932440E1,4.659016835921E1,7.5E-1));
#889=DIRECTION('',(0.E0,0.E0,-1.E0));
#890=DIRECTION('',(1.797752808997E-3,-9.999983840411E-1,0.E0));
#891=AXIS2_PLACEMENT_3D('',#888,#889,#890);
#893=CARTESIAN_POINT('',(1.294776932440E1,4.659016835921E1,7.5E-1));
#894=DIRECTION('',(0.E0,0.E0,-1.E0));
#895=DIRECTION('',(1.797752808875E-3,-9.999983840411E-1,0.E0));
#896=AXIS2_PLACEMENT_3D('',#893,#894,#895);
#898=CARTESIAN_POINT('',(1.319776932440E1,4.659016835921E1,7.5E-1));
#899=DIRECTION('',(0.E0,0.E0,-1.E0));
#900=DIRECTION('',(1.797752809018E-3,-9.999983840411E-1,0.E0));
#901=AXIS2_PLACEMENT_3D('',#898,#899,#900);
#903=CARTESIAN_POINT('',(1.344776932440E1,4.659016835921E1,7.5E-1));
#904=DIRECTION('',(0.E0,0.E0,-1.E0));
#905=DIRECTION('',(1.797752809120E-3,-9.999983840411E-1,0.E0));
#906=AXIS2_PLACEMENT_3D('',#903,#904,#905);
#908=CARTESIAN_POINT('',(1.369776932440E1,4.659016835921E1,7.5E-1));
#909=DIRECTION('',(0.E0,0.E0,-1.E0));
#910=DIRECTION('',(1.547964736168E-1,-9.879463810126E-1,0.E0));
#911=AXIS2_PLACEMENT_3D('',#908,#909,#910);
#913=CARTESIAN_POINT('',(2.541805969119E1,-2.121748267334E1,7.5E-1));
#914=CARTESIAN_POINT('',(2.528165960461E1,-2.164100855899E1,7.5E-1));
#915=CARTESIAN_POINT('',(2.487672212148E1,-2.203783497311E1,7.5E-1));
#916=CARTESIAN_POINT('',(2.446096163057E1,-2.210297844557E1,7.5E-1));
#918=CARTESIAN_POINT('',(2.546628466841E1,-2.094125306447E1,7.5E-1));
#919=CARTESIAN_POINT('',(2.546459470377E1,-2.103251115496E1,7.5E-1));
#920=CARTESIAN_POINT('',(2.544764326492E1,-2.112562489247E1,7.5E-1));
#921=CARTESIAN_POINT('',(2.541805969119E1,-2.121748267334E1,7.5E-1));
#923=DIRECTION('',(-1.851534400601E-2,-9.998285763251E-1,4.591856101263E-14));
#924=VECTOR('',#923,7.229248413765E-1);
#925=CARTESIAN_POINT('',(2.547966987054E1,-2.021845214952E1,7.5E-1));
#926=LINE('',#925,#924);
#927=CARTESIAN_POINT('',(2.647949844686E1,-2.023696749353E1,7.499999999999E-1));
#928=DIRECTION('',(0.E0,0.E0,-1.E0));
#929=DIRECTION('',(-1.851534400591E-2,-9.998285763251E-1,0.E0));
#930=AXIS2_PLACEMENT_3D('',#927,#928,#929);
#932=DIRECTION('',(0.E0,1.E0,0.E0));
#933=VECTOR('',#932,2.699900640909E0);
#934=CARTESIAN_POINT('',(2.669776932440E1,-2.394108164079E1,7.5E-1));
#935=LINE('',#934,#933);
#936=CARTESIAN_POINT('',(5.697769324404E0,-2.394108164079E1,8.8E0));
#937=DIRECTION('',(0.E0,-1.E0,0.E0));
#938=DIRECTION('',(1.E0,0.E0,0.E0));
#939=AXIS2_PLACEMENT_3D('',#936,#937,#938);
#941=CARTESIAN_POINT('',(5.697769324404E0,-2.394108164079E1,8.8E0));
#942=DIRECTION('',(0.E0,-1.E0,0.E0));
#943=DIRECTION('',(-1.E0,0.E0,0.E0));
#944=AXIS2_PLACEMENT_3D('',#941,#942,#943);
#946=CARTESIAN_POINT('',(2.069776932440E1,-2.394108164079E1,8.8E0));
#947=DIRECTION('',(0.E0,-1.E0,0.E0));
#948=DIRECTION('',(1.E0,0.E0,0.E0));
#949=AXIS2_PLACEMENT_3D('',#946,#947,#948);
#951=CARTESIAN_POINT('',(2.069776932440E1,-2.394108164079E1,8.8E0));
#952=DIRECTION('',(0.E0,-1.E0,0.E0));
#953=DIRECTION('',(-1.E0,0.E0,0.E0));
#954=AXIS2_PLACEMENT_3D('',#951,#952,#953);
#956=DIRECTION('',(0.E0,0.E0,1.E0));
#957=VECTOR('',#956,1.5E1);
#958=CARTESIAN_POINT('',(2.669776932440E1,-2.394108164079E1,7.5E-1));
#959=LINE('',#958,#957);
#960=DIRECTION('',(0.E0,0.E0,1.E0));
#961=VECTOR('',#960,1.5E0);
#962=CARTESIAN_POINT('',(3.499776932440E1,-2.394108164079E1,1.575E1));
#963=LINE('',#962,#961);
#964=DIRECTION('',(1.E0,0.E0,0.E0));
#965=VECTOR('',#964,2.7E1);
#966=CARTESIAN_POINT('',(-3.022306755956E-1,-2.394108164079E1,7.5E-1));
#967=LINE('',#966,#965);
#968=CARTESIAN_POINT('',(2.669776932440E1,-6.241081640792E0,-1.0825E2));
#969=DIRECTION('',(-1.E0,0.E0,0.E0));
#970=DIRECTION('',(0.E0,-1.357475055121E-1,9.907434656596E-1));
#971=AXIS2_PLACEMENT_3D('',#968,#969,#970);
#973=CARTESIAN_POINT('',(2.669776932440E1,-6.241081640792E0,-1.0825E2));
#974=DIRECTION('',(-1.E0,0.E0,0.E0));
#975=DIRECTION('',(0.E0,-8.143024204455E-2,9.966790434641E-1));
#976=AXIS2_PLACEMENT_3D('',#973,#974,#975);
#978=CARTESIAN_POINT('',(2.669776932440E1,-6.241081640792E0,-1.0825E2));
#979=DIRECTION('',(-1.E0,0.E0,0.E0));
#980=DIRECTION('',(0.E0,-1.806320482130E-2,9.998368470063E-1));
#981=AXIS2_PLACEMENT_3D('',#978,#979,#980);
#983=CARTESIAN_POINT('',(2.669776932440E1,-6.241081640792E0,-1.0825E2));
#984=DIRECTION('',(-1.E0,0.E0,0.E0));
#985=DIRECTION('',(0.E0,4.530383240195E-2,9.989732542815E-1));
#986=AXIS2_PLACEMENT_3D('',#983,#984,#985);
#988=CARTESIAN_POINT('',(2.669776932440E1,-6.241081640792E0,-1.0825E2));
#989=DIRECTION('',(-1.E0,0.E0,0.E0));
#990=DIRECTION('',(0.E0,9.961799238059E-2,9.950257562466E-1));
#991=AXIS2_PLACEMENT_3D('',#988,#989,#990);
#993=DIRECTION('',(0.E0,0.E0,1.E0));
#994=VECTOR('',#993,1.5E1);
#995=CARTESIAN_POINT('',(2.669776932440E1,1.505891835921E1,7.5E-1));
#996=LINE('',#995,#994);
#997=CARTESIAN_POINT('',(2.646098310286E1,-2.123679606985E1,1.227753670607E0));
#998=CARTESIAN_POINT('',(2.653991184345E1,-2.123825771320E1,1.227553462021E0));
#999=CARTESIAN_POINT('',(2.661884058396E1,-2.123971935654E1,1.227353223615E0));
#1000=CARTESIAN_POINT('',(2.669776932440E1,-2.124118099988E1,1.227152955388E0));
#1002=DIRECTION('',(0.E0,0.E0,1.E0));
#1003=VECTOR('',#1002,4.771529553879E-1);
#1004=CARTESIAN_POINT('',(2.669776932440E1,-2.124118099988E1,7.5E-1));
#1005=LINE('',#1004,#1003);
#1006=DIRECTION('',(9.998285763251E-1,-1.851534400601E-2,1.523571038599E-13));
#1007=VECTOR('',#1006,2.368268192699E-1);
#1008=CARTESIAN_POINT('',(2.646098310286E1,-2.123679606985E1,7.5E-1));
#1009=LINE('',#1008,#1007);
#1010=CARTESIAN_POINT('',(2.646098310286E1,-2.123679606985E1,1.227753670607E0));
#1011=CARTESIAN_POINT('',(2.637530879515E1,-2.123520950860E1,1.227970989822E0));
#1012=CARTESIAN_POINT('',(2.620314075995E1,-2.121024677486E1,1.231394297153E0));
#1013=CARTESIAN_POINT('',(2.595561572886E1,-2.110252992847E1,1.246089777771E0));
#1014=CARTESIAN_POINT('',(2.575173036760E1,-2.093876547440E1,1.268216727015E0));
#1015=CARTESIAN_POINT('',(2.559560431976E1,-2.072925117986E1,1.296161192781E0));
#1016=CARTESIAN_POINT('',(2.549684011537E1,-2.047798486509E1,1.329119955485E0));
#1017=CARTESIAN_POINT('',(2.547807585758E1,-2.030452884926E1,1.351446077547E0));
#1018=CARTESIAN_POINT('',(2.547966987054E1,-2.021845214952E1,1.362422259804E0));
#1020=DIRECTION('',(-8.179916319049E-14,0.E0,1.E0));
#1021=VECTOR('',#1020,4.777536706066E-1);
#1022=CARTESIAN_POINT('',(2.646098310286E1,-2.123679606985E1,7.5E-1));
#1023=LINE('',#1022,#1021);
#1024=DIRECTION('',(0.E0,1.740325545941E-14,-1.E0));
#1025=VECTOR('',#1024,6.124222598044E-1);
#1026=CARTESIAN_POINT('',(2.547966987054E1,-2.021845214952E1,1.362422259804E0));
#1027=LINE('',#1026,#1025);
#1028=CARTESIAN_POINT('',(2.560930584919E1,-1.321810930217E1,2.029513442037E0));
#1029=CARTESIAN_POINT('',(2.560312899393E1,-1.355165948662E1,2.008410802111E0));
#1030=CARTESIAN_POINT('',(2.559695403808E1,-1.388510710243E1,1.985795347227E0));
#1031=CARTESIAN_POINT('',(2.559078098165E1,-1.421845214952E1,1.961667076433E0));
#1033=CARTESIAN_POINT('',(2.549819473808E1,-1.921810930217E1,1.485348694373E0));
#1034=CARTESIAN_POINT('',(2.549201632285E1,-1.955174372485E1,1.445893922658E0));
#1035=CARTESIAN_POINT('',(2.548584136700E1,-1.988519134071E1,1.404918445044E0));
#1036=CARTESIAN_POINT('',(2.547966987054E1,-2.021845214952E1,1.362422259804E0));
#1038=DIRECTION('',(0.E0,0.E0,-1.E0));
#1039=VECTOR('',#1038,1.5E0);
#1040=CARTESIAN_POINT('',(2.566380363011E1,-1.027522913247E1,7.5E-1));
#1041=LINE('',#1040,#1039);
#1042=CARTESIAN_POINT('',(2.657209421397E1,-1.523679606985E1,1.883224423472E0));
#1043=CARTESIAN_POINT('',(2.648614329568E1,-1.523520438618E1,1.883354432666E0));
#1044=CARTESIAN_POINT('',(2.631355185790E1,-1.521009093056E1,1.885409717925E0));
#1045=CARTESIAN_POINT('',(2.606589168044E1,-1.510202523575E1,1.894177994581E0));
#1046=CARTESIAN_POINT('',(2.586223102395E1,-1.493813092565E1,1.907264524320E0));
#1047=CARTESIAN_POINT('',(2.570626284758E1,-1.472842330791E1,1.923650732488E0));
#1048=CARTESIAN_POINT('',(2.560783827561E1,-1.447736157529E1,1.942723522154E0));
#1049=CARTESIAN_POINT('',(2.558919192663E1,-1.430426112066E1,1.955456028420E0));
#1050=CARTESIAN_POINT('',(2.559078098165E1,-1.421845214952E1,1.961667076433E0));
#1052=DIRECTION('',(-5.016077811549E-14,0.E0,1.E0));
#1053=VECTOR('',#1052,1.133224423472E0);
#1054=CARTESIAN_POINT('',(2.657209421397E1,-1.523679606985E1,7.5E-1));
#1055=LINE('',#1054,#1053);
#1056=DIRECTION('',(0.E0,-1.026230564291E-14,-1.E0));
#1057=VECTOR('',#1056,1.211667076433E0);
#1058=CARTESIAN_POINT('',(2.559078098165E1,-1.421845214952E1,1.961667076433E0));
#1059=LINE('',#1058,#1057);
#1060=CARTESIAN_POINT('',(2.657209421397E1,-1.523679606985E1,1.883224423472E0));
#1061=CARTESIAN_POINT('',(2.661398591746E1,-1.523757184214E1,1.883161058161E0));
#1062=CARTESIAN_POINT('',(2.665587762094E1,-1.523834761443E1,1.883097684599E0));
#1063=CARTESIAN_POINT('',(2.669776932440E1,-1.523912338671E1,1.883034302786E0));
#1065=DIRECTION('',(0.E0,0.E0,1.E0));
#1066=VECTOR('',#1065,1.133034302786E0);
#1067=CARTESIAN_POINT('',(2.669776932440E1,-1.523912338671E1,7.5E-1));
#1068=LINE('',#1067,#1066);
#1069=DIRECTION('',(9.998285763251E-1,-1.851534400602E-2,1.369046494982E-13));
#1070=VECTOR('',#1069,1.256966578182E-1);
#1071=CARTESIAN_POINT('',(2.657209421397E1,-1.523679606985E1,7.5E-1));
#1072=LINE('',#1071,#1070);
#1073=DIRECTION('',(-1.851534400602E-2,-9.998285763251E-1,0.E0));
#1074=VECTOR('',#1073,5.000514359198E0);
#1075=CARTESIAN_POINT('',(2.559078098165E1,-1.421845214952E1,7.5E-1));
#1076=LINE('',#1075,#1074);
#1077=CARTESIAN_POINT('',(2.659060955798E1,-1.423696749353E1,7.5E-1));
#1078=DIRECTION('',(0.E0,0.E0,-1.E0));
#1079=DIRECTION('',(-7.200778916463E-1,-6.938932410409E-1,0.E0));
#1080=AXIS2_PLACEMENT_3D('',#1077,#1078,#1079);
#1082=CARTESIAN_POINT('',(2.659060955798E1,-1.423696749353E1,7.5E-1));
#1083=DIRECTION('',(0.E0,0.E0,-1.E0));
#1084=DIRECTION('',(-1.851534400596E-2,-9.998285763251E-1,0.E0));
#1085=AXIS2_PLACEMENT_3D('',#1082,#1083,#1084);
#1087=DIRECTION('',(0.E0,1.E0,0.E0));
#1088=VECTOR('',#1087,3.001028806584E0);
#1089=CARTESIAN_POINT('',(2.669776932440E1,-1.824015219330E1,7.5E-1));
#1090=LINE('',#1089,#1088);
#1091=DIRECTION('',(9.998285763251E-1,-1.851534400601E-2,3.552483604399E-14));
#1092=VECTOR('',#1091,1.812617385441E-1);
#1093=CARTESIAN_POINT('',(2.651653865841E1,-1.823679606985E1,7.5E-1));
#1094=LINE('',#1093,#1092);
#1095=CARTESIAN_POINT('',(2.649802331441E1,-1.923662464618E1,7.5E-1));
#1096=DIRECTION('',(0.E0,0.E0,-1.E0));
#1097=DIRECTION('',(-6.938932410409E-1,7.200778916463E-1,0.E0));
#1098=AXIS2_PLACEMENT_3D('',#1095,#1096,#1097);
#1100=CARTESIAN_POINT('',(2.649802331441E1,-1.923662464618E1,7.5E-1));
#1101=DIRECTION('',(0.E0,0.E0,-1.E0));
#1102=DIRECTION('',(-9.998285763251E-1,1.851534400604E-2,0.E0));
#1103=AXIS2_PLACEMENT_3D('',#1100,#1101,#1102);
#1105=CARTESIAN_POINT('',(2.651653865841E1,-1.823679606985E1,1.596951870939E0));
#1106=CARTESIAN_POINT('',(2.657694888045E1,-1.823791477767E1,1.596829703694E0));
#1107=CARTESIAN_POINT('',(2.663735910244E1,-1.823903348548E1,1.596707519155E0));
#1108=CARTESIAN_POINT('',(2.669776932440E1,-1.824015219330E1,1.596585317323E0));
#1110=DIRECTION('',(0.E0,0.E0,-1.E0));
#1111=VECTOR('',#1110,8.465853173232E-1);
#1112=CARTESIAN_POINT('',(2.669776932440E1,-1.824015219330E1,1.596585317323E0));
#1113=LINE('',#1112,#1111);
#1114=CARTESIAN_POINT('',(2.549819473808E1,-1.921810930217E1,1.485348694373E0));
#1115=CARTESIAN_POINT('',(2.549979439583E1,-1.913172778403E1,1.495563956490E0));
#1116=CARTESIAN_POINT('',(2.552510297125E1,-1.895850077319E1,1.515840985387E0));
#1117=CARTESIAN_POINT('',(2.563400658668E1,-1.871013464715E1,1.544309422323E0));
#1118=CARTESIAN_POINT('',(2.579822218031E1,-1.850694396585E1,1.567163170168E0));
#1119=CARTESIAN_POINT('',(2.600828746843E1,-1.835137004281E1,1.584404242210E0));
#1120=CARTESIAN_POINT('',(2.625853016926E1,-1.825373273498E1,1.595106072998E0));
#1121=CARTESIAN_POINT('',(2.643106592339E1,-1.823521324143E1,1.597124721960E0));
#1122=CARTESIAN_POINT('',(2.651653865841E1,-1.823679606985E1,1.596951870939E0));
#1124=DIRECTION('',(0.E0,3.381932400491E-14,1.E0));
#1125=VECTOR('',#1124,7.353486943735E-1);
#1126=CARTESIAN_POINT('',(2.549819473808E1,-1.921810930217E1,7.5E-1));
#1127=LINE('',#1126,#1125);
#1128=DIRECTION('',(-4.614176059790E-14,0.E0,-1.E0));
#1129=VECTOR('',#1128,8.469518709390E-1);
#1130=CARTESIAN_POINT('',(2.651653865841E1,-1.823679606985E1,1.596951870939E0));
#1131=LINE('',#1130,#1129);
#1132=DIRECTION('',(1.657933050107E-14,0.E0,1.E0));
#1133=VECTOR('',#1132,1.5E0);
#1134=CARTESIAN_POINT('',(2.446096163057E1,-2.210297844557E1,-7.5E-1));
#1135=LINE('',#1134,#1133);
#1136=DIRECTION('',(0.E0,-1.421085471520E-14,-1.E0));
#1137=VECTOR('',#1136,1.5E0);
#1138=CARTESIAN_POINT('',(2.546628466841E1,-2.094125306447E1,7.5E-1));
#1139=LINE('',#1138,#1137);
#1140=DIRECTION('',(1.314504061156E-13,0.E0,1.E0));
#1141=VECTOR('',#1140,1.5E0);
#1142=CARTESIAN_POINT('',(1.357276932441E1,-2.294096928115E1,-7.5E-1));
#1143=LINE('',#1142,#1141);
#1144=DIRECTION('',(-1.309767109584E-12,0.E0,1.E0));
#1145=VECTOR('',#1144,1.5E0);
#1146=CARTESIAN_POINT('',(1.332276932441E1,-2.294096928115E1,-7.5E-1));
#1147=LINE('',#1146,#1145);
#1148=CARTESIAN_POINT('',(1.344776932440E1,4.659016835921E1,-7.5E-1));
#1149=DIRECTION('',(0.E0,0.E0,-1.E0));
#1150=DIRECTION('',(1.797752809111E-3,-9.999983840411E-1,0.E0));
#1151=AXIS2_PLACEMENT_3D('',#1148,#1149,#1150);
#1153=CARTESIAN_POINT('',(1.319776932440E1,4.659016835921E1,-7.5E-1));
#1154=DIRECTION('',(0.E0,0.E0,-1.E0));
#1155=DIRECTION('',(1.797752809103E-3,-9.999983840411E-1,0.E0));
#1156=AXIS2_PLACEMENT_3D('',#1153,#1154,#1155);
#1158=CARTESIAN_POINT('',(1.294776932440E1,4.659016835921E1,-7.5E-1));
#1159=DIRECTION('',(0.E0,0.E0,-1.E0));
#1160=DIRECTION('',(1.797752808875E-3,-9.999983840411E-1,0.E0));
#1161=AXIS2_PLACEMENT_3D('',#1158,#1159,#1160);
#1163=DIRECTION('',(0.E0,0.E0,-1.E0));
#1164=VECTOR('',#1163,1.5E0);
#1165=CARTESIAN_POINT('',(1.307276932440E1,-2.294096928115E1,7.5E-1));
#1166=LINE('',#1165,#1164);
#1167=DIRECTION('',(-1.290819303298E-13,0.E0,-1.E0));
#1168=VECTOR('',#1167,1.5E0);
#1169=CARTESIAN_POINT('',(1.282276932440E1,-2.294096928115E1,7.5E-1));
#1170=LINE('',#1169,#1168);
#1171=DIRECTION('',(-9.999996726925E-1,-8.090827446326E-4,-2.352558519044E-13));
#1172=VECTOR('',#1171,2.029262595273E-2);
#1173=CARTESIAN_POINT('',(2.566380363011E1,-1.027522913247E1,7.5E-1));
#1174=LINE('',#1173,#1172);
#1175=DIRECTION('',(9.999996726925E-1,8.090827446329E-4,2.297847855811E-13));
#1176=VECTOR('',#1175,2.029262595273E-2);
#1177=CARTESIAN_POINT('',(2.564351101080E1,-1.027524555089E1,-7.5E-1));
#1178=LINE('',#1177,#1176);
#1179=CARTESIAN_POINT('',(2.670172066909E1,-7.236967493529E0,7.5E-1));
#1180=DIRECTION('',(0.E0,0.E0,-1.E0));
#1181=DIRECTION('',(-1.851534400609E-2,-9.998285763251E-1,0.E0));
#1182=AXIS2_PLACEMENT_3D('',#1179,#1180,#1181);
#1184=DIRECTION('',(0.E0,1.E0,0.E0));
#1185=VECTOR('',#1184,4.001028806584E0);
#1186=CARTESIAN_POINT('',(2.669776932440E1,-1.223809458013E1,7.5E-1));
#1187=LINE('',#1186,#1185);
#1188=DIRECTION('',(9.998285763251E-1,-1.851534400602E-2,5.857311872096E-14));
#1189=VECTOR('',#1188,7.013157709226E-2);
#1190=CARTESIAN_POINT('',(2.662764976952E1,-1.223679606985E1,7.5E-1));
#1191=LINE('',#1190,#1189);
#1192=CARTESIAN_POINT('',(2.660913442552E1,-1.323662464618E1,7.5E-1));
#1193=DIRECTION('',(0.E0,0.E0,-1.E0));
#1194=DIRECTION('',(-6.938932410409E-1,7.200778916463E-1,0.E0));
#1195=AXIS2_PLACEMENT_3D('',#1192,#1193,#1194);
#1197=CARTESIAN_POINT('',(2.660913442552E1,-1.323662464618E1,7.5E-1));
#1198=DIRECTION('',(0.E0,0.E0,-1.E0));
#1199=DIRECTION('',(-9.998285763251E-1,1.851534400607E-2,0.E0));
#1200=AXIS2_PLACEMENT_3D('',#1197,#1198,#1199);
#1202=DIRECTION('',(-1.851534400602E-2,-9.998285763251E-1,0.E0));
#1203=VECTOR('',#1202,2.943384735527E0);
#1204=CARTESIAN_POINT('',(2.566380363011E1,-1.027522913247E1,7.5E-1));
#1205=LINE('',#1204,#1203);
#1206=DIRECTION('',(-1.909531641301E-2,-9.998176678230E-1,0.E0));
#1207=VECTOR('',#1206,3.057350854801E0);
#1208=CARTESIAN_POINT('',(2.570189209276E1,-7.218452149523E0,7.5E-1));
#1209=LINE('',#1208,#1207);
#1210=DIRECTION('',(0.E0,0.E0,1.E0));
#1211=VECTOR('',#1210,1.5E0);
#1212=CARTESIAN_POINT('',(2.564351101080E1,-1.027524555089E1,-7.5E-1));
#1213=LINE('',#1212,#1211);
#1214=DIRECTION('',(1.876484049533E-2,9.998239248794E-1,0.E0));
#1215=VECTOR('',#1214,7.107052151415E0);
#1216=CARTESIAN_POINT('',(2.564351101080E1,-1.027524555089E1,-7.5E-1));
#1217=LINE('',#1216,#1215);
#1218=DIRECTION('',(0.E0,0.E0,-1.E0));
#1219=VECTOR('',#1218,1.5E0);
#1220=CARTESIAN_POINT('',(2.577687371082E1,-3.169444774537E0,7.5E-1));
#1221=LINE('',#1220,#1219);
#1222=CARTESIAN_POINT('',(2.572043252792E1,-6.217268650877E0,2.249997434124E0));
#1223=CARTESIAN_POINT('',(2.571425226210E1,-6.551003005095E0,2.250069354604E0));
#1224=CARTESIAN_POINT('',(2.570807211705E1,-6.884730837977E0,2.248629377646E0));
#1225=CARTESIAN_POINT('',(2.570189209276E1,-7.218452149523E0,2.245677503189E0));
#1227=DIRECTION('',(-1.E0,0.E0,0.E0));
#1228=VECTOR('',#1227,2.298192396135E-2);
#1229=CARTESIAN_POINT('',(2.577687371082E1,-3.169444774537E0,7.5E-1));
#1230=LINE('',#1229,#1228);
#1231=DIRECTION('',(1.E0,0.E0,0.E0));
#1232=VECTOR('',#1231,2.298192396135E-2);
#1233=CARTESIAN_POINT('',(2.575389178686E1,-3.169444774537E0,-7.5E-1));
#1234=LINE('',#1233,#1232);
#1235=DIRECTION('',(-1.901407442332E-2,-9.998192161455E-1,0.E0));
#1236=VECTOR('',#1235,2.562167113821E0);
#1237=CARTESIAN_POINT('',(2.580260902304E1,-6.077408591635E-1,7.5E-1));
#1238=LINE('',#1237,#1236);
#1239=CARTESIAN_POINT('',(2.672962670083E1,-2.355157354093E-1,7.5E-1));
#1240=DIRECTION('',(0.E0,0.E0,-1.E0));
#1241=DIRECTION('',(-3.185737642143E-2,-9.994924249676E-1,0.E0));
#1242=AXIS2_PLACEMENT_3D('',#1239,#1240,#1241);
#1244=DIRECTION('',(0.E0,1.E0,0.E0));
#1245=VECTOR('',#1244,4.001028806584E0);
#1246=CARTESIAN_POINT('',(2.669776932440E1,-5.236036966961E0,7.5E-1));
#1247=LINE('',#1246,#1245);
#1248=CARTESIAN_POINT('',(2.672026110425E1,-6.235783994883E0,7.5E-1));
#1249=DIRECTION('',(0.E0,0.E0,-1.E0));
#1250=DIRECTION('',(-9.998285763251E-1,1.851534400602E-2,0.E0));
#1251=AXIS2_PLACEMENT_3D('',#1248,#1249,#1250);
#1253=DIRECTION('',(-1.851534400602E-2,-9.998285763251E-1,0.E0));
#1254=VECTOR('',#1253,3.048346435088E0);
#1255=CARTESIAN_POINT('',(2.577687371082E1,-3.169444774537E0,7.5E-1));
#1256=LINE('',#1255,#1254);
#1257=DIRECTION('',(0.E0,0.E0,1.E0));
#1258=VECTOR('',#1257,1.5E0);
#1259=CARTESIAN_POINT('',(2.575389178686E1,-3.169444774537E0,-7.5E-1));
#1260=LINE('',#1259,#1258);
#1261=CARTESIAN_POINT('',(2.583174357733E1,7.935280170442E-1,2.025855321833E0));
#1262=CARTESIAN_POINT('',(2.582742139554E1,5.601302003702E-1,2.040744007398E0));
#1263=CARTESIAN_POINT('',(2.581949698055E1,9.465570857034E-2,2.068959778633E0));
#1264=CARTESIAN_POINT('',(2.580868321601E1,-3.766193292268E-1,
2.094527200513E0));
#1265=CARTESIAN_POINT('',(2.580435783538E1,-6.101898830689E-1,
2.106436376832E0));
#1267=DIRECTION('',(1.289266541488E-3,-1.805479357707E-3,9.999975390150E-1));
#1268=VECTOR('',#1267,1.356439715010E0);
#1269=CARTESIAN_POINT('',(2.580260902304E1,-6.077408591635E-1,7.5E-1));
#1270=LINE('',#1269,#1268);
#1271=DIRECTION('',(-6.404770147034E-4,-2.623615336192E-4,9.999997604778E-1));
#1272=VECTOR('',#1271,1.500000359283E0);
#1273=CARTESIAN_POINT('',(2.580356973879E1,-6.073473167688E-1,-7.5E-1));
#1274=LINE('',#1273,#1272);
#1275=DIRECTION('',(0.E0,0.E0,-1.E0));
#1276=VECTOR('',#1275,1.5E0);
#1277=CARTESIAN_POINT('',(2.587575342122E1,3.170059587511E0,7.5E-1));
#1278=LINE('',#1277,#1276);
#1279=CARTESIAN_POINT('',(2.669776932440E1,-1.235008160377E0,2.136544598102E0));
#1280=CARTESIAN_POINT('',(2.662141508781E1,-1.232574479445E0,2.136434229708E0));
#1281=CARTESIAN_POINT('',(2.646902221387E1,-1.210412559808E0,2.135431723478E0));
#1282=CARTESIAN_POINT('',(2.625009987569E1,-1.123063401899E0,2.131428179524E0));
#1283=CARTESIAN_POINT('',(2.606357299827E1,-9.931651594392E-1,
2.125347192308E0));
#1284=CARTESIAN_POINT('',(2.590354071113E1,-8.163112067553E-1,
2.116817383485E0));
#1285=CARTESIAN_POINT('',(2.583314250175E1,-6.817008797140E-1,
2.110082543071E0));
#1286=CARTESIAN_POINT('',(2.580435783538E1,-6.101898830689E-1,
2.106436376832E0));
#1288=DIRECTION('',(0.E0,0.E0,1.E0));
#1289=VECTOR('',#1288,1.386544598102E0);
#1290=CARTESIAN_POINT('',(2.669776932440E1,-1.235008160377E0,7.5E-1));
#1291=LINE('',#1290,#1289);
#1292=DIRECTION('',(-9.999996160875E-1,8.762561776131E-4,-2.822027239452E-13));
#1293=VECTOR('',#1292,1.691677152916E-2);
#1294=CARTESIAN_POINT('',(2.587575342122E1,3.170059587511E0,7.5E-1));
#1295=LINE('',#1294,#1293);
#1296=DIRECTION('',(9.999996160875E-1,-8.762561776127E-4,2.756398698999E-13));
#1297=VECTOR('',#1296,1.691677152917E-2);
#1298=CARTESIAN_POINT('',(2.585883665619E1,3.170074410937E0,-7.5E-1));
#1299=LINE('',#1298,#1297);
#1300=CARTESIAN_POINT('',(2.583174357733E1,7.935280170442E-1,2.025855321833E0));
#1301=CARTESIAN_POINT('',(2.583308244229E1,8.658267247907E-1,2.021243313282E0));
#1302=CARTESIAN_POINT('',(2.585148138600E1,1.003551442550E0,2.012312401521E0));
#1303=CARTESIAN_POINT('',(2.591133636350E1,1.179624722219E0,2.000587044641E0));
#1304=CARTESIAN_POINT('',(2.599474765797E1,1.330847537536E0,1.990293666746E0));
#1305=CARTESIAN_POINT('',(2.609661617319E1,1.459929449954E0,1.981344903469E0));
#1306=CARTESIAN_POINT('',(2.622340670368E1,1.575045751094E0,1.973236371920E0));
#1307=CARTESIAN_POINT('',(2.636916956174E1,1.667300927768E0,1.966648305587E0));
#1308=CARTESIAN_POINT('',(2.652994923863E1,1.733651520105E0,1.961861886018E0));
#1309=CARTESIAN_POINT('',(2.664153522317E1,1.758428091911E0,1.960062616748E0));
#1310=CARTESIAN_POINT('',(2.669776932440E1,1.766020646208E0,1.959510991409E0));
#1312=DIRECTION('',(0.E0,0.E0,1.E0));
#1313=VECTOR('',#1312,1.275855321833E0);
#1314=CARTESIAN_POINT('',(2.583174357733E1,7.935280170442E-1,7.5E-1));
#1315=LINE('',#1314,#1313);
#1316=DIRECTION('',(0.E0,0.E0,-1.E0));
#1317=VECTOR('',#1316,1.209510991409E0);
#1318=CARTESIAN_POINT('',(2.669776932440E1,1.766020646208E0,1.959510991409E0));
#1319=LINE('',#1318,#1317);
#1320=CARTESIAN_POINT('',(2.572043252792E1,-6.217268650877E0,2.249997434124E0));
#1321=CARTESIAN_POINT('',(2.572198376494E1,-6.133501851878E0,2.249979382197E0));
#1322=CARTESIAN_POINT('',(2.574590565595E1,-5.965354807898E0,2.249751291808E0));
#1323=CARTESIAN_POINT('',(2.584864482113E1,-5.723268747237E0,2.248862578140E0));
#1324=CARTESIAN_POINT('',(2.600455156227E1,-5.522541176878E0,2.247711324610E0));
#1325=CARTESIAN_POINT('',(2.620474443298E1,-5.365972950079E0,2.246560457025E0));
#1326=CARTESIAN_POINT('',(2.644592215753E1,-5.262557782288E0,2.245673987718E0));
#1327=CARTESIAN_POINT('',(2.661397070710E1,-5.237922223930E0,2.245446398206E0));
#1328=CARTESIAN_POINT('',(2.669776932440E1,-5.236036966961E0,2.245429250280E0));
#1330=DIRECTION('',(0.E0,0.E0,1.E0));
#1331=VECTOR('',#1330,1.499997434124E0);
#1332=CARTESIAN_POINT('',(2.572043252792E1,-6.217268650877E0,7.5E-1));
#1333=LINE('',#1332,#1331);
#1334=DIRECTION('',(0.E0,0.E0,-1.E0));
#1335=VECTOR('',#1334,1.495429250280E0);
#1336=CARTESIAN_POINT('',(2.669776932440E1,-5.236036966961E0,2.245429250280E0));
#1337=LINE('',#1336,#1335);
#1338=CARTESIAN_POINT('',(2.668320532508E1,-8.236796069854E0,2.231976466379E0));
#1339=CARTESIAN_POINT('',(2.659710945802E1,-8.235201701946E0,2.232005266580E0));
#1340=CARTESIAN_POINT('',(2.642429800139E1,-8.210008688596E0,2.232464341291E0));
#1341=CARTESIAN_POINT('',(2.617657883544E1,-8.101767540048E0,2.234361275822E0));
#1342=CARTESIAN_POINT('',(2.597303791164E1,-7.937813328090E0,2.237024745757E0));
#1343=CARTESIAN_POINT('',(2.581715206708E1,-7.728015529599E0,2.240077422956E0));
#1344=CARTESIAN_POINT('',(2.571889537135E1,-7.477060163879E0,2.243189050768E0));
#1345=CARTESIAN_POINT('',(2.570030542800E1,-7.304132046547E0,2.244919636397E0));
#1346=CARTESIAN_POINT('',(2.570189209276E1,-7.218452149523E0,2.245677503189E0));
#1348=DIRECTION('',(1.678096536334E-14,0.E0,1.E0));
#1349=VECTOR('',#1348,1.481976466379E0);
#1350=CARTESIAN_POINT('',(2.668320532508E1,-8.236796069854E0,7.5E-1));
#1351=LINE('',#1350,#1349);
#1352=DIRECTION('',(0.E0,-1.247043348178E-14,-1.E0));
#1353=VECTOR('',#1352,1.495677503189E0);
#1354=CARTESIAN_POINT('',(2.570189209276E1,-7.218452149523E0,2.245677503189E0));
#1355=LINE('',#1354,#1353);
#1356=CARTESIAN_POINT('',(2.668320532508E1,-8.236796069854E0,2.231976466379E0));
#1357=CARTESIAN_POINT('',(2.668805999152E1,-8.236885971085E0,2.231974842430E0));
#1358=CARTESIAN_POINT('',(2.669291465796E1,-8.236975872315E0,2.231973218370E0));
#1359=CARTESIAN_POINT('',(2.669776932440E1,-8.237065773545E0,2.231971594201E0));
#1361=DIRECTION('',(0.E0,0.E0,1.E0));
#1362=VECTOR('',#1361,1.481971594201E0);
#1363=CARTESIAN_POINT('',(2.669776932440E1,-8.237065773545E0,7.5E-1));
#1364=LINE('',#1363,#1362);
#1365=DIRECTION('',(9.998285763251E-1,-1.851534400614E-2,-1.829221792307E-13));
#1366=VECTOR('',#1365,1.456649636641E-2);
#1367=CARTESIAN_POINT('',(2.668320532508E1,-8.236796069854E0,7.5E-1));
#1368=LINE('',#1367,#1366);
#1369=CARTESIAN_POINT('',(2.662764976952E1,-1.223679606985E1,2.087216787832E0));
#1370=CARTESIAN_POINT('',(2.665102295449E1,-1.223722890661E1,2.087193267522E0));
#1371=CARTESIAN_POINT('',(2.667439613945E1,-1.223766174337E1,2.087169744657E0));
#1372=CARTESIAN_POINT('',(2.669776932440E1,-1.223809458013E1,2.087146219238E0));
#1374=DIRECTION('',(0.E0,0.E0,-1.E0));
#1375=VECTOR('',#1374,1.337146219238E0);
#1376=CARTESIAN_POINT('',(2.669776932440E1,-1.223809458013E1,2.087146219238E0));
#1377=LINE('',#1376,#1375);
#1378=CARTESIAN_POINT('',(2.560930584919E1,-1.321810930217E1,2.029513442037E0));
#1379=CARTESIAN_POINT('',(2.561090100178E1,-1.313197106274E1,2.034963129476E0));
#1380=CARTESIAN_POINT('',(2.563608828007E1,-1.295905923896E1,2.045698495807E0));
#1381=CARTESIAN_POINT('',(2.574470027318E1,-1.271082611355E1,2.060515895945E0));
#1382=CARTESIAN_POINT('',(2.590880834691E1,-1.250744493379E1,2.072224966944E0));
#1383=CARTESIAN_POINT('',(2.611872232037E1,-1.235173952532E1,2.080935226071E0));
#1384=CARTESIAN_POINT('',(2.636911902613E1,-1.225382557342E1,2.086295146518E0));
#1385=CARTESIAN_POINT('',(2.654197498732E1,-1.223520949981E1,2.087303001906E0));
#1386=CARTESIAN_POINT('',(2.662764976952E1,-1.223679606985E1,2.087216787832E0));
#1388=DIRECTION('',(0.E0,0.E0,1.E0));
#1389=VECTOR('',#1388,1.279513442037E0);
#1390=CARTESIAN_POINT('',(2.560930584919E1,-1.321810930217E1,7.5E-1));
#1391=LINE('',#1390,#1389);
#1392=DIRECTION('',(0.E0,0.E0,-1.E0));
#1393=VECTOR('',#1392,1.337216787832E0);
#1394=CARTESIAN_POINT('',(2.662764976952E1,-1.223679606985E1,2.087216787832E0));
#1395=LINE('',#1394,#1393);
#1396=CARTESIAN_POINT('',(2.590608211365E1,5.807808978653E0,1.591131798797E0));
#1397=CARTESIAN_POINT('',(2.590734225919E1,5.875856837500E0,1.583667370903E0));
#1398=CARTESIAN_POINT('',(2.592378328733E1,6.005601818966E0,1.569305012138E0));
#1399=CARTESIAN_POINT('',(2.597719651057E1,6.172549166841E0,1.550545824771E0));
#1400=CARTESIAN_POINT('',(2.605203954430E1,6.317682754770E0,1.534031327083E0));
#1401=CARTESIAN_POINT('',(2.614418417370E1,6.443596829515E0,1.519548541123E0));
#1402=CARTESIAN_POINT('',(2.625930257259E1,6.557933255063E0,1.506270852723E0));
#1403=CARTESIAN_POINT('',(2.639262997446E1,6.652738941860E0,1.495167259992E0));
#1404=CARTESIAN_POINT('',(2.654091469492E1,6.725113626185E0,1.486634535980E0));
#1405=CARTESIAN_POINT('',(2.664498576787E1,6.756159942215E0,1.482956941723E0));
#1406=CARTESIAN_POINT('',(2.669776932440E1,6.767392388320E0,1.481625356749E0));
#1408=DIRECTION('',(0.E0,0.E0,1.E0));
#1409=VECTOR('',#1408,8.411317987968E-1);
#1410=CARTESIAN_POINT('',(2.590608211365E1,5.807808978653E0,7.5E-1));
#1411=LINE('',#1410,#1409);
#1412=DIRECTION('',(0.E0,0.E0,-1.E0));
#1413=VECTOR('',#1412,7.316253567490E-1);
#1414=CARTESIAN_POINT('',(2.669776932440E1,6.767392388320E0,1.481625356749E0));
#1415=LINE('',#1414,#1413);
#1416=DIRECTION('',(0.E0,0.E0,1.E0));
#1417=VECTOR('',#1416,1.5E0);
#1418=CARTESIAN_POINT('',(3.499776932440E1,1.505891835921E1,1.575E1));
#1419=LINE('',#1418,#1417);
#1420=CARTESIAN_POINT('',(-3.022306755955E-1,-2.074118099988E1,
1.294498349194E0));
#1421=CARTESIAN_POINT('',(-2.386830572512E-1,-2.074235780763E1,
1.294342578438E0));
#1422=CARTESIAN_POINT('',(-1.751354389541E-1,-2.074353461538E1,
1.294186788387E0));
#1423=CARTESIAN_POINT('',(-1.115878207044E-1,-2.074471142312E1,
1.294030979041E0));
#1425=CARTESIAN_POINT('',(9.067560996266E-1,-1.972636750279E1,
1.424049187673E0));
#1426=CARTESIAN_POINT('',(9.083885208494E-1,-1.981451824882E1,
1.413210361005E0));
#1427=CARTESIAN_POINT('',(8.886488632987E-1,-1.999224196764E1,
1.391140317983E0));
#1428=CARTESIAN_POINT('',(7.846948608834E-1,-2.024923568816E1,
1.358579846421E0));
#1429=CARTESIAN_POINT('',(6.211267500276E-1,-2.046126247475E1,
1.331240368257E0));
#1430=CARTESIAN_POINT('',(4.083964609517E-1,-2.062424941117E1,
1.309940256855E0));
#1431=CARTESIAN_POINT('',(1.524365593934E-1,-2.072690807357E1,
1.296392347536E0));
#1432=CARTESIAN_POINT('',(-2.417208115413E-2,-2.074633023311E1,
1.293816648597E0));
#1433=CARTESIAN_POINT('',(-1.115878207046E-1,-2.074471142312E1,
1.294030979041E0));
#1435=DIRECTION('',(0.E0,-3.689492726406E-14,1.E0));
#1436=VECTOR('',#1435,6.740491876733E-1);
#1437=CARTESIAN_POINT('',(9.067560996266E-1,-1.972636750279E1,7.5E-1));
#1438=LINE('',#1437,#1436);
#1439=DIRECTION('',(-1.405556186448E-14,1.306070358369E-14,-1.E0));
#1440=VECTOR('',#1439,5.440309790411E-1);
#1441=CARTESIAN_POINT('',(-1.115878207046E-1,-2.074471142312E1,
1.294030979041E0));
#1442=LINE('',#1441,#1440);
#1443=CARTESIAN_POINT('',(-9.309471026523E-2,-1.774402508155E1,
1.649646460754E0));
#1444=CARTESIAN_POINT('',(-9.329989753486E-3,-1.774557628007E1,
1.649484100369E0));
#1445=CARTESIAN_POINT('',(1.588558447840E-1,-1.776952487733E1,
1.646981038500E0));
#1446=CARTESIAN_POINT('',(4.008219781700E-1,-1.787215585813E1,
1.636185762427E0));
#1447=CARTESIAN_POINT('',(6.021439059500E-1,-1.802856951871E1,
1.619539697851E0));
#1448=CARTESIAN_POINT('',(7.589435035982E-1,-1.822941313861E1,
1.597835307629E0));
#1449=CARTESIAN_POINT('',(8.624895532902E-1,-1.847216688891E1,
1.571091012490E0));
#1450=CARTESIAN_POINT('',(8.866583592733E-1,-1.864108952371E1,
1.552081010032E0));
#1451=CARTESIAN_POINT('',(8.882185220539E-1,-1.872533831386E1,
1.542501270901E0));
#1453=DIRECTION('',(0.E0,0.E0,1.E0));
#1454=VECTOR('',#1453,8.996464607545E-1);
#1455=CARTESIAN_POINT('',(-9.309471026522E-2,-1.774402508155E1,7.5E-1));
#1456=LINE('',#1455,#1454);
#1457=DIRECTION('',(0.E0,-3.586329823558E-14,-1.E0));
#1458=VECTOR('',#1457,7.925012709012E-1);
#1459=CARTESIAN_POINT('',(8.882185220539E-1,-1.872533831386E1,
1.542501270901E0));
#1460=LINE('',#1459,#1458);
#1461=CARTESIAN_POINT('',(-3.022306755953E-1,-1.774015219330E1,
1.650051758079E0));
#1462=CARTESIAN_POINT('',(-2.325186871074E-1,-1.774144315605E1,
1.649916681967E0));
#1463=CARTESIAN_POINT('',(-1.628066986642E-1,-1.774273411880E1,
1.649781582859E0));
#1464=CARTESIAN_POINT('',(-9.309471026540E-2,-1.774402508155E1,
1.649646460754E0));
#1466=DIRECTION('',(-9.998285763251E-1,1.851534400601E-2,3.078470833696E-14));
#1467=VECTOR('',#1466,2.091718223328E-1);
#1468=CARTESIAN_POINT('',(-9.309471026522E-2,-1.774402508155E1,7.5E-1));
#1469=LINE('',#1468,#1467);
#1470=DIRECTION('',(-1.851534400602E-2,9.998285763251E-1,0.E0));
#1471=VECTOR('',#1470,5.003945243835E0);
#1472=CARTESIAN_POINT('',(8.882185220539E-1,-1.872533831386E1,7.5E-1));
#1473=LINE('',#1472,#1471);
#1474=CARTESIAN_POINT('',(-1.116100542712E-1,-1.874385365787E1,7.5E-1));
#1475=DIRECTION('',(0.E0,0.E0,-1.E0));
#1476=DIRECTION('',(7.071067811865E-1,7.071067811865E-1,0.E0));
#1477=AXIS2_PLACEMENT_3D('',#1474,#1475,#1476);
#1479=CARTESIAN_POINT('',(-1.116100542712E-1,-1.874385365787E1,7.5E-1));
#1480=DIRECTION('',(0.E0,0.E0,-1.E0));
#1481=DIRECTION('',(1.851534400602E-2,9.998285763251E-1,0.E0));
#1482=AXIS2_PLACEMENT_3D('',#1479,#1480,#1481);
#1484=DIRECTION('',(-9.998285763251E-1,1.851534400606E-2,2.766157772139E-13));
#1485=VECTOR('',#1484,7.946913263223E-2);
#1486=CARTESIAN_POINT('',(-2.227751658541E-1,-1.474059478504E1,7.5E-1));
#1487=LINE('',#1486,#1485);
#1488=CARTESIAN_POINT('',(-2.042598218481E-1,-1.374076620872E1,
7.499999999999E-1));
#1489=DIRECTION('',(0.E0,0.E0,-1.E0));
#1490=DIRECTION('',(7.071067811865E-1,-7.071067811865E-1,0.E0));
#1491=AXIS2_PLACEMENT_3D('',#1488,#1489,#1490);
#1493=CARTESIAN_POINT('',(-2.042598218481E-1,-1.374076620872E1,
7.499999999999E-1));
#1494=DIRECTION('',(0.E0,0.E0,-1.E0));
#1495=DIRECTION('',(9.998285763251E-1,1.851534400602E-2,0.E0));
#1496=AXIS2_PLACEMENT_3D('',#1493,#1494,#1495);
#1498=CARTESIAN_POINT('',(-3.022306755955E-1,-1.473912338671E1,
1.922742938009E0));
#1499=CARTESIAN_POINT('',(-2.757455056769E-1,-1.473961385282E1,
1.922705106497E0));
#1500=CARTESIAN_POINT('',(-2.492603357629E-1,-1.474010431893E1,
1.922667271690E0));
#1501=CARTESIAN_POINT('',(-2.227751658536E-1,-1.474059478504E1,
1.922629433588E0));
#1503=CARTESIAN_POINT('',(7.955687544770E-1,-1.372225086471E1,
1.996460746108E0));
#1504=CARTESIAN_POINT('',(7.971961040936E-1,-1.381012774401E1,
1.990497545108E0));
#1505=CARTESIAN_POINT('',(7.775800813616E-1,-1.398748847998E1,
1.978249188948E0));
#1506=CARTESIAN_POINT('',(6.739814264560E-1,-1.424427852255E1,
1.959880653831E0));
#1507=CARTESIAN_POINT('',(5.105756188254E-1,-1.445651069219E1,
1.944230361239E0));
#1508=CARTESIAN_POINT('',(2.980655979189E-1,-1.461964714604E1,
1.931920555348E0));
#1509=CARTESIAN_POINT('',(4.194231805131E-2,-1.472266253147E1,
1.924017043207E0));
#1510=CARTESIAN_POINT('',(-1.350888674292E-1,-1.474221860538E1,
1.922504160347E0));
#1511=CARTESIAN_POINT('',(-2.227751658541E-1,-1.474059478504E1,
1.922629433588E0));
#1513=DIRECTION('',(0.E0,1.425120562318E-14,1.E0));
#1514=VECTOR('',#1513,1.246460746108E0);
#1515=CARTESIAN_POINT('',(7.955687544770E-1,-1.372225086471E1,7.5E-1));
#1516=LINE('',#1515,#1514);
#1517=DIRECTION('',(-1.858057305589E-14,0.E0,-1.E0));
#1518=VECTOR('',#1517,1.172629433588E0);
#1519=CARTESIAN_POINT('',(-2.227751658541E-1,-1.474059478504E1,
1.922629433588E0));
#1520=LINE('',#1519,#1518);
#1521=CARTESIAN_POINT('',(6.843907319452E-1,-6.718637647997E0,
2.248968050656E0));
#1522=CARTESIAN_POINT('',(6.859833845186E-1,-6.804640886960E0,
2.248596360639E0));
#1523=CARTESIAN_POINT('',(6.672121534954E-1,-6.978236806581E0,
2.247643411121E0));
#1524=CARTESIAN_POINT('',(5.683618750210E-1,-7.229823381047E0,
2.245659173308E0));
#1525=CARTESIAN_POINT('',(4.110034570493E-1,-7.440421161430E0,
2.243543420871E0));
#1526=CARTESIAN_POINT('',(2.067164521380E-1,-7.603828570806E0,
2.241624537303E0));
#1527=CARTESIAN_POINT('',(-4.263504638948E-2,-7.711607905942E0,
2.240221827055E0));
#1528=CARTESIAN_POINT('',(-2.159663345378E-1,-7.735926366456E0,
2.239888408599E0));
#1529=CARTESIAN_POINT('',(-3.022306755956E-1,-7.737065773546E0,
2.239872981530E0));
#1531=DIRECTION('',(0.E0,0.E0,1.E0));
#1532=VECTOR('',#1531,1.498968050656E0);
#1533=CARTESIAN_POINT('',(6.843907319452E-1,-6.718637647997E0,7.5E-1));
#1534=LINE('',#1533,#1532);
#1535=DIRECTION('',(0.E0,0.E0,-1.E0));
#1536=VECTOR('',#1535,1.489872981530E0);
#1537=CARTESIAN_POINT('',(-3.022306755956E-1,-7.737065773546E0,
2.239872981530E0));
#1538=LINE('',#1537,#1536);
#1539=CARTESIAN_POINT('',(-3.022306755956E-1,-4.736036966961E0,
2.239749934235E0));
#1540=CARTESIAN_POINT('',(-2.189305649396E-1,-4.738683554567E0,
2.239785984933E0));
#1541=CARTESIAN_POINT('',(-5.207275514822E-2,-4.764561888481E0,
2.240141958325E0));
#1542=CARTESIAN_POINT('',(1.873939342648E-1,-4.869396850747E0,
2.241511931332E0));
#1543=CARTESIAN_POINT('',(3.849385074299E-1,-5.025720075379E0,
2.243363575927E0));
#1544=CARTESIAN_POINT('',(5.394108931400E-1,-5.226298162406E0,
2.245415488455E0));
#1545=CARTESIAN_POINT('',(6.406238470074E-1,-5.466699664020E0,
2.247380443174E0));
#1546=CARTESIAN_POINT('',(6.643007940474E-1,-5.633781001513E0,
2.248362496320E0));
#1547=CARTESIAN_POINT('',(6.658422066809E-1,-5.717017283724E0,
2.248757262467E0));
#1549=DIRECTION('',(0.E0,0.E0,1.E0));
#1550=VECTOR('',#1549,1.489749934235E0);
#1551=CARTESIAN_POINT('',(-3.022306755956E-1,-4.736036966961E0,7.5E-1));
#1552=LINE('',#1551,#1550);
#1553=DIRECTION('',(0.E0,0.E0,-1.E0));
#1554=VECTOR('',#1553,1.498757262467E0);
#1555=CARTESIAN_POINT('',(6.658422066809E-1,-5.717017283724E0,
2.248757262467E0));
#1556=LINE('',#1555,#1554);
#1557=DIRECTION('',(-9.999996160875E-1,-8.762561776130E-4,2.822027239452E-13));
#1558=VECTOR('',#1557,1.691677152916E-2);
#1559=CARTESIAN_POINT('',(5.367019926186E-1,3.170074410937E0,7.5E-1));
#1560=LINE('',#1559,#1558);
#1561=DIRECTION('',(9.999996160875E-1,8.762561776130E-4,-2.756398698999E-13));
#1562=VECTOR('',#1561,1.691677152916E-2);
#1563=CARTESIAN_POINT('',(5.197852275840E-1,3.170059587511E0,-7.5E-1));
#1564=LINE('',#1563,#1562);
#1565=DIRECTION('',(0.E0,0.E0,1.E0));
#1566=VECTOR('',#1565,1.5E0);
#1567=CARTESIAN_POINT('',(-2.022306755956E-1,8.292102835535E0,-7.5E-1));
#1568=LINE('',#1567,#1566);
#1569=DIRECTION('',(0.E0,0.E0,-1.E0));
#1570=VECTOR('',#1569,1.5E0);
#1571=CARTESIAN_POINT('',(4.519768367044E-1,7.831712695007E0,7.5E-1));
#1572=LINE('',#1571,#1570);
#1573=DIRECTION('',(-1.349899250661E-14,-1.E0,0.E0));
#1574=VECTOR('',#1573,3.766815523673E0);
#1575=CARTESIAN_POINT('',(-2.022306755955E-1,1.205891835921E1,7.5E-1));
#1576=LINE('',#1575,#1574);
#1577=DIRECTION('',(1.318214934188E-14,1.E0,0.E0));
#1578=VECTOR('',#1577,3.766815523673E0);
#1579=CARTESIAN_POINT('',(-2.022306755956E-1,8.292102835535E0,-7.5E-1));
#1580=LINE('',#1579,#1578);
#1581=DIRECTION('',(0.E0,0.E0,1.E0));
#1582=VECTOR('',#1581,1.5E0);
#1583=CARTESIAN_POINT('',(7.867255494374E-1,1.320712627049E1,-7.5E-1));
#1584=LINE('',#1583,#1582);
#1585=DIRECTION('',(0.E0,0.E0,-1.E0));
#1586=VECTOR('',#1585,1.5E0);
#1587=CARTESIAN_POINT('',(-2.022306755955E-1,1.205891835921E1,7.5E-1));
#1588=LINE('',#1587,#1586);
#1589=DIRECTION('',(1.184237892934E-14,0.E0,1.E0));
#1590=VECTOR('',#1589,1.5E0);
#1591=CARTESIAN_POINT('',(1.282276932440E1,1.405882502542E1,-7.5E-1));
#1592=LINE('',#1591,#1590);
#1593=CARTESIAN_POINT('',(1.294776932440E1,-6.964608164079E1,7.5E-1));
#1594=DIRECTION('',(0.E0,0.E0,1.E0));
#1595=DIRECTION('',(1.493339704802E-3,9.999988849676E-1,0.E0));
#1596=AXIS2_PLACEMENT_3D('',#1593,#1594,#1595);
#1598=DIRECTION('',(-2.250051996574E-14,0.E0,1.E0));
#1599=VECTOR('',#1598,1.5E0);
#1600=CARTESIAN_POINT('',(1.307276932439E1,1.405882502542E1,-7.5E-1));
#1601=LINE('',#1600,#1599);
#1602=CARTESIAN_POINT('',(1.294776932440E1,-6.964608164079E1,-7.5E-1));
#1603=DIRECTION('',(0.E0,0.E0,-1.E0));
#1604=DIRECTION('',(-1.493339705045E-3,9.999988849676E-1,0.E0));
#1605=AXIS2_PLACEMENT_3D('',#1602,#1603,#1604);
#1607=CARTESIAN_POINT('',(1.319776932440E1,-6.964608164079E1,-7.5E-1));
#1608=DIRECTION('',(0.E0,0.E0,-1.E0));
#1609=DIRECTION('',(-1.493339705029E-3,9.999988849676E-1,0.E0));
#1610=AXIS2_PLACEMENT_3D('',#1607,#1608,#1609);
#1612=CARTESIAN_POINT('',(1.344776932440E1,-6.964608164079E1,-7.5E-1));
#1613=DIRECTION('',(0.E0,0.E0,-1.E0));
#1614=DIRECTION('',(-1.493339704802E-3,9.999988849676E-1,0.E0));
#1615=AXIS2_PLACEMENT_3D('',#1612,#1613,#1614);
#1617=DIRECTION('',(0.E0,0.E0,-1.E0));
#1618=VECTOR('',#1617,1.5E0);
#1619=CARTESIAN_POINT('',(1.332276932441E1,1.405882502542E1,7.5E-1));
#1620=LINE('',#1619,#1618);
#1621=CARTESIAN_POINT('',(1.344776932440E1,-6.964608164079E1,7.5E-1));
#1622=DIRECTION('',(0.E0,0.E0,1.E0));
#1623=DIRECTION('',(1.493339704916E-3,9.999988849676E-1,0.E0));
#1624=AXIS2_PLACEMENT_3D('',#1621,#1622,#1623);
#1626=DIRECTION('',(0.E0,0.E0,-1.E0));
#1627=VECTOR('',#1626,1.5E0);
#1628=CARTESIAN_POINT('',(1.357276932440E1,1.405882502542E1,7.5E-1));
#1629=LINE('',#1628,#1627);
#1630=DIRECTION('',(0.E0,-1.184237892934E-14,1.E0));
#1631=VECTOR('',#1630,1.5E0);
#1632=CARTESIAN_POINT('',(2.659776932440E1,1.205891835921E1,-7.5E-1));
#1633=LINE('',#1632,#1631);
#1634=DIRECTION('',(3.315866100214E-14,0.E0,-1.E0));
#1635=VECTOR('',#1634,1.5E0);
#1636=CARTESIAN_POINT('',(2.560881309937E1,1.320712627049E1,7.5E-1));
#1637=LINE('',#1636,#1635);
#1638=DIRECTION('',(0.E0,1.E0,0.E0));
#1639=VECTOR('',#1638,3.766815523673E0);
#1640=CARTESIAN_POINT('',(2.659776932440E1,8.292102835535E0,7.5E-1));
#1641=LINE('',#1640,#1639);
#1642=DIRECTION('',(0.E0,-1.E0,0.E0));
#1643=VECTOR('',#1642,3.766815523673E0);
#1644=CARTESIAN_POINT('',(2.659776932440E1,1.205891835921E1,-7.5E-1));
#1645=LINE('',#1644,#1643);
#1646=DIRECTION('',(0.E0,0.E0,1.E0));
#1647=VECTOR('',#1646,1.5E0);
#1648=CARTESIAN_POINT('',(2.594356181210E1,7.831712695007E0,-7.5E-1));
#1649=LINE('',#1648,#1647);
#1650=DIRECTION('',(0.E0,0.E0,-1.E0));
#1651=VECTOR('',#1650,1.5E0);
#1652=CARTESIAN_POINT('',(2.659776932440E1,8.292102835535E0,7.5E-1));
#1653=LINE('',#1652,#1651);
#1654=CARTESIAN_POINT('',(1.197769324404E0,2.005891835921E1,3.5E0));
#1655=DIRECTION('',(0.E0,0.E0,1.E0));
#1656=DIRECTION('',(0.E0,1.E0,0.E0));
#1657=AXIS2_PLACEMENT_3D('',#1654,#1655,#1656);
#1659=CARTESIAN_POINT('',(2.519776932440E1,2.005891835921E1,3.5E0));
#1660=DIRECTION('',(0.E0,0.E0,1.E0));
#1661=DIRECTION('',(1.E0,0.E0,0.E0));
#1662=AXIS2_PLACEMENT_3D('',#1659,#1660,#1661);
#1664=DIRECTION('',(0.E0,-1.E0,0.E0));
#1665=VECTOR('',#1664,4.E0);
#1666=CARTESIAN_POINT('',(2.819776932440E1,2.005891835921E1,3.5E0));
#1667=LINE('',#1666,#1665);
#1668=DIRECTION('',(0.E0,1.E0,0.E0));
#1669=VECTOR('',#1668,4.E0);
#1670=CARTESIAN_POINT('',(-1.802230675596E0,1.605891835921E1,3.5E0));
#1671=LINE('',#1670,#1669);
#1672=DIRECTION('',(0.E0,0.E0,1.E0));
#1673=VECTOR('',#1672,4.25E0);
#1674=CARTESIAN_POINT('',(1.197769324404E0,2.305891835921E1,-7.5E-1));
#1675=LINE('',#1674,#1673);
#1676=DIRECTION('',(-1.E0,0.E0,0.E0));
#1677=VECTOR('',#1676,2.4E1);
#1678=CARTESIAN_POINT('',(2.519776932440E1,2.305891835921E1,-7.5E-1));
#1679=LINE('',#1678,#1677);
#1680=DIRECTION('',(0.E0,0.E0,-1.E0));
#1681=VECTOR('',#1680,4.25E0);
#1682=CARTESIAN_POINT('',(2.519776932440E1,2.305891835921E1,3.5E0));
#1683=LINE('',#1682,#1681);
#1684=DIRECTION('',(1.E0,0.E0,0.E0));
#1685=VECTOR('',#1684,2.4E1);
#1686=CARTESIAN_POINT('',(1.197769324404E0,2.305891835921E1,3.5E0));
#1687=LINE('',#1686,#1685);
#1688=DIRECTION('',(0.E0,1.E0,0.E0));
#1689=VECTOR('',#1688,6.244997998398E0);
#1690=CARTESIAN_POINT('',(2.819776932440E1,-8.063580639991E0,1.025E1));
#1691=LINE('',#1690,#1689);
#1692=DIRECTION('',(0.E0,0.E0,-1.E0));
#1693=VECTOR('',#1692,4.E0);
#1694=CARTESIAN_POINT('',(2.819776932440E1,-1.818582641593E0,1.425E1));
#1695=LINE('',#1694,#1693);
#1696=DIRECTION('',(0.E0,1.E0,0.E0));
#1697=VECTOR('',#1696,1.787750100080E1);
#1698=CARTESIAN_POINT('',(2.819776932440E1,-1.818582641593E0,1.425E1));
#1699=LINE('',#1698,#1697);
#1700=DIRECTION('',(0.E0,0.E0,-1.E0));
#1701=VECTOR('',#1700,1.075E1);
#1702=CARTESIAN_POINT('',(2.819776932440E1,1.605891835921E1,1.425E1));
#1703=LINE('',#1702,#1701);
#1704=DIRECTION('',(0.E0,0.E0,-1.E0));
#1705=VECTOR('',#1704,4.25E0);
#1706=CARTESIAN_POINT('',(2.819776932440E1,2.005891835921E1,3.5E0));
#1707=LINE('',#1706,#1705);
#1708=DIRECTION('',(0.E0,-1.E0,0.E0));
#1709=VECTOR('',#1708,4.9E1);
#1710=CARTESIAN_POINT('',(2.819776932440E1,2.005891835921E1,-7.5E-1));
#1711=LINE('',#1710,#1709);
#1712=DIRECTION('',(0.E0,0.E0,1.E0));
#1713=VECTOR('',#1712,4.25E0);
#1714=CARTESIAN_POINT('',(2.819776932440E1,-2.894108164079E1,-7.5E-1));
#1715=LINE('',#1714,#1713);
#1716=DIRECTION('',(0.E0,0.E0,-1.E0));
#1717=VECTOR('',#1716,1.075E1);
#1718=CARTESIAN_POINT('',(2.819776932440E1,-2.494108164079E1,1.425E1));
#1719=LINE('',#1718,#1717);
#1720=DIRECTION('',(0.E0,1.E0,0.E0));
#1721=VECTOR('',#1720,1.687750100080E1);
#1722=CARTESIAN_POINT('',(2.819776932440E1,-2.494108164079E1,1.425E1));
#1723=LINE('',#1722,#1721);
#1724=DIRECTION('',(0.E0,0.E0,-1.E0));
#1725=VECTOR('',#1724,4.E0);
#1726=CARTESIAN_POINT('',(2.819776932440E1,-8.063580639991E0,1.425E1));
#1727=LINE('',#1726,#1725);
#1728=CARTESIAN_POINT('',(-4.302230675596E0,-4.941081640792E0,1.025E1));
#1729=DIRECTION('',(0.E0,0.E0,1.E0));
#1730=DIRECTION('',(-1.E0,0.E0,0.E0));
#1731=AXIS2_PLACEMENT_3D('',#1728,#1729,#1730);
#1733=CARTESIAN_POINT('',(-4.302230675596E0,-4.941081640792E0,1.025E1));
#1734=DIRECTION('',(0.E0,0.E0,1.E0));
#1735=DIRECTION('',(1.E0,0.E0,0.E0));
#1736=AXIS2_PLACEMENT_3D('',#1733,#1734,#1735);
#1738=CARTESIAN_POINT('',(3.069776932440E1,-4.941081640792E0,1.025E1));
#1739=DIRECTION('',(0.E0,0.E0,1.E0));
#1740=DIRECTION('',(-1.E0,0.E0,0.E0));
#1741=AXIS2_PLACEMENT_3D('',#1738,#1739,#1740);
#1743=CARTESIAN_POINT('',(3.069776932440E1,-4.941081640792E0,1.025E1));
#1744=DIRECTION('',(0.E0,0.E0,1.E0));
#1745=DIRECTION('',(1.E0,0.E0,0.E0));
#1746=AXIS2_PLACEMENT_3D('',#1743,#1744,#1745);
#1748=DIRECTION('',(0.E0,0.E0,-1.E0));
#1749=VECTOR('',#1748,5.5E0);
#1750=CARTESIAN_POINT('',(-2.702230675596E0,-4.941081640792E0,1.575E1));
#1751=LINE('',#1750,#1749);
#1752=DIRECTION('',(0.E0,0.E0,1.E0));
#1753=VECTOR('',#1752,5.5E0);
#1754=CARTESIAN_POINT('',(-5.902230675596E0,-4.941081640792E0,1.025E1));
#1755=LINE('',#1754,#1753);
#1756=DIRECTION('',(0.E0,0.E0,-1.E0));
#1757=VECTOR('',#1756,5.5E0);
#1758=CARTESIAN_POINT('',(3.229776932440E1,-4.941081640792E0,1.575E1));
#1759=LINE('',#1758,#1757);
#1760=DIRECTION('',(0.E0,0.E0,1.E0));
#1761=VECTOR('',#1760,5.5E0);
#1762=CARTESIAN_POINT('',(2.909776932440E1,-4.941081640792E0,1.025E1));
#1763=LINE('',#1762,#1761);
#1764=DIRECTION('',(0.E0,1.E0,0.E0));
#1765=VECTOR('',#1764,6.244997998398E0);
#1766=CARTESIAN_POINT('',(-1.802230675596E0,-8.063580639991E0,1.025E1));
#1767=LINE('',#1766,#1765);
#1768=DIRECTION('',(0.E0,0.E0,-1.E0));
#1769=VECTOR('',#1768,4.E0);
#1770=CARTESIAN_POINT('',(-1.802230675596E0,-8.063580639991E0,1.425E1));
#1771=LINE('',#1770,#1769);
#1772=DIRECTION('',(0.E0,-1.E0,0.E0));
#1773=VECTOR('',#1772,1.687750100080E1);
#1774=CARTESIAN_POINT('',(-1.802230675596E0,-8.063580639991E0,1.425E1));
#1775=LINE('',#1774,#1773);
#1776=DIRECTION('',(0.E0,0.E0,-1.E0));
#1777=VECTOR('',#1776,1.075E1);
#1778=CARTESIAN_POINT('',(-1.802230675596E0,-2.494108164079E1,1.425E1));
#1779=LINE('',#1778,#1777);
#1780=DIRECTION('',(0.E0,0.E0,-1.E0));
#1781=VECTOR('',#1780,4.25E0);
#1782=CARTESIAN_POINT('',(-1.802230675596E0,-2.894108164079E1,3.5E0));
#1783=LINE('',#1782,#1781);
#1784=DIRECTION('',(0.E0,1.E0,0.E0));
#1785=VECTOR('',#1784,4.9E1);
#1786=CARTESIAN_POINT('',(-1.802230675596E0,-2.894108164079E1,-7.5E-1));
#1787=LINE('',#1786,#1785);
#1788=DIRECTION('',(0.E0,0.E0,1.E0));
#1789=VECTOR('',#1788,4.25E0);
#1790=CARTESIAN_POINT('',(-1.802230675596E0,2.005891835921E1,-7.5E-1));
#1791=LINE('',#1790,#1789);
#1792=DIRECTION('',(0.E0,0.E0,1.E0));
#1793=VECTOR('',#1792,1.075E1);
#1794=CARTESIAN_POINT('',(-1.802230675596E0,1.605891835921E1,3.5E0));
#1795=LINE('',#1794,#1793);
#1796=DIRECTION('',(0.E0,-1.E0,0.E0));
#1797=VECTOR('',#1796,1.787750100080E1);
#1798=CARTESIAN_POINT('',(-1.802230675596E0,1.605891835921E1,1.425E1));
#1799=LINE('',#1798,#1797);
#1800=DIRECTION('',(0.E0,0.E0,-1.E0));
#1801=VECTOR('',#1800,4.E0);
#1802=CARTESIAN_POINT('',(-1.802230675596E0,-1.818582641593E0,1.425E1));
#1803=LINE('',#1802,#1801);
#1804=CARTESIAN_POINT('',(-4.302230675596E0,-4.941081640792E0,1.425E1));
#1805=DIRECTION('',(0.E0,0.E0,1.E0));
#1806=DIRECTION('',(6.25E-1,7.806247497998E-1,0.E0));
#1807=AXIS2_PLACEMENT_3D('',#1804,#1805,#1806);
#1809=CARTESIAN_POINT('',(-4.302230675596E0,-4.941081640792E0,1.025E1));
#1810=DIRECTION('',(0.E0,0.E0,-1.E0));
#1811=DIRECTION('',(6.25E-1,-7.806247497998E-1,0.E0));
#1812=AXIS2_PLACEMENT_3D('',#1809,#1810,#1811);
#1814=CARTESIAN_POINT('',(3.197769324404E0,-2.494108164079E1,1.425E1));
#1815=DIRECTION('',(0.E0,0.E0,-1.E0));
#1816=DIRECTION('',(0.E0,-1.E0,0.E0));
#1817=AXIS2_PLACEMENT_3D('',#1814,#1815,#1816);
#1819=CARTESIAN_POINT('',(3.197769324404E0,-2.494108164079E1,3.5E0));
#1820=DIRECTION('',(0.E0,0.E0,-1.E0));
#1821=DIRECTION('',(0.E0,-1.E0,0.E0));
#1822=AXIS2_PLACEMENT_3D('',#1819,#1820,#1821);
#1824=CARTESIAN_POINT('',(1.197769324404E0,-2.894108164079E1,3.5E0));
#1825=DIRECTION('',(0.E0,0.E0,1.E0));
#1826=DIRECTION('',(-1.E0,0.E0,0.E0));
#1827=AXIS2_PLACEMENT_3D('',#1824,#1825,#1826);
#1829=DIRECTION('',(0.E0,1.E0,0.E0));
#1830=VECTOR('',#1829,4.E0);
#1831=CARTESIAN_POINT('',(-1.802230675596E0,-2.894108164079E1,3.5E0));
#1832=LINE('',#1831,#1830);
#1833=DIRECTION('',(0.E0,-1.E0,0.E0));
#1834=VECTOR('',#1833,4.E0);
#1835=CARTESIAN_POINT('',(2.819776932440E1,-2.494108164079E1,3.5E0));
#1836=LINE('',#1835,#1834);
#1837=CARTESIAN_POINT('',(2.519776932440E1,-2.894108164079E1,3.5E0));
#1838=DIRECTION('',(0.E0,0.E0,1.E0));
#1839=DIRECTION('',(0.E0,-1.E0,0.E0));
#1840=AXIS2_PLACEMENT_3D('',#1837,#1838,#1839);
#1842=DIRECTION('',(0.E0,0.E0,-1.E0));
#1843=VECTOR('',#1842,4.25E0);
#1844=CARTESIAN_POINT('',(1.197769324404E0,-3.194108164079E1,3.5E0));
#1845=LINE('',#1844,#1843);
#1846=DIRECTION('',(-1.E0,0.E0,0.E0));
#1847=VECTOR('',#1846,2.4E1);
#1848=CARTESIAN_POINT('',(2.519776932440E1,-3.194108164079E1,3.5E0));
#1849=LINE('',#1848,#1847);
#1850=DIRECTION('',(0.E0,0.E0,1.E0));
#1851=VECTOR('',#1850,4.25E0);
#1852=CARTESIAN_POINT('',(2.519776932440E1,-3.194108164079E1,-7.5E-1));
#1853=LINE('',#1852,#1851);
#1854=DIRECTION('',(1.E0,0.E0,0.E0));
#1855=VECTOR('',#1854,2.4E1);
#1856=CARTESIAN_POINT('',(1.197769324404E0,-3.194108164079E1,-7.5E-1));
#1857=LINE('',#1856,#1855);
#1858=CARTESIAN_POINT('',(3.197769324404E0,1.605891835921E1,1.425E1));
#1859=DIRECTION('',(0.E0,0.E0,1.E0));
#1860=DIRECTION('',(0.E0,1.E0,0.E0));
#1861=AXIS2_PLACEMENT_3D('',#1858,#1859,#1860);
#1863=CARTESIAN_POINT('',(3.197769324404E0,1.605891835921E1,3.5E0));
#1864=DIRECTION('',(0.E0,0.E0,-1.E0));
#1865=DIRECTION('',(-1.E0,0.E0,0.E0));
#1866=AXIS2_PLACEMENT_3D('',#1863,#1864,#1865);
#1868=CARTESIAN_POINT('',(3.069776932440E1,-4.941081640792E0,1.025E1));
#1869=DIRECTION('',(0.E0,0.E0,-1.E0));
#1870=DIRECTION('',(-6.25E-1,7.806247497998E-1,0.E0));
#1871=AXIS2_PLACEMENT_3D('',#1868,#1869,#1870);
#1873=CARTESIAN_POINT('',(3.069776932440E1,-4.941081640792E0,1.425E1));
#1874=DIRECTION('',(0.E0,0.E0,1.E0));
#1875=DIRECTION('',(-6.25E-1,-7.806247497998E-1,0.E0));
#1876=AXIS2_PLACEMENT_3D('',#1873,#1874,#1875);
#1878=CARTESIAN_POINT('',(2.319776932440E1,1.605891835921E1,1.425E1));
#1879=DIRECTION('',(0.E0,0.E0,-1.E0));
#1880=DIRECTION('',(0.E0,1.E0,0.E0));
#1881=AXIS2_PLACEMENT_3D('',#1878,#1879,#1880);
#1883=CARTESIAN_POINT('',(2.319776932440E1,1.605891835921E1,3.5E0));
#1884=DIRECTION('',(0.E0,0.E0,-1.E0));
#1885=DIRECTION('',(0.E0,1.E0,0.E0));
#1886=AXIS2_PLACEMENT_3D('',#1883,#1884,#1885);
#1888=CARTESIAN_POINT('',(4.810549430583E-1,6.261494951897E0,1.540416606113E0));
#1889=CARTESIAN_POINT('',(4.823508681800E-1,6.191514995323E0,1.548385696623E0));
#1890=CARTESIAN_POINT('',(4.699673979295E-1,6.057739218798E0,1.563481487520E0));
#1891=CARTESIAN_POINT('',(4.204046645692E-1,5.885565584063E0,1.582613808257E0));
#1892=CARTESIAN_POINT('',(3.477974755079E-1,5.735337121942E0,1.599087094599E0));
#1893=CARTESIAN_POINT('',(2.567090214221E-1,5.604777049465E0,1.613237054858E0));
#1894=CARTESIAN_POINT('',(1.415659078613E-1,5.485863924808E0,1.625988436175E0));
#1895=CARTESIAN_POINT('',(7.138668511488E-3,5.386957884605E0,1.636492582708E0));
#1896=CARTESIAN_POINT('',(-1.430666436625E-1,5.311227004014E0,
1.644474190261E0));
#1897=CARTESIAN_POINT('',(-2.486595404381E-1,5.278588901572E0,
1.647895035959E0));
#1898=CARTESIAN_POINT('',(-3.022306755956E-1,5.266706517264E0,
1.649139267372E0));
#1900=DIRECTION('',(0.E0,-1.348420687770E-14,1.E0));
#1901=VECTOR('',#1900,7.904166061134E-1);
#1902=CARTESIAN_POINT('',(4.810549430583E-1,6.261494951897E0,7.5E-1));
#1903=LINE('',#1902,#1901);
#1904=DIRECTION('',(0.E0,0.E0,-1.E0));
#1905=VECTOR('',#1904,8.991392673724E-1);
#1906=CARTESIAN_POINT('',(-3.022306755956E-1,5.266706517264E0,
1.649139267372E0));
#1907=LINE('',#1906,#1905);
#1908=CARTESIAN_POINT('',(-3.022306755956E-1,7.267392388320E0,
1.421195531939E0));
#1909=CARTESIAN_POINT('',(-2.500766514734E-1,7.255774138466E0,
1.422626580681E0));
#1910=CARTESIAN_POINT('',(-1.472554054562E-1,7.224127783322E0,
1.426521388753E0));
#1911=CARTESIAN_POINT('',(-6.971726062418E-4,7.151276076126E0,
1.435446261510E0));
#1912=CARTESIAN_POINT('',(1.310507276914E-1,7.056389027829E0,1.446996493687E0));
#1913=CARTESIAN_POINT('',(2.447006361468E-1,6.942434055034E0,1.460754869323E0));
#1914=CARTESIAN_POINT('',(3.357562273210E-1,6.817083117330E0,1.475750750216E0));
#1915=CARTESIAN_POINT('',(4.097394721485E-1,6.672727164818E0,1.492842825495E0));
#1916=CARTESIAN_POINT('',(4.625938887870E-1,6.506724284374E0,1.512262860519E0));
#1917=CARTESIAN_POINT('',(4.789050125418E-1,6.377591199791E0,1.527154940523E0));
#1918=CARTESIAN_POINT('',(4.801597824617E-1,6.309833624113E0,1.534901175039E0));
#1920=DIRECTION('',(0.E0,0.E0,1.E0));
#1921=VECTOR('',#1920,6.711955319391E-1);
#1922=CARTESIAN_POINT('',(-3.022306755956E-1,7.267392388320E0,7.5E-1));
#1923=LINE('',#1922,#1921);
#1924=DIRECTION('',(0.E0,-1.018421940431E-14,-1.E0));
#1925=VECTOR('',#1924,7.849011750395E-1);
#1926=CARTESIAN_POINT('',(4.801597824617E-1,6.309833624113E0,1.534901175039E0));
#1927=LINE('',#1926,#1925);
#1928=DIRECTION('',(1.E0,0.E0,0.E0));
#1929=VECTOR('',#1928,6.5E0);
#1930=CARTESIAN_POINT('',(-2.330223067560E1,3.355891835921E1,2.225E1));
#1931=LINE('',#1930,#1929);
#1932=DIRECTION('',(0.E0,0.E0,1.E0));
#1933=VECTOR('',#1932,1.5E0);
#1934=CARTESIAN_POINT('',(-2.330223067560E1,3.355891835921E1,2.225E1));
#1935=LINE('',#1934,#1933);
#1936=DIRECTION('',(1.E0,0.E0,0.E0));
#1937=VECTOR('',#1936,6.5E0);
#1938=CARTESIAN_POINT('',(4.319776932440E1,3.355891835921E1,2.225E1));
#1939=LINE('',#1938,#1937);
#1940=DIRECTION('',(0.E0,0.E0,1.E0));
#1941=VECTOR('',#1940,5.E0);
#1942=CARTESIAN_POINT('',(4.319776932440E1,3.355891835921E1,1.725E1));
#1943=LINE('',#1942,#1941);
#1944=DIRECTION('',(0.E0,0.E0,1.E0));
#1945=VECTOR('',#1944,5.E0);
#1946=CARTESIAN_POINT('',(-1.680223067560E1,3.355891835921E1,1.725E1));
#1947=LINE('',#1946,#1945);
#1948=DIRECTION('',(1.E0,0.E0,0.E0));
#1949=VECTOR('',#1948,6.5E0);
#1950=CARTESIAN_POINT('',(4.319776932440E1,2.705891835921E1,2.225E1));
#1951=LINE('',#1950,#1949);
#1952=DIRECTION('',(0.E0,-1.E0,0.E0));
#1953=VECTOR('',#1952,6.5E0);
#1954=CARTESIAN_POINT('',(4.319776932440E1,3.355891835921E1,2.225E1));
#1955=LINE('',#1954,#1953);
#1956=DIRECTION('',(0.E0,-1.E0,0.E0));
#1957=VECTOR('',#1956,6.5E0);
#1958=CARTESIAN_POINT('',(4.319776932440E1,-2.394108164079E1,2.225E1));
#1959=LINE('',#1958,#1957);
#1960=DIRECTION('',(-1.E0,0.E0,0.E0));
#1961=VECTOR('',#1960,6.5E0);
#1962=CARTESIAN_POINT('',(4.969776932440E1,-2.394108164079E1,2.225E1));
#1963=LINE('',#1962,#1961);
#1964=DIRECTION('',(-1.E0,0.E0,0.E0));
#1965=VECTOR('',#1964,6.5E0);
#1966=CARTESIAN_POINT('',(-1.680223067560E1,-2.394108164079E1,2.225E1));
#1967=LINE('',#1966,#1965);
#1968=DIRECTION('',(0.E0,1.E0,0.E0));
#1969=VECTOR('',#1968,6.5E0);
#1970=CARTESIAN_POINT('',(-1.680223067560E1,-3.044108164079E1,2.225E1));
#1971=LINE('',#1970,#1969);
#1972=CARTESIAN_POINT('',(4.719776932440E1,3.105891835921E1,2.225E1));
#1973=DIRECTION('',(0.E0,0.E0,1.E0));
#1974=DIRECTION('',(1.E0,0.E0,0.E0));
#1975=AXIS2_PLACEMENT_3D('',#1972,#1973,#1974);
#1977=CARTESIAN_POINT('',(4.719776932440E1,3.105891835921E1,2.225E1));
#1978=DIRECTION('',(0.E0,0.E0,1.E0));
#1979=DIRECTION('',(-1.E0,0.E0,0.E0));
#1980=AXIS2_PLACEMENT_3D('',#1977,#1978,#1979);
#1982=CARTESIAN_POINT('',(4.719776932440E1,-2.794108164079E1,2.225E1));
#1983=DIRECTION('',(0.E0,0.E0,1.E0));
#1984=DIRECTION('',(1.E0,0.E0,0.E0));
#1985=AXIS2_PLACEMENT_3D('',#1982,#1983,#1984);
#1987=CARTESIAN_POINT('',(4.719776932440E1,-2.794108164079E1,2.225E1));
#1988=DIRECTION('',(0.E0,0.E0,1.E0));
#1989=DIRECTION('',(-1.E0,0.E0,0.E0));
#1990=AXIS2_PLACEMENT_3D('',#1987,#1988,#1989);
#1992=CARTESIAN_POINT('',(-2.080223067560E1,-2.794108164079E1,2.225E1));
#1993=DIRECTION('',(0.E0,0.E0,1.E0));
#1994=DIRECTION('',(1.E0,0.E0,0.E0));
#1995=AXIS2_PLACEMENT_3D('',#1992,#1993,#1994);
#1997=CARTESIAN_POINT('',(-2.080223067560E1,-2.794108164079E1,2.225E1));
#1998=DIRECTION('',(0.E0,0.E0,1.E0));
#1999=DIRECTION('',(-1.E0,0.E0,0.E0));
#2000=AXIS2_PLACEMENT_3D('',#1997,#1998,#1999);
#2002=CARTESIAN_POINT('',(-2.080223067560E1,3.105891835921E1,2.225E1));
#2003=DIRECTION('',(0.E0,0.E0,1.E0));
#2004=DIRECTION('',(1.E0,0.E0,0.E0));
#2005=AXIS2_PLACEMENT_3D('',#2002,#2003,#2004);
#2007=CARTESIAN_POINT('',(-2.080223067560E1,3.105891835921E1,2.225E1));
#2008=DIRECTION('',(0.E0,0.E0,1.E0));
#2009=DIRECTION('',(-1.E0,0.E0,0.E0));
#2010=AXIS2_PLACEMENT_3D('',#2007,#2008,#2009);
#2012=DIRECTION('',(0.E0,1.E0,0.E0));
#2013=VECTOR('',#2012,6.5E0);
#2014=CARTESIAN_POINT('',(-1.680223067560E1,2.705891835921E1,2.225E1));
#2015=LINE('',#2014,#2013);
#2016=DIRECTION('',(1.E0,0.E0,0.E0));
#2017=VECTOR('',#2016,6.5E0);
#2018=CARTESIAN_POINT('',(-2.330223067560E1,2.705891835921E1,2.225E1));
#2019=LINE('',#2018,#2017);
#2020=DIRECTION('',(0.E0,-1.E0,0.E0));
#2021=VECTOR('',#2020,6.5E0);
#2022=CARTESIAN_POINT('',(4.969776932440E1,3.355891835921E1,2.225E1));
#2023=LINE('',#2022,#2021);
#2024=DIRECTION('',(0.E0,0.E0,1.E0));
#2025=VECTOR('',#2024,1.5E0);
#2026=CARTESIAN_POINT('',(4.969776932440E1,3.355891835921E1,2.225E1));
#2027=LINE('',#2026,#2025);
#2028=DIRECTION('',(0.E0,-1.E0,0.E0));
#2029=VECTOR('',#2028,6.5E0);
#2030=CARTESIAN_POINT('',(4.969776932440E1,-2.394108164079E1,2.225E1));
#2031=LINE('',#2030,#2029);
#2032=DIRECTION('',(0.E0,0.E0,1.E0));
#2033=VECTOR('',#2032,5.E0);
#2034=CARTESIAN_POINT('',(4.969776932440E1,-2.394108164079E1,1.725E1));
#2035=LINE('',#2034,#2033);
#2036=DIRECTION('',(0.E0,0.E0,1.E0));
#2037=VECTOR('',#2036,5.E0);
#2038=CARTESIAN_POINT('',(4.969776932440E1,2.705891835921E1,1.725E1));
#2039=LINE('',#2038,#2037);
#2040=DIRECTION('',(1.E0,0.E0,0.E0));
#2041=VECTOR('',#2040,1.5E0);
#2042=CARTESIAN_POINT('',(-2.480223067560E1,2.705891835921E1,2.375E1));
#2043=LINE('',#2042,#2041);
#2044=DIRECTION('',(0.E0,-1.E0,0.E0));
#2045=VECTOR('',#2044,8.E0);
#2046=CARTESIAN_POINT('',(-2.480223067560E1,3.505891835921E1,2.375E1));
#2047=LINE('',#2046,#2045);
#2048=DIRECTION('',(-1.E0,0.E0,0.E0));
#2049=VECTOR('',#2048,7.6E1);
#2050=CARTESIAN_POINT('',(5.119776932440E1,3.505891835921E1,2.375E1));
#2051=LINE('',#2050,#2049);
#2052=DIRECTION('',(0.E0,1.E0,0.E0));
#2053=VECTOR('',#2052,6.7E1);
#2054=CARTESIAN_POINT('',(5.119776932440E1,-3.194108164079E1,2.375E1));
#2055=LINE('',#2054,#2053);
#2056=DIRECTION('',(1.E0,0.E0,0.E0));
#2057=VECTOR('',#2056,7.6E1);
#2058=CARTESIAN_POINT('',(-2.480223067560E1,-3.194108164079E1,2.375E1));
#2059=LINE('',#2058,#2057);
#2060=DIRECTION('',(0.E0,-1.E0,0.E0));
#2061=VECTOR('',#2060,4.4E1);
#2062=CARTESIAN_POINT('',(-2.480223067560E1,1.205891835921E1,2.375E1));
#2063=LINE('',#2062,#2061);
#2064=DIRECTION('',(1.E0,0.E0,0.E0));
#2065=VECTOR('',#2064,1.5E0);
#2066=CARTESIAN_POINT('',(-2.480223067560E1,1.205891835921E1,2.375E1));
#2067=LINE('',#2066,#2065);
#2068=DIRECTION('',(0.E0,1.E0,0.E0));
#2069=VECTOR('',#2068,4.25E1);
#2070=CARTESIAN_POINT('',(-2.330223067560E1,-3.044108164079E1,2.375E1));
#2071=LINE('',#2070,#2069);
#2072=DIRECTION('',(-1.E0,0.E0,0.E0));
#2073=VECTOR('',#2072,7.3E1);
#2074=CARTESIAN_POINT('',(4.969776932440E1,-3.044108164079E1,2.375E1));
#2075=LINE('',#2074,#2073);
#2076=DIRECTION('',(0.E0,-1.E0,0.E0));
#2077=VECTOR('',#2076,6.4E1);
#2078=CARTESIAN_POINT('',(4.969776932440E1,3.355891835921E1,2.375E1));
#2079=LINE('',#2078,#2077);
#2080=DIRECTION('',(1.E0,0.E0,0.E0));
#2081=VECTOR('',#2080,7.3E1);
#2082=CARTESIAN_POINT('',(-2.330223067560E1,3.355891835921E1,2.375E1));
#2083=LINE('',#2082,#2081);
#2084=DIRECTION('',(0.E0,1.E0,0.E0));
#2085=VECTOR('',#2084,6.5E0);
#2086=CARTESIAN_POINT('',(-2.330223067560E1,2.705891835921E1,2.375E1));
#2087=LINE('',#2086,#2085);
#2088=DIRECTION('',(0.E0,0.E0,1.E0));
#2089=VECTOR('',#2088,9.5E0);
#2090=CARTESIAN_POINT('',(5.119776932440E1,3.505891835921E1,1.425E1));
#2091=LINE('',#2090,#2089);
#2092=DIRECTION('',(0.E0,0.E0,-1.E0));
#2093=VECTOR('',#2092,9.5E0);
#2094=CARTESIAN_POINT('',(-2.480223067560E1,3.505891835921E1,2.375E1));
#2095=LINE('',#2094,#2093);
#2096=DIRECTION('',(0.E0,0.E0,1.E0));
#2097=VECTOR('',#2096,9.5E0);
#2098=CARTESIAN_POINT('',(5.119776932440E1,-3.194108164079E1,1.425E1));
#2099=LINE('',#2098,#2097);
#2100=DIRECTION('',(-1.E0,0.E0,0.E0));
#2101=VECTOR('',#2100,6.5E0);
#2102=CARTESIAN_POINT('',(4.969776932440E1,-3.044108164079E1,2.225E1));
#2103=LINE('',#2102,#2101);
#2104=DIRECTION('',(0.E0,0.E0,1.E0));
#2105=VECTOR('',#2104,1.5E0);
#2106=CARTESIAN_POINT('',(4.969776932440E1,-3.044108164079E1,2.225E1));
#2107=LINE('',#2106,#2105);
#2108=DIRECTION('',(-1.E0,0.E0,0.E0));
#2109=VECTOR('',#2108,6.5E0);
#2110=CARTESIAN_POINT('',(-1.680223067560E1,-3.044108164079E1,2.225E1));
#2111=LINE('',#2110,#2109);
#2112=DIRECTION('',(0.E0,0.E0,1.E0));
#2113=VECTOR('',#2112,5.E0);
#2114=CARTESIAN_POINT('',(-1.680223067560E1,-3.044108164079E1,1.725E1));
#2115=LINE('',#2114,#2113);
#2116=DIRECTION('',(0.E0,0.E0,1.E0));
#2117=VECTOR('',#2116,5.E0);
#2118=CARTESIAN_POINT('',(4.319776932440E1,-3.044108164079E1,1.725E1));
#2119=LINE('',#2118,#2117);
#2120=DIRECTION('',(0.E0,0.E0,1.E0));
#2121=VECTOR('',#2120,5.E0);
#2122=CARTESIAN_POINT('',(-1.680223067560E1,-2.394108164079E1,1.725E1));
#2123=LINE('',#2122,#2121);
#2124=DIRECTION('',(0.E0,0.E0,1.E0));
#2125=VECTOR('',#2124,5.E0);
#2126=CARTESIAN_POINT('',(4.319776932440E1,-2.394108164079E1,1.725E1));
#2127=LINE('',#2126,#2125);
#2128=DIRECTION('',(0.E0,0.E0,1.E0));
#2129=VECTOR('',#2128,5.E0);
#2130=CARTESIAN_POINT('',(4.319776932440E1,2.705891835921E1,1.725E1));
#2131=LINE('',#2130,#2129);
#2132=DIRECTION('',(0.E0,0.E0,-1.E0));
#2133=VECTOR('',#2132,5.E0);
#2134=CARTESIAN_POINT('',(4.879776932440E1,3.105891835921E1,2.225E1));
#2135=LINE('',#2134,#2133);
#2136=DIRECTION('',(0.E0,0.E0,-1.E0));
#2137=VECTOR('',#2136,5.E0);
#2138=CARTESIAN_POINT('',(4.559776932440E1,3.105891835921E1,2.225E1));
#2139=LINE('',#2138,#2137);
#2140=CARTESIAN_POINT('',(4.719776932440E1,3.105891835921E1,1.725E1));
#2141=DIRECTION('',(0.E0,0.E0,1.E0));
#2142=DIRECTION('',(1.E0,0.E0,0.E0));
#2143=AXIS2_PLACEMENT_3D('',#2140,#2141,#2142);
#2145=CARTESIAN_POINT('',(4.719776932440E1,3.105891835921E1,1.725E1));
#2146=DIRECTION('',(0.E0,0.E0,1.E0));
#2147=DIRECTION('',(-1.E0,0.E0,0.E0));
#2148=AXIS2_PLACEMENT_3D('',#2145,#2146,#2147);
#2150=CARTESIAN_POINT('',(4.719776932440E1,-2.794108164079E1,1.725E1));
#2151=DIRECTION('',(0.E0,0.E0,1.E0));
#2152=DIRECTION('',(1.E0,0.E0,0.E0));
#2153=AXIS2_PLACEMENT_3D('',#2150,#2151,#2152);
#2155=CARTESIAN_POINT('',(4.719776932440E1,-2.794108164079E1,1.725E1));
#2156=DIRECTION('',(0.E0,0.E0,1.E0));
#2157=DIRECTION('',(-1.E0,0.E0,0.E0));
#2158=AXIS2_PLACEMENT_3D('',#2155,#2156,#2157);
#2160=CARTESIAN_POINT('',(-2.080223067560E1,-2.794108164079E1,1.725E1));
#2161=DIRECTION('',(0.E0,0.E0,1.E0));
#2162=DIRECTION('',(1.E0,0.E0,0.E0));
#2163=AXIS2_PLACEMENT_3D('',#2160,#2161,#2162);
#2165=CARTESIAN_POINT('',(-2.080223067560E1,-2.794108164079E1,1.725E1));
#2166=DIRECTION('',(0.E0,0.E0,1.E0));
#2167=DIRECTION('',(-1.E0,0.E0,0.E0));
#2168=AXIS2_PLACEMENT_3D('',#2165,#2166,#2167);
#2170=CARTESIAN_POINT('',(-2.080223067560E1,3.105891835921E1,1.725E1));
#2171=DIRECTION('',(0.E0,0.E0,1.E0));
#2172=DIRECTION('',(1.E0,0.E0,0.E0));
#2173=AXIS2_PLACEMENT_3D('',#2170,#2171,#2172);
#2175=CARTESIAN_POINT('',(-2.080223067560E1,3.105891835921E1,1.725E1));
#2176=DIRECTION('',(0.E0,0.E0,1.E0));
#2177=DIRECTION('',(-1.E0,0.E0,0.E0));
#2178=AXIS2_PLACEMENT_3D('',#2175,#2176,#2177);
#2180=DIRECTION('',(0.E0,0.E0,-1.E0));
#2181=VECTOR('',#2180,5.E0);
#2182=CARTESIAN_POINT('',(4.879776932440E1,-2.794108164079E1,2.225E1));
#2183=LINE('',#2182,#2181);
#2184=DIRECTION('',(0.E0,0.E0,-1.E0));
#2185=VECTOR('',#2184,5.E0);
#2186=CARTESIAN_POINT('',(4.559776932440E1,-2.794108164079E1,2.225E1));
#2187=LINE('',#2186,#2185);
#2188=DIRECTION('',(0.E0,0.E0,-1.E0));
#2189=VECTOR('',#2188,5.E0);
#2190=CARTESIAN_POINT('',(-1.920223067560E1,-2.794108164079E1,2.225E1));
#2191=LINE('',#2190,#2189);
#2192=DIRECTION('',(0.E0,0.E0,-1.E0));
#2193=VECTOR('',#2192,5.E0);
#2194=CARTESIAN_POINT('',(-2.240223067560E1,-2.794108164079E1,2.225E1));
#2195=LINE('',#2194,#2193);
#2196=DIRECTION('',(0.E0,0.E0,-1.E0));
#2197=VECTOR('',#2196,5.E0);
#2198=CARTESIAN_POINT('',(-1.920223067560E1,3.105891835921E1,2.225E1));
#2199=LINE('',#2198,#2197);
#2200=DIRECTION('',(0.E0,0.E0,-1.E0));
#2201=VECTOR('',#2200,5.E0);
#2202=CARTESIAN_POINT('',(-2.240223067560E1,3.105891835921E1,2.225E1));
#2203=LINE('',#2202,#2201);
#2204=DIRECTION('',(0.E0,0.E0,1.E0));
#2205=VECTOR('',#2204,5.E0);
#2206=CARTESIAN_POINT('',(-1.680223067560E1,2.705891835921E1,1.725E1));
#2207=LINE('',#2206,#2205);
#2208=CARTESIAN_POINT('',(-3.022306755956E-1,1.505891835921E1,7.5E-1));
#2209=CARTESIAN_POINT('',(2.669776932440E1,1.505891835921E1,7.5E-1));
#2210=VERTEX_POINT('',#2208);
#2211=VERTEX_POINT('',#2209);
#2212=CARTESIAN_POINT('',(-3.022306755956E-1,-2.394108164079E1,7.5E-1));
#2213=CARTESIAN_POINT('',(-3.022306755956E-1,-2.074118099988E1,7.5E-1));
#2214=VERTEX_POINT('',#2212);
#2215=VERTEX_POINT('',#2213);
#2216=CARTESIAN_POINT('',(-3.022306755956E-1,7.267392388320E0,7.5E-1));
#2217=VERTEX_POINT('',#2216);
#2218=CARTESIAN_POINT('',(2.669776932440E1,6.767392388320E0,7.5E-1));
#2219=VERTEX_POINT('',#2218);
#2220=CARTESIAN_POINT('',(-1.115878207046E-1,-2.074471142312E1,7.5E-1));
#2221=VERTEX_POINT('',#2220);
#2222=CARTESIAN_POINT('',(4.801597824617E-1,6.309833624113E0,7.5E-1));
#2223=VERTEX_POINT('',#2222);
#2224=CARTESIAN_POINT('',(2.590608211365E1,5.807808978653E0,7.5E-1));
#2225=VERTEX_POINT('',#2224);
#2226=CARTESIAN_POINT('',(2.594356181210E1,7.831712695007E0,7.5E-1));
#2227=VERTEX_POINT('',#2226);
#2228=CARTESIAN_POINT('',(2.669776932440E1,-2.394108164079E1,7.5E-1));
#2229=CARTESIAN_POINT('',(2.669776932440E1,-2.124118099988E1,7.5E-1));
#2230=VERTEX_POINT('',#2228);
#2231=VERTEX_POINT('',#2229);
#2232=CARTESIAN_POINT('',(6.020113610861E-1,-1.029127727689E0,-7.5E-1));
#2233=CARTESIAN_POINT('',(6.020113610861E-1,-1.029127727689E0,7.5E-1));
#2234=VERTEX_POINT('',#2232);
#2235=VERTEX_POINT('',#2233);
#2236=CARTESIAN_POINT('',(9.067560996266E-1,-1.972636750279E1,
7.499999999999E-1));
#2237=CARTESIAN_POINT('',(6.140343044880E-1,-2.045198962798E1,
7.499999999999E-1));
#2238=VERTEX_POINT('',#2236);
#2239=VERTEX_POINT('',#2237);
#2240=VERTEX_POINT('',#913);
#2241=VERTEX_POINT('',#916);
#2242=CARTESIAN_POINT('',(4.519768367044E-1,7.831712695007E0,7.5E-1));
#2243=VERTEX_POINT('',#2242);
#2244=VERTEX_POINT('',#412);
#2245=CARTESIAN_POINT('',(5.733833206286E-1,2.757625631007E-1,7.5E-1));
#2246=CARTESIAN_POINT('',(-3.022306755956E-1,-7.350081603769E-1,7.5E-1));
#2247=VERTEX_POINT('',#2245);
#2248=VERTEX_POINT('',#2246);
#2249=CARTESIAN_POINT('',(6.416468619536E-1,-3.169444774537E0,7.5E-1));
#2250=VERTEX_POINT('',#2249);
#2251=CARTESIAN_POINT('',(6.416468619536E-1,-3.169444774537E0,-7.5E-1));
#2252=VERTEX_POINT('',#2251);
#2253=CARTESIAN_POINT('',(-3.022306755956E-1,-1.774015219330E1,7.5E-1));
#2254=CARTESIAN_POINT('',(-3.022306755956E-1,-1.473912338671E1,7.5E-1));
#2255=VERTEX_POINT('',#2253);
#2256=VERTEX_POINT('',#2254);
#2257=CARTESIAN_POINT('',(9.292539803984E-1,-2.094125306447E1,7.5E-1));
#2258=VERTEX_POINT('',#2257);
#2259=CARTESIAN_POINT('',(1.357276932441E1,-2.294096928115E1,7.5E-1));
#2260=VERTEX_POINT('',#2259);
#2261=VERTEX_POINT('',#918);
#2262=CARTESIAN_POINT('',(-3.022306755956E-1,2.266020646208E0,7.5E-1));
#2263=CARTESIAN_POINT('',(-3.022306755956E-1,5.266706517264E0,7.5E-1));
#2264=VERTEX_POINT('',#2262);
#2265=VERTEX_POINT('',#2263);
#2266=VERTEX_POINT('',#445);
#2267=CARTESIAN_POINT('',(2.659776932440E1,1.205891835921E1,7.5E-1));
#2268=VERTEX_POINT('',#2267);
#2269=CARTESIAN_POINT('',(2.594356181210E1,7.831712695007E0,-7.5E-1));
#2270=VERTEX_POINT('',#2269);
#2271=CARTESIAN_POINT('',(2.669776932440E1,1.766020646208E0,7.5E-1));
#2272=CARTESIAN_POINT('',(2.669776932440E1,4.766706517264E0,7.5E-1));
#2273=VERTEX_POINT('',#2271);
#2274=VERTEX_POINT('',#2272);
#2275=CARTESIAN_POINT('',(2.646098310286E1,-2.123679606985E1,7.5E-1));
#2276=VERTEX_POINT('',#2275);
#2277=CARTESIAN_POINT('',(6.088348927935E-1,-1.029127727689E0,-7.5E-1));
#2278=VERTEX_POINT('',#2277);
#2279=CARTESIAN_POINT('',(6.088348927935E-1,-1.029127727689E0,7.5E-1));
#2280=VERTEX_POINT('',#2279);
#2281=CARTESIAN_POINT('',(-9.309471026522E-2,-1.774402508155E1,7.5E-1));
#2282=VERTEX_POINT('',#2281);
#2283=VERTEX_POINT('',#883);
#2284=CARTESIAN_POINT('',(1.332276932441E1,-2.294096928115E1,7.5E-1));
#2285=VERTEX_POINT('',#2284);
#2286=CARTESIAN_POINT('',(2.547966987054E1,-2.021845214952E1,7.5E-1));
#2287=VERTEX_POINT('',#2286);
#2288=CARTESIAN_POINT('',(2.446096163057E1,-2.210297844557E1,-7.5E-1));
#2289=VERTEX_POINT('',#2288);
#2290=CARTESIAN_POINT('',(4.810549430583E-1,6.261494951897E0,7.5E-1));
#2291=VERTEX_POINT('',#2290);
#2292=CARTESIAN_POINT('',(-2.022306755955E-1,1.205891835921E1,7.5E-1));
#2293=VERTEX_POINT('',#2292);
#2294=CARTESIAN_POINT('',(4.519768367044E-1,7.831712695007E0,-7.5E-1));
#2295=VERTEX_POINT('',#2294);
#2296=VERTEX_POINT('',#417);
#2297=CARTESIAN_POINT('',(2.659776932440E1,8.292102835535E0,-7.5E-1));
#2298=VERTEX_POINT('',#2297);
#2299=CARTESIAN_POINT('',(2.590526148233E1,5.763494887143E0,7.5E-1));
#2300=VERTEX_POINT('',#2299);
#2301=CARTESIAN_POINT('',(-3.022306755956E-1,-4.736036966961E0,7.5E-1));
#2302=VERTEX_POINT('',#2301);
#2303=CARTESIAN_POINT('',(5.594321138770E-1,1.029127727689E0,7.5E-1));
#2304=VERTEX_POINT('',#2303);
#2305=CARTESIAN_POINT('',(6.186649379923E-1,-3.169444774537E0,7.5E-1));
#2306=VERTEX_POINT('',#2305);
#2307=CARTESIAN_POINT('',(6.186649379923E-1,-3.169444774537E0,-7.5E-1));
#2308=VERTEX_POINT('',#2307);
#2309=CARTESIAN_POINT('',(-2.227751658541E-1,-1.474059478504E1,7.5E-1));
#2310=VERTEX_POINT('',#2309);
#2311=CARTESIAN_POINT('',(1.282276932441E1,-2.294096928115E1,7.5E-1));
#2312=VERTEX_POINT('',#2311);
#2313=CARTESIAN_POINT('',(9.292539803984E-1,-2.094125306447E1,-7.5E-1));
#2314=VERTEX_POINT('',#2313);
#2315=CARTESIAN_POINT('',(1.307276932440E1,-2.294096928115E1,7.5E-1));
#2316=VERTEX_POINT('',#2315);
#2317=CARTESIAN_POINT('',(1.357276932441E1,-2.294096928115E1,-7.5E-1));
#2318=VERTEX_POINT('',#2317);
#2319=CARTESIAN_POINT('',(2.546628466841E1,-2.094125306447E1,-7.5E-1));
#2320=VERTEX_POINT('',#2319);
#2321=CARTESIAN_POINT('',(5.545117801540E-1,1.294825748729E0,7.5E-1));
#2322=VERTEX_POINT('',#2321);
#2323=VERTEX_POINT('',#440);
#2324=CARTESIAN_POINT('',(-2.022306755956E-1,8.292102835535E0,-7.5E-1));
#2325=VERTEX_POINT('',#2324);
#2326=CARTESIAN_POINT('',(1.357276932440E1,1.405882502542E1,7.5E-1));
#2327=VERTEX_POINT('',#2326);
#2328=CARTESIAN_POINT('',(2.659776932440E1,1.205891835921E1,-7.5E-1));
#2329=VERTEX_POINT('',#2328);
#2330=CARTESIAN_POINT('',(2.583174357733E1,7.935280170442E-1,7.5E-1));
#2331=VERTEX_POINT('',#2330);
#2332=CARTESIAN_POINT('',(2.669776932440E1,-1.824015219330E1,7.5E-1));
#2333=CARTESIAN_POINT('',(2.669776932440E1,-1.523912338671E1,7.5E-1));
#2334=VERTEX_POINT('',#2332);
#2335=VERTEX_POINT('',#2333);
#2336=CARTESIAN_POINT('',(6.658422066809E-1,-5.717017283724E0,7.5E-1));
#2337=VERTEX_POINT('',#2336);
#2338=CARTESIAN_POINT('',(6.088348927935E-1,1.029127727689E0,7.5E-1));
#2339=VERTEX_POINT('',#2338);
#2340=CARTESIAN_POINT('',(6.088348927935E-1,1.029127727689E0,-7.5E-1));
#2341=VERTEX_POINT('',#2340);
#2342=CARTESIAN_POINT('',(5.594321138770E-1,1.029127727689E0,-7.5E-1));
#2343=VERTEX_POINT('',#2342);
#2344=CARTESIAN_POINT('',(5.954967269153E-1,-1.803674687668E1,7.5E-1));
#2345=VERTEX_POINT('',#2344);
#2346=CARTESIAN_POINT('',(8.882185220539E-1,-1.872533831386E1,7.5E-1));
#2347=VERTEX_POINT('',#2346);
#2348=CARTESIAN_POINT('',(7.955687544770E-1,-1.372225086471E1,
7.499999999999E-1));
#2349=CARTESIAN_POINT('',(5.028469593384E-1,-1.444787298990E1,
7.499999999999E-1));
#2350=VERTEX_POINT('',#2348);
#2351=VERTEX_POINT('',#2349);
#2352=CARTESIAN_POINT('',(1.934577018234E0,-2.210297844557E1,-7.5E-1));
#2353=VERTEX_POINT('',#2352);
#2354=CARTESIAN_POINT('',(7.317350186948E-1,-1.027522913247E1,-7.5E-1));
#2355=VERTEX_POINT('',#2354);
#2356=CARTESIAN_POINT('',(1.332276932441E1,-2.294096928115E1,-7.5E-1));
#2357=VERTEX_POINT('',#2356);
#2358=CARTESIAN_POINT('',(5.197852275840E-1,3.170059587511E0,7.5E-1));
#2359=VERTEX_POINT('',#2358);
#2360=CARTESIAN_POINT('',(1.282276932439E1,1.405882502542E1,7.5E-1));
#2361=VERTEX_POINT('',#2360);
#2362=CARTESIAN_POINT('',(-2.022306755955E-1,1.205891835921E1,-7.5E-1));
#2363=VERTEX_POINT('',#2362);
#2364=CARTESIAN_POINT('',(1.332276932441E1,1.405882502542E1,7.5E-1));
#2365=VERTEX_POINT('',#2364);
#2366=CARTESIAN_POINT('',(2.560881309937E1,1.320712627049E1,-7.5E-1));
#2367=VERTEX_POINT('',#2366);
#2368=CARTESIAN_POINT('',(2.587575342122E1,3.170059587511E0,7.5E-1));
#2369=VERTEX_POINT('',#2368);
#2370=CARTESIAN_POINT('',(2.651653865841E1,-1.823679606985E1,7.5E-1));
#2371=VERTEX_POINT('',#2370);
#2372=CARTESIAN_POINT('',(5.197852275840E-1,3.170059587511E0,-7.5E-1));
#2373=VERTEX_POINT('',#2372);
#2374=CARTESIAN_POINT('',(-3.022306755956E-1,-1.173809458013E1,7.5E-1));
#2375=CARTESIAN_POINT('',(-3.022306755956E-1,-7.737065773546E0,7.5E-1));
#2376=VERTEX_POINT('',#2374);
#2377=VERTEX_POINT('',#2375);
#2378=CARTESIAN_POINT('',(1.282276932440E1,-2.294096928115E1,-7.5E-1));
#2379=VERTEX_POINT('',#2378);
#2380=CARTESIAN_POINT('',(7.317350186948E-1,-1.027522913247E1,7.5E-1));
#2381=VERTEX_POINT('',#2380);
#2382=CARTESIAN_POINT('',(1.307276932440E1,-2.294096928115E1,-7.5E-1));
#2383=VERTEX_POINT('',#2382);
#2384=CARTESIAN_POINT('',(2.566380363011E1,-1.027522913247E1,-7.5E-1));
#2385=VERTEX_POINT('',#2384);
#2386=CARTESIAN_POINT('',(5.367019926186E-1,3.170074410937E0,7.5E-1));
#2387=VERTEX_POINT('',#2386);
#2388=CARTESIAN_POINT('',(1.307276932439E1,1.405882502542E1,7.5E-1));
#2389=VERTEX_POINT('',#2388);
#2390=CARTESIAN_POINT('',(7.867255494374E-1,1.320712627049E1,-7.5E-1));
#2391=VERTEX_POINT('',#2390);
#2392=CARTESIAN_POINT('',(1.357276932440E1,1.405882502542E1,-7.5E-1));
#2393=VERTEX_POINT('',#2392);
#2394=CARTESIAN_POINT('',(1.332276932441E1,1.405882502542E1,-7.5E-1));
#2395=VERTEX_POINT('',#2394);
#2396=CARTESIAN_POINT('',(2.669776932440E1,-5.236036966961E0,7.5E-1));
#2397=CARTESIAN_POINT('',(2.669776932440E1,-1.235008160377E0,7.5E-1));
#2398=VERTEX_POINT('',#2396);
#2399=VERTEX_POINT('',#2397);
#2400=CARTESIAN_POINT('',(2.585883665619E1,3.170074410937E0,7.5E-1));
#2401=VERTEX_POINT('',#2400);
#2402=CARTESIAN_POINT('',(2.657209421397E1,-1.523679606985E1,7.5E-1));
#2403=VERTEX_POINT('',#2402);
#2404=CARTESIAN_POINT('',(5.367019926186E-1,3.170074410937E0,-7.5E-1));
#2405=VERTEX_POINT('',#2404);
#2406=CARTESIAN_POINT('',(-2.042820554148E-1,-1.173990844347E1,7.5E-1));
#2407=VERTEX_POINT('',#2406);
#2408=CARTESIAN_POINT('',(7.770311769043E-1,-1.272122167579E1,7.5E-1));
#2409=VERTEX_POINT('',#2408);
#2410=CARTESIAN_POINT('',(7.520276380056E-1,-1.027524555089E1,-7.5E-1));
#2411=VERTEX_POINT('',#2410);
#2412=CARTESIAN_POINT('',(2.566380363011E1,-1.027522913247E1,7.5E-1));
#2413=VERTEX_POINT('',#2412);
#2414=CARTESIAN_POINT('',(2.560930584919E1,-1.321810930217E1,7.5E-1));
#2415=VERTEX_POINT('',#2414);
#2416=CARTESIAN_POINT('',(2.564351101080E1,-1.027524555089E1,-7.5E-1));
#2417=VERTEX_POINT('',#2416);
#2418=CARTESIAN_POINT('',(1.282276932440E1,1.405882502542E1,-7.5E-1));
#2419=VERTEX_POINT('',#2418);
#2420=CARTESIAN_POINT('',(2.585883665619E1,3.170074410937E0,-7.5E-1));
#2421=CARTESIAN_POINT('',(2.587575342122E1,3.170059587511E0,-7.5E-1));
#2422=VERTEX_POINT('',#2420);
#2423=VERTEX_POINT('',#2421);
#2424=CARTESIAN_POINT('',(1.307276932439E1,1.405882502542E1,-7.5E-1));
#2425=VERTEX_POINT('',#2424);
#2426=CARTESIAN_POINT('',(2.580133752603E1,-6.073748592089E-1,7.5E-1));
#2427=VERTEX_POINT('',#2426);
#2428=CARTESIAN_POINT('',(2.587053166633E1,-1.493086073457E1,7.5E-1));
#2429=VERTEX_POINT('',#2428);
#2430=CARTESIAN_POINT('',(2.559078098165E1,-1.421845214952E1,7.5E-1));
#2431=VERTEX_POINT('',#2430);
#2432=CARTESIAN_POINT('',(2.549819473808E1,-1.921810930217E1,7.5E-1));
#2433=CARTESIAN_POINT('',(2.580413007337E1,-1.851654675453E1,7.5E-1));
#2434=VERTEX_POINT('',#2432);
#2435=VERTEX_POINT('',#2433);
#2436=CARTESIAN_POINT('',(2.668320532508E1,-8.236796069854E0,7.5E-1));
#2437=CARTESIAN_POINT('',(2.570189209276E1,-7.218452149523E0,7.5E-1));
#2438=VERTEX_POINT('',#2436);
#2439=VERTEX_POINT('',#2437);
#2440=CARTESIAN_POINT('',(6.843907319452E-1,-6.718637647997E0,7.5E-1));
#2441=VERTEX_POINT('',#2440);
#2442=CARTESIAN_POINT('',(7.520276380056E-1,-1.027524555089E1,7.5E-1));
#2443=VERTEX_POINT('',#2442);
#2444=CARTESIAN_POINT('',(2.591524118448E1,-1.251654675453E1,7.5E-1));
#2445=VERTEX_POINT('',#2444);
#2446=CARTESIAN_POINT('',(2.662764976952E1,-1.223679606985E1,7.5E-1));
#2447=VERTEX_POINT('',#2446);
#2448=CARTESIAN_POINT('',(2.580356973879E1,-6.073473167688E-1,-7.5E-1));
#2449=VERTEX_POINT('',#2448);
#2450=CARTESIAN_POINT('',(2.572043252792E1,-6.217268650877E0,7.5E-1));
#2451=VERTEX_POINT('',#2450);
#2452=CARTESIAN_POINT('',(2.575389178686E1,-3.169444774537E0,7.5E-1));
#2453=VERTEX_POINT('',#2452);
#2454=CARTESIAN_POINT('',(2.669776932440E1,-1.223809458013E1,7.5E-1));
#2455=CARTESIAN_POINT('',(2.669776932440E1,-8.237065773545E0,7.5E-1));
#2456=VERTEX_POINT('',#2454);
#2457=VERTEX_POINT('',#2455);
#2458=CARTESIAN_POINT('',(4.843093817657E-1,-1.203263023861E1,7.5E-1));
#2459=VERTEX_POINT('',#2458);
#2460=CARTESIAN_POINT('',(2.564351101080E1,-1.027524555089E1,7.5E-1));
#2461=VERTEX_POINT('',#2460);
#2462=CARTESIAN_POINT('',(2.577687371082E1,-3.169444774537E0,7.5E-1));
#2463=VERTEX_POINT('',#2462);
#2464=CARTESIAN_POINT('',(2.575389178686E1,-3.169444774537E0,-7.5E-1));
#2465=VERTEX_POINT('',#2464);
#2466=CARTESIAN_POINT('',(2.577687371082E1,-3.169444774537E0,-7.5E-1));
#2467=VERTEX_POINT('',#2466);
#2468=VERTEX_POINT('',#520);
#2469=VERTEX_POINT('',#530);
#2470=VERTEX_POINT('',#1420);
#2471=VERTEX_POINT('',#1423);
#2472=VERTEX_POINT('',#1908);
#2473=VERTEX_POINT('',#1918);
#2474=VERTEX_POINT('',#602);
#2475=VERTEX_POINT('',#1461);
#2476=VERTEX_POINT('',#1464);
#2477=VERTEX_POINT('',#816);
#2478=VERTEX_POINT('',#819);
#2479=VERTEX_POINT('',#825);
#2480=VERTEX_POINT('',#828);
#2481=VERTEX_POINT('',#1498);
#2482=VERTEX_POINT('',#1501);
#2483=VERTEX_POINT('',#1898);
#2484=VERTEX_POINT('',#553);
#2485=VERTEX_POINT('',#563);
#2486=VERTEX_POINT('',#830);
#2487=VERTEX_POINT('',#848);
#2488=VERTEX_POINT('',#1539);
#2489=VERTEX_POINT('',#1547);
#2490=VERTEX_POINT('',#783);
#2491=VERTEX_POINT('',#1529);
#2492=VERTEX_POINT('',#1396);
#2493=VERTEX_POINT('',#1406);
#2494=VERTEX_POINT('',#480);
#2495=VERTEX_POINT('',#1338);
#2496=VERTEX_POINT('',#1346);
#2497=VERTEX_POINT('',#500);
#2498=VERTEX_POINT('',#1042);
#2499=VERTEX_POINT('',#1050);
#2500=VERTEX_POINT('',#1222);
#2501=VERTEX_POINT('',#1028);
#2502=VERTEX_POINT('',#1033);
#2503=VERTEX_POINT('',#1036);
#2504=VERTEX_POINT('',#1063);
#2505=VERTEX_POINT('',#1300);
#2506=VERTEX_POINT('',#1310);
#2507=VERTEX_POINT('',#1105);
#2508=VERTEX_POINT('',#1108);
#2509=VERTEX_POINT('',#1010);
#2510=VERTEX_POINT('',#1328);
#2511=VERTEX_POINT('',#1359);
#2512=VERTEX_POINT('',#1279);
#2513=VERTEX_POINT('',#1286);
#2514=VERTEX_POINT('',#1386);
#2515=VERTEX_POINT('',#1372);
#2516=CARTESIAN_POINT('',(2.669776932440E1,-2.124118099988E1,1.227152955388E0));
#2517=VERTEX_POINT('',#2516);
#2518=CARTESIAN_POINT('',(7.297769324404E0,1.505891835921E1,8.8E0));
#2519=CARTESIAN_POINT('',(4.097769324404E0,1.505891835921E1,8.8E0));
#2520=VERTEX_POINT('',#2518);
#2521=VERTEX_POINT('',#2519);
#2522=CARTESIAN_POINT('',(2.229776932440E1,1.505891835921E1,8.8E0));
#2523=CARTESIAN_POINT('',(1.909776932440E1,1.505891835921E1,8.8E0));
#2524=VERTEX_POINT('',#2522);
#2525=VERTEX_POINT('',#2523);
#2526=CARTESIAN_POINT('',(7.297769324404E0,-2.994108164079E1,8.8E0));
#2527=CARTESIAN_POINT('',(4.097769324404E0,-2.994108164079E1,8.8E0));
#2528=VERTEX_POINT('',#2526);
#2529=VERTEX_POINT('',#2527);
#2530=CARTESIAN_POINT('',(2.229776932440E1,-2.994108164079E1,8.8E0));
#2531=CARTESIAN_POINT('',(1.909776932440E1,-2.994108164079E1,8.8E0));
#2532=VERTEX_POINT('',#2530);
#2533=VERTEX_POINT('',#2531);
#2534=CARTESIAN_POINT('',(7.297769324404E0,-2.394108164079E1,8.8E0));
#2535=CARTESIAN_POINT('',(4.097769324404E0,-2.394108164079E1,8.8E0));
#2536=VERTEX_POINT('',#2534);
#2537=VERTEX_POINT('',#2535);
#2538=CARTESIAN_POINT('',(2.229776932440E1,-2.394108164079E1,8.8E0));
#2539=CARTESIAN_POINT('',(1.909776932440E1,-2.394108164079E1,8.8E0));
#2540=VERTEX_POINT('',#2538);
#2541=VERTEX_POINT('',#2539);
#2542=CARTESIAN_POINT('',(7.297769324404E0,2.105891835921E1,8.8E0));
#2543=CARTESIAN_POINT('',(4.097769324404E0,2.105891835921E1,8.8E0));
#2544=VERTEX_POINT('',#2542);
#2545=VERTEX_POINT('',#2543);
#2546=CARTESIAN_POINT('',(2.229776932440E1,2.105891835921E1,8.8E0));
#2547=CARTESIAN_POINT('',(1.909776932440E1,2.105891835921E1,8.8E0));
#2548=VERTEX_POINT('',#2546);
#2549=VERTEX_POINT('',#2547);
#2550=CARTESIAN_POINT('',(2.319776932440E1,-2.994108164079E1,3.5E0));
#2551=CARTESIAN_POINT('',(3.197769324404E0,-2.994108164079E1,3.5E0));
#2552=VERTEX_POINT('',#2550);
#2553=VERTEX_POINT('',#2551);
#2554=CARTESIAN_POINT('',(3.197769324404E0,2.105891835921E1,3.5E0));
#2555=CARTESIAN_POINT('',(2.319776932440E1,2.105891835921E1,3.5E0));
#2556=VERTEX_POINT('',#2554);
#2557=VERTEX_POINT('',#2555);
#2558=CARTESIAN_POINT('',(-1.802230675596E0,1.605891835921E1,3.5E0));
#2559=VERTEX_POINT('',#2558);
#2560=CARTESIAN_POINT('',(2.819776932440E1,1.605891835921E1,3.5E0));
#2561=VERTEX_POINT('',#2560);
#2562=CARTESIAN_POINT('',(-1.802230675596E0,-2.494108164079E1,3.5E0));
#2563=VERTEX_POINT('',#2562);
#2564=CARTESIAN_POINT('',(2.819776932440E1,-2.494108164079E1,3.5E0));
#2565=VERTEX_POINT('',#2564);
#2566=CARTESIAN_POINT('',(1.197769324404E0,2.305891835921E1,3.5E0));
#2567=CARTESIAN_POINT('',(-1.802230675596E0,2.005891835921E1,3.5E0));
#2568=VERTEX_POINT('',#2566);
#2569=VERTEX_POINT('',#2567);
#2570=CARTESIAN_POINT('',(-1.802230675596E0,2.005891835921E1,-7.5E-1));
#2571=VERTEX_POINT('',#2570);
#2572=CARTESIAN_POINT('',(1.197769324404E0,2.305891835921E1,-7.5E-1));
#2573=VERTEX_POINT('',#2572);
#2574=CARTESIAN_POINT('',(2.519776932440E1,2.305891835921E1,-7.5E-1));
#2575=CARTESIAN_POINT('',(2.819776932440E1,2.005891835921E1,-7.5E-1));
#2576=VERTEX_POINT('',#2574);
#2577=VERTEX_POINT('',#2575);
#2578=CARTESIAN_POINT('',(2.819776932440E1,2.005891835921E1,3.5E0));
#2579=VERTEX_POINT('',#2578);
#2580=CARTESIAN_POINT('',(2.519776932440E1,2.305891835921E1,3.5E0));
#2581=VERTEX_POINT('',#2580);
#2582=CARTESIAN_POINT('',(1.197769324404E0,-3.194108164079E1,-7.5E-1));
#2583=CARTESIAN_POINT('',(-1.802230675596E0,-2.894108164079E1,-7.5E-1));
#2584=VERTEX_POINT('',#2582);
#2585=VERTEX_POINT('',#2583);
#2586=CARTESIAN_POINT('',(-1.802230675596E0,-2.894108164079E1,3.5E0));
#2587=VERTEX_POINT('',#2586);
#2588=CARTESIAN_POINT('',(1.197769324404E0,-3.194108164079E1,3.5E0));
#2589=VERTEX_POINT('',#2588);
#2590=CARTESIAN_POINT('',(2.519776932440E1,-3.194108164079E1,3.5E0));
#2591=CARTESIAN_POINT('',(2.819776932440E1,-2.894108164079E1,3.5E0));
#2592=VERTEX_POINT('',#2590);
#2593=VERTEX_POINT('',#2591);
#2594=CARTESIAN_POINT('',(2.819776932440E1,-2.894108164079E1,-7.5E-1));
#2595=VERTEX_POINT('',#2594);
#2596=CARTESIAN_POINT('',(2.519776932440E1,-3.194108164079E1,-7.5E-1));
#2597=VERTEX_POINT('',#2596);
#2598=CARTESIAN_POINT('',(-2.480223067560E1,-3.194108164079E1,1.425E1));
#2599=CARTESIAN_POINT('',(5.119776932440E1,-3.194108164079E1,1.425E1));
#2600=VERTEX_POINT('',#2598);
#2601=VERTEX_POINT('',#2599);
#2602=CARTESIAN_POINT('',(5.119776932440E1,3.505891835921E1,1.425E1));
#2603=VERTEX_POINT('',#2602);
#2604=CARTESIAN_POINT('',(-2.480223067560E1,3.505891835921E1,1.425E1));
#2605=VERTEX_POINT('',#2604);
#2606=CARTESIAN_POINT('',(3.197769324404E0,-2.994108164079E1,1.425E1));
#2607=CARTESIAN_POINT('',(2.319776932440E1,-2.994108164079E1,1.425E1));
#2608=VERTEX_POINT('',#2606);
#2609=VERTEX_POINT('',#2607);
#2610=CARTESIAN_POINT('',(2.319776932440E1,2.105891835921E1,1.425E1));
#2611=CARTESIAN_POINT('',(3.197769324404E0,2.105891835921E1,1.425E1));
#2612=VERTEX_POINT('',#2610);
#2613=VERTEX_POINT('',#2611);
#2614=CARTESIAN_POINT('',(-1.802230675596E0,1.605891835921E1,1.425E1));
#2615=VERTEX_POINT('',#2614);
#2616=CARTESIAN_POINT('',(2.819776932440E1,1.605891835921E1,1.425E1));
#2617=VERTEX_POINT('',#2616);
#2618=CARTESIAN_POINT('',(-1.802230675596E0,-2.494108164079E1,1.425E1));
#2619=VERTEX_POINT('',#2618);
#2620=CARTESIAN_POINT('',(2.819776932440E1,-2.494108164079E1,1.425E1));
#2621=VERTEX_POINT('',#2620);
#2622=CARTESIAN_POINT('',(-8.602230675596E0,1.505891835921E1,1.725E1));
#2623=CARTESIAN_POINT('',(3.499776932440E1,1.505891835921E1,1.725E1));
#2624=VERTEX_POINT('',#2622);
#2625=VERTEX_POINT('',#2623);
#2626=CARTESIAN_POINT('',(3.499776932440E1,-2.394108164079E1,1.725E1));
#2627=VERTEX_POINT('',#2626);
#2628=CARTESIAN_POINT('',(-8.602230675596E0,-2.394108164079E1,1.725E1));
#2629=VERTEX_POINT('',#2628);
#2630=CARTESIAN_POINT('',(-8.602230675596E0,1.505891835921E1,1.575E1));
#2631=CARTESIAN_POINT('',(-3.022306755956E-1,1.505891835921E1,1.575E1));
#2632=VERTEX_POINT('',#2630);
#2633=VERTEX_POINT('',#2631);
#2634=CARTESIAN_POINT('',(2.669776932440E1,1.505891835921E1,1.575E1));
#2635=CARTESIAN_POINT('',(3.499776932440E1,1.505891835921E1,1.575E1));
#2636=VERTEX_POINT('',#2634);
#2637=VERTEX_POINT('',#2635);
#2638=CARTESIAN_POINT('',(3.499776932440E1,-2.394108164079E1,1.575E1));
#2639=VERTEX_POINT('',#2638);
#2640=CARTESIAN_POINT('',(2.669776932440E1,-2.394108164079E1,1.575E1));
#2641=VERTEX_POINT('',#2640);
#2642=CARTESIAN_POINT('',(-3.022306755956E-1,-2.394108164079E1,1.575E1));
#2643=CARTESIAN_POINT('',(-8.602230675596E0,-2.394108164079E1,1.575E1));
#2644=VERTEX_POINT('',#2642);
#2645=VERTEX_POINT('',#2643);
#2646=CARTESIAN_POINT('',(-2.480223067560E1,-3.194108164079E1,2.375E1));
#2647=CARTESIAN_POINT('',(5.119776932440E1,-3.194108164079E1,2.375E1));
#2648=VERTEX_POINT('',#2646);
#2649=VERTEX_POINT('',#2647);
#2650=CARTESIAN_POINT('',(5.119776932440E1,3.505891835921E1,2.375E1));
#2651=VERTEX_POINT('',#2650);
#2652=CARTESIAN_POINT('',(-2.480223067560E1,3.505891835921E1,2.375E1));
#2653=VERTEX_POINT('',#2652);
#2654=CARTESIAN_POINT('',(-2.330223067560E1,3.355891835921E1,2.375E1));
#2655=CARTESIAN_POINT('',(4.969776932440E1,3.355891835921E1,2.375E1));
#2656=VERTEX_POINT('',#2654);
#2657=VERTEX_POINT('',#2655);
#2658=CARTESIAN_POINT('',(4.969776932440E1,-3.044108164079E1,2.375E1));
#2659=VERTEX_POINT('',#2658);
#2660=CARTESIAN_POINT('',(-2.330223067560E1,-3.044108164079E1,2.375E1));
#2661=VERTEX_POINT('',#2660);
#2662=CARTESIAN_POINT('',(4.319776932440E1,3.355891835921E1,1.725E1));
#2663=CARTESIAN_POINT('',(4.319776932440E1,2.705891835921E1,1.725E1));
#2664=VERTEX_POINT('',#2662);
#2665=VERTEX_POINT('',#2663);
#2666=CARTESIAN_POINT('',(4.969776932440E1,2.705891835921E1,1.725E1));
#2667=VERTEX_POINT('',#2666);
#2668=CARTESIAN_POINT('',(-1.680223067560E1,-3.044108164079E1,1.725E1));
#2669=CARTESIAN_POINT('',(-1.680223067560E1,-2.394108164079E1,1.725E1));
#2670=VERTEX_POINT('',#2668);
#2671=VERTEX_POINT('',#2669);
#2672=CARTESIAN_POINT('',(-2.330223067560E1,-2.394108164079E1,1.725E1));
#2673=VERTEX_POINT('',#2672);
#2674=CARTESIAN_POINT('',(4.969776932440E1,-2.394108164079E1,1.725E1));
#2675=CARTESIAN_POINT('',(4.319776932440E1,-2.394108164079E1,1.725E1));
#2676=VERTEX_POINT('',#2674);
#2677=VERTEX_POINT('',#2675);
#2678=CARTESIAN_POINT('',(4.319776932440E1,-3.044108164079E1,1.725E1));
#2679=VERTEX_POINT('',#2678);
#2680=CARTESIAN_POINT('',(-2.330223067560E1,2.705891835921E1,1.725E1));
#2681=CARTESIAN_POINT('',(-1.680223067560E1,2.705891835921E1,1.725E1));
#2682=VERTEX_POINT('',#2680);
#2683=VERTEX_POINT('',#2681);
#2684=CARTESIAN_POINT('',(-1.680223067560E1,3.355891835921E1,1.725E1));
#2685=VERTEX_POINT('',#2684);
#2686=CARTESIAN_POINT('',(-2.330223067560E1,3.355891835921E1,2.225E1));
#2687=CARTESIAN_POINT('',(-1.680223067560E1,3.355891835921E1,2.225E1));
#2688=VERTEX_POINT('',#2686);
#2689=VERTEX_POINT('',#2687);
#2690=CARTESIAN_POINT('',(4.319776932440E1,3.355891835921E1,2.225E1));
#2691=CARTESIAN_POINT('',(4.969776932440E1,3.355891835921E1,2.225E1));
#2692=VERTEX_POINT('',#2690);
#2693=VERTEX_POINT('',#2691);
#2694=CARTESIAN_POINT('',(4.969776932440E1,2.705891835921E1,2.225E1));
#2695=VERTEX_POINT('',#2694);
#2696=CARTESIAN_POINT('',(4.969776932440E1,-2.394108164079E1,2.225E1));
#2697=CARTESIAN_POINT('',(4.969776932440E1,-3.044108164079E1,2.225E1));
#2698=VERTEX_POINT('',#2696);
#2699=VERTEX_POINT('',#2697);
#2700=CARTESIAN_POINT('',(4.319776932440E1,-3.044108164079E1,2.225E1));
#2701=VERTEX_POINT('',#2700);
#2702=CARTESIAN_POINT('',(-1.680223067560E1,-3.044108164079E1,2.225E1));
#2703=CARTESIAN_POINT('',(-2.330223067560E1,-3.044108164079E1,2.225E1));
#2704=VERTEX_POINT('',#2702);
#2705=VERTEX_POINT('',#2703);
#2706=CARTESIAN_POINT('',(-2.330223067560E1,-2.394108164079E1,2.225E1));
#2707=VERTEX_POINT('',#2706);
#2708=CARTESIAN_POINT('',(4.319776932440E1,2.705891835921E1,2.225E1));
#2709=VERTEX_POINT('',#2708);
#2710=CARTESIAN_POINT('',(-1.680223067560E1,-2.394108164079E1,2.225E1));
#2711=VERTEX_POINT('',#2710);
#2712=CARTESIAN_POINT('',(4.319776932440E1,-2.394108164079E1,2.225E1));
#2713=VERTEX_POINT('',#2712);
#2714=CARTESIAN_POINT('',(-1.680223067560E1,2.705891835921E1,2.225E1));
#2715=VERTEX_POINT('',#2714);
#2716=CARTESIAN_POINT('',(4.879776932440E1,3.105891835921E1,1.725E1));
#2717=CARTESIAN_POINT('',(4.559776932440E1,3.105891835921E1,1.725E1));
#2718=VERTEX_POINT('',#2716);
#2719=VERTEX_POINT('',#2717);
#2720=CARTESIAN_POINT('',(4.879776932440E1,-2.794108164079E1,1.725E1));
#2721=CARTESIAN_POINT('',(4.559776932440E1,-2.794108164079E1,1.725E1));
#2722=VERTEX_POINT('',#2720);
#2723=VERTEX_POINT('',#2721);
#2724=CARTESIAN_POINT('',(-1.920223067560E1,-2.794108164079E1,1.725E1));
#2725=CARTESIAN_POINT('',(-2.240223067560E1,-2.794108164079E1,1.725E1));
#2726=VERTEX_POINT('',#2724);
#2727=VERTEX_POINT('',#2725);
#2728=CARTESIAN_POINT('',(-1.920223067560E1,3.105891835921E1,1.725E1));
#2729=CARTESIAN_POINT('',(-2.240223067560E1,3.105891835921E1,1.725E1));
#2730=VERTEX_POINT('',#2728);
#2731=VERTEX_POINT('',#2729);
#2732=CARTESIAN_POINT('',(4.879776932440E1,3.105891835921E1,2.225E1));
#2733=CARTESIAN_POINT('',(4.559776932440E1,3.105891835921E1,2.225E1));
#2734=VERTEX_POINT('',#2732);
#2735=VERTEX_POINT('',#2733);
#2736=CARTESIAN_POINT('',(4.879776932440E1,-2.794108164079E1,2.225E1));
#2737=CARTESIAN_POINT('',(4.559776932440E1,-2.794108164079E1,2.225E1));
#2738=VERTEX_POINT('',#2736);
#2739=VERTEX_POINT('',#2737);
#2740=CARTESIAN_POINT('',(-1.920223067560E1,-2.794108164079E1,2.225E1));
#2741=CARTESIAN_POINT('',(-2.240223067560E1,-2.794108164079E1,2.225E1));
#2742=VERTEX_POINT('',#2740);
#2743=VERTEX_POINT('',#2741);
#2744=CARTESIAN_POINT('',(-1.920223067560E1,3.105891835921E1,2.225E1));
#2745=CARTESIAN_POINT('',(-2.240223067560E1,3.105891835921E1,2.225E1));
#2746=VERTEX_POINT('',#2744);
#2747=VERTEX_POINT('',#2745);
#2748=CARTESIAN_POINT('',(-2.480223067560E1,1.205891835921E1,1.875E1));
#2749=CARTESIAN_POINT('',(-2.480223067560E1,2.705891835921E1,1.875E1));
#2750=VERTEX_POINT('',#2748);
#2751=VERTEX_POINT('',#2749);
#2752=CARTESIAN_POINT('',(-2.480223067560E1,2.705891835921E1,2.375E1));
#2753=VERTEX_POINT('',#2752);
#2754=CARTESIAN_POINT('',(-2.480223067560E1,1.205891835921E1,2.375E1));
#2755=VERTEX_POINT('',#2754);
#2756=CARTESIAN_POINT('',(-2.330223067560E1,2.705891835921E1,2.375E1));
#2757=VERTEX_POINT('',#2756);
#2758=CARTESIAN_POINT('',(-2.330223067560E1,1.205891835921E1,2.375E1));
#2759=VERTEX_POINT('',#2758);
#2760=CARTESIAN_POINT('',(-2.330223067560E1,1.205891835921E1,1.875E1));
#2761=CARTESIAN_POINT('',(-2.330223067560E1,2.705891835921E1,1.875E1));
#2762=VERTEX_POINT('',#2760);
#2763=VERTEX_POINT('',#2761);
#2764=CARTESIAN_POINT('',(-2.330223067560E1,2.705891835921E1,2.225E1));
#2765=VERTEX_POINT('',#2764);
#2766=CARTESIAN_POINT('',(-2.702230675596E0,-4.941081640792E0,1.575E1));
#2767=CARTESIAN_POINT('',(-5.902230675596E0,-4.941081640792E0,1.575E1));
#2768=VERTEX_POINT('',#2766);
#2769=VERTEX_POINT('',#2767);
#2770=CARTESIAN_POINT('',(3.229776932440E1,-4.941081640792E0,1.575E1));
#2771=CARTESIAN_POINT('',(2.909776932440E1,-4.941081640792E0,1.575E1));
#2772=VERTEX_POINT('',#2770);
#2773=VERTEX_POINT('',#2771);
#2774=CARTESIAN_POINT('',(-5.902230675596E0,-4.941081640792E0,1.025E1));
#2775=CARTESIAN_POINT('',(-2.702230675596E0,-4.941081640792E0,1.025E1));
#2776=VERTEX_POINT('',#2774);
#2777=VERTEX_POINT('',#2775);
#2778=CARTESIAN_POINT('',(2.909776932440E1,-4.941081640792E0,1.025E1));
#2779=CARTESIAN_POINT('',(3.229776932440E1,-4.941081640792E0,1.025E1));
#2780=VERTEX_POINT('',#2778);
#2781=VERTEX_POINT('',#2779);
#2782=CARTESIAN_POINT('',(-1.802230675596E0,-8.063580639991E0,1.025E1));
#2783=CARTESIAN_POINT('',(-1.802230675596E0,-1.818582641593E0,1.025E1));
#2784=VERTEX_POINT('',#2782);
#2785=VERTEX_POINT('',#2783);
#2786=CARTESIAN_POINT('',(-1.802230675596E0,-1.818582641593E0,1.425E1));
#2787=VERTEX_POINT('',#2786);
#2788=CARTESIAN_POINT('',(-1.802230675596E0,-8.063580639991E0,1.425E1));
#2789=VERTEX_POINT('',#2788);
#2790=CARTESIAN_POINT('',(2.819776932440E1,-8.063580639991E0,1.025E1));
#2791=CARTESIAN_POINT('',(2.819776932440E1,-1.818582641593E0,1.025E1));
#2792=VERTEX_POINT('',#2790);
#2793=VERTEX_POINT('',#2791);
#2794=CARTESIAN_POINT('',(2.819776932440E1,-1.818582641593E0,1.425E1));
#2795=VERTEX_POINT('',#2794);
#2796=CARTESIAN_POINT('',(2.819776932440E1,-8.063580639991E0,1.425E1));
#2797=VERTEX_POINT('',#2796);
#2798=CARTESIAN_POINT('',(5.697769324404E0,-2.994108164079E1,8.8E0));
#2799=DIRECTION('',(0.E0,-1.E0,0.E0));
#2800=DIRECTION('',(1.E0,0.E0,0.E0));
#2801=AXIS2_PLACEMENT_3D('',#2798,#2799,#2800);
#2802=CYLINDRICAL_SURFACE('',#2801,1.6E0);
#2804=ORIENTED_EDGE('',*,*,#2803,.F.);
#2806=ORIENTED_EDGE('',*,*,#2805,.T.);
#2808=ORIENTED_EDGE('',*,*,#2807,.T.);
#2810=ORIENTED_EDGE('',*,*,#2809,.F.);
#2811=EDGE_LOOP('',(#2804,#2806,#2808,#2810));
#2812=FACE_OUTER_BOUND('',#2811,.F.);
#2813=ADVANCED_FACE('',(#2812),#2802,.F.);
#2814=CARTESIAN_POINT('',(5.697769324404E0,-2.994108164079E1,8.8E0));
#2815=DIRECTION('',(0.E0,-1.E0,0.E0));
#2816=DIRECTION('',(1.E0,0.E0,0.E0));
#2817=AXIS2_PLACEMENT_3D('',#2814,#2815,#2816);
#2818=CYLINDRICAL_SURFACE('',#2817,1.6E0);
#2820=ORIENTED_EDGE('',*,*,#2819,.F.);
#2822=ORIENTED_EDGE('',*,*,#2821,.T.);
#2824=ORIENTED_EDGE('',*,*,#2823,.T.);
#2826=ORIENTED_EDGE('',*,*,#2825,.F.);
#2827=EDGE_LOOP('',(#2820,#2822,#2824,#2826));
#2828=FACE_OUTER_BOUND('',#2827,.F.);
#2829=ADVANCED_FACE('',(#2828),#2818,.F.);
#2830=CARTESIAN_POINT('',(-3.022306755956E-1,1.505891835921E1,1.285E1));
#2831=DIRECTION('',(0.E0,-1.E0,0.E0));
#2832=DIRECTION('',(1.E0,0.E0,0.E0));
#2833=AXIS2_PLACEMENT_3D('',#2830,#2831,#2832);
#2834=PLANE('',#2833);
#2836=ORIENTED_EDGE('',*,*,#2835,.F.);
#2838=ORIENTED_EDGE('',*,*,#2837,.F.);
#2840=ORIENTED_EDGE('',*,*,#2839,.T.);
#2842=ORIENTED_EDGE('',*,*,#2841,.T.);
#2844=ORIENTED_EDGE('',*,*,#2843,.F.);
#2846=ORIENTED_EDGE('',*,*,#2845,.F.);
#2848=ORIENTED_EDGE('',*,*,#2847,.F.);
#2850=ORIENTED_EDGE('',*,*,#2849,.F.);
#2851=EDGE_LOOP('',(#2836,#2838,#2840,#2842,#2844,#2846,#2848,#2850));
#2852=FACE_OUTER_BOUND('',#2851,.F.);
#2854=ORIENTED_EDGE('',*,*,#2853,.T.);
#2856=ORIENTED_EDGE('',*,*,#2855,.T.);
#2857=EDGE_LOOP('',(#2854,#2856));
#2858=FACE_BOUND('',#2857,.F.);
#2859=ORIENTED_EDGE('',*,*,#2803,.T.);
#2861=ORIENTED_EDGE('',*,*,#2860,.T.);
#2862=EDGE_LOOP('',(#2859,#2861));
#2863=FACE_BOUND('',#2862,.F.);
#2864=ADVANCED_FACE('',(#2852,#2858,#2863),#2834,.T.);
#2865=CARTESIAN_POINT('',(5.697769324404E0,-2.994108164079E1,8.8E0));
#2866=DIRECTION('',(0.E0,-1.E0,0.E0));
#2867=DIRECTION('',(1.E0,0.E0,0.E0));
#2868=AXIS2_PLACEMENT_3D('',#2865,#2866,#2867);
#2869=CYLINDRICAL_SURFACE('',#2868,1.6E0);
#2870=ORIENTED_EDGE('',*,*,#2860,.F.);
#2871=ORIENTED_EDGE('',*,*,#2809,.T.);
#2873=ORIENTED_EDGE('',*,*,#2872,.T.);
#2874=ORIENTED_EDGE('',*,*,#2805,.F.);
#2875=EDGE_LOOP('',(#2870,#2871,#2873,#2874));
#2876=FACE_OUTER_BOUND('',#2875,.F.);
#2877=ADVANCED_FACE('',(#2876),#2869,.F.);
#2878=CARTESIAN_POINT('',(5.697769324404E0,-2.994108164079E1,8.8E0));
#2879=DIRECTION('',(0.E0,-1.E0,0.E0));
#2880=DIRECTION('',(1.E0,0.E0,0.E0));
#2881=AXIS2_PLACEMENT_3D('',#2878,#2879,#2880);
#2882=CYLINDRICAL_SURFACE('',#2881,1.6E0);
#2884=ORIENTED_EDGE('',*,*,#2883,.F.);
#2885=ORIENTED_EDGE('',*,*,#2825,.T.);
#2887=ORIENTED_EDGE('',*,*,#2886,.T.);
#2888=ORIENTED_EDGE('',*,*,#2821,.F.);
#2889=EDGE_LOOP('',(#2884,#2885,#2887,#2888));
#2890=FACE_OUTER_BOUND('',#2889,.F.);
#2891=ADVANCED_FACE('',(#2890),#2882,.F.);
#2892=CARTESIAN_POINT('',(2.719776932440E1,2.105891835921E1,1.285E1));
#2893=DIRECTION('',(0.E0,1.E0,0.E0));
#2894=DIRECTION('',(-1.E0,0.E0,0.E0));
#2895=AXIS2_PLACEMENT_3D('',#2892,#2893,#2894);
#2896=PLANE('',#2895);
#2898=ORIENTED_EDGE('',*,*,#2897,.F.);
#2900=ORIENTED_EDGE('',*,*,#2899,.T.);
#2902=ORIENTED_EDGE('',*,*,#2901,.F.);
#2904=ORIENTED_EDGE('',*,*,#2903,.T.);
#2905=EDGE_LOOP('',(#2898,#2900,#2902,#2904));
#2906=FACE_OUTER_BOUND('',#2905,.F.);
#2908=ORIENTED_EDGE('',*,*,#2907,.F.);
#2910=ORIENTED_EDGE('',*,*,#2909,.F.);
#2911=EDGE_LOOP('',(#2908,#2910));
#2912=FACE_BOUND('',#2911,.F.);
#2913=ORIENTED_EDGE('',*,*,#2807,.F.);
#2914=ORIENTED_EDGE('',*,*,#2872,.F.);
#2915=EDGE_LOOP('',(#2913,#2914));
#2916=FACE_BOUND('',#2915,.F.);
#2917=ADVANCED_FACE('',(#2906,#2912,#2916),#2896,.T.);
#2918=CARTESIAN_POINT('',(2.069776932440E1,-2.994108164079E1,8.8E0));
#2919=DIRECTION('',(0.E0,-1.E0,0.E0));
#2920=DIRECTION('',(1.E0,0.E0,0.E0));
#2921=AXIS2_PLACEMENT_3D('',#2918,#2919,#2920);
#2922=CYLINDRICAL_SURFACE('',#2921,1.6E0);
#2923=ORIENTED_EDGE('',*,*,#2853,.F.);
#2925=ORIENTED_EDGE('',*,*,#2924,.T.);
#2926=ORIENTED_EDGE('',*,*,#2907,.T.);
#2928=ORIENTED_EDGE('',*,*,#2927,.F.);
#2929=EDGE_LOOP('',(#2923,#2925,#2926,#2928));
#2930=FACE_OUTER_BOUND('',#2929,.F.);
#2931=ADVANCED_FACE('',(#2930),#2922,.F.);
#2932=CARTESIAN_POINT('',(2.069776932440E1,-2.994108164079E1,8.8E0));
#2933=DIRECTION('',(0.E0,-1.E0,0.E0));
#2934=DIRECTION('',(1.E0,0.E0,0.E0));
#2935=AXIS2_PLACEMENT_3D('',#2932,#2933,#2934);
#2936=CYLINDRICAL_SURFACE('',#2935,1.6E0);
#2938=ORIENTED_EDGE('',*,*,#2937,.F.);
#2940=ORIENTED_EDGE('',*,*,#2939,.T.);
#2942=ORIENTED_EDGE('',*,*,#2941,.T.);
#2944=ORIENTED_EDGE('',*,*,#2943,.F.);
#2945=EDGE_LOOP('',(#2938,#2940,#2942,#2944));
#2946=FACE_OUTER_BOUND('',#2945,.F.);
#2947=ADVANCED_FACE('',(#2946),#2936,.F.);
#2948=CARTESIAN_POINT('',(2.069776932440E1,-2.994108164079E1,8.8E0));
#2949=DIRECTION('',(0.E0,-1.E0,0.E0));
#2950=DIRECTION('',(1.E0,0.E0,0.E0));
#2951=AXIS2_PLACEMENT_3D('',#2948,#2949,#2950);
#2952=CYLINDRICAL_SURFACE('',#2951,1.6E0);
#2953=ORIENTED_EDGE('',*,*,#2855,.F.);
#2954=ORIENTED_EDGE('',*,*,#2927,.T.);
#2955=ORIENTED_EDGE('',*,*,#2909,.T.);
#2956=ORIENTED_EDGE('',*,*,#2924,.F.);
#2957=EDGE_LOOP('',(#2953,#2954,#2955,#2956));
#2958=FACE_OUTER_BOUND('',#2957,.F.);
#2959=ADVANCED_FACE('',(#2958),#2952,.F.);
#2960=CARTESIAN_POINT('',(2.069776932440E1,-2.994108164079E1,8.8E0));
#2961=DIRECTION('',(0.E0,-1.E0,0.E0));
#2962=DIRECTION('',(1.E0,0.E0,0.E0));
#2963=AXIS2_PLACEMENT_3D('',#2960,#2961,#2962);
#2964=CYLINDRICAL_SURFACE('',#2963,1.6E0);
#2966=ORIENTED_EDGE('',*,*,#2965,.F.);
#2967=ORIENTED_EDGE('',*,*,#2943,.T.);
#2969=ORIENTED_EDGE('',*,*,#2968,.T.);
#2970=ORIENTED_EDGE('',*,*,#2939,.F.);
#2971=EDGE_LOOP('',(#2966,#2967,#2969,#2970));
#2972=FACE_OUTER_BOUND('',#2971,.F.);
#2973=ADVANCED_FACE('',(#2972),#2964,.F.);
#2974=CARTESIAN_POINT('',(-8.022306755956E-1,-2.994108164079E1,1.285E1));
#2975=DIRECTION('',(0.E0,-1.E0,0.E0));
#2976=DIRECTION('',(1.E0,0.E0,0.E0));
#2977=AXIS2_PLACEMENT_3D('',#2974,#2975,#2976);
#2978=PLANE('',#2977);
#2980=ORIENTED_EDGE('',*,*,#2979,.T.);
#2982=ORIENTED_EDGE('',*,*,#2981,.T.);
#2984=ORIENTED_EDGE('',*,*,#2983,.F.);
#2986=ORIENTED_EDGE('',*,*,#2985,.T.);
#2987=EDGE_LOOP('',(#2980,#2982,#2984,#2986));
#2988=FACE_OUTER_BOUND('',#2987,.F.);
#2989=ORIENTED_EDGE('',*,*,#2937,.T.);
#2990=ORIENTED_EDGE('',*,*,#2965,.T.);
#2991=EDGE_LOOP('',(#2989,#2990));
#2992=FACE_BOUND('',#2991,.F.);
#2993=ORIENTED_EDGE('',*,*,#2819,.T.);
#2994=ORIENTED_EDGE('',*,*,#2883,.T.);
#2995=EDGE_LOOP('',(#2993,#2994));
#2996=FACE_BOUND('',#2995,.F.);
#2997=ADVANCED_FACE('',(#2988,#2992,#2996),#2978,.T.);
#2998=CARTESIAN_POINT('',(2.319776932440E1,-2.494108164079E1,3.61076E1));
#2999=DIRECTION('',(0.E0,0.E0,-1.E0));
#3000=DIRECTION('',(1.E0,0.E0,0.E0));
#3001=AXIS2_PLACEMENT_3D('',#2998,#2999,#3000);
#3002=CYLINDRICAL_SURFACE('',#3001,5.E0);
#3004=ORIENTED_EDGE('',*,*,#3003,.F.);
#3006=ORIENTED_EDGE('',*,*,#3005,.T.);
#3008=ORIENTED_EDGE('',*,*,#3007,.T.);
#3009=ORIENTED_EDGE('',*,*,#2979,.F.);
#3010=EDGE_LOOP('',(#3004,#3006,#3008,#3009));
#3011=FACE_OUTER_BOUND('',#3010,.F.);
#3012=ADVANCED_FACE('',(#3011),#3002,.T.);
#3013=CARTESIAN_POINT('',(0.E0,0.E0,1.425E1));
#3014=DIRECTION('',(0.E0,0.E0,1.E0));
#3015=DIRECTION('',(1.E0,0.E0,0.E0));
#3016=AXIS2_PLACEMENT_3D('',#3013,#3014,#3015);
#3017=PLANE('',#3016);
#3019=ORIENTED_EDGE('',*,*,#3018,.T.);
#3021=ORIENTED_EDGE('',*,*,#3020,.T.);
#3023=ORIENTED_EDGE('',*,*,#3022,.T.);
#3025=ORIENTED_EDGE('',*,*,#3024,.T.);
#3026=EDGE_LOOP('',(#3019,#3021,#3023,#3025));
#3027=FACE_OUTER_BOUND('',#3026,.F.);
#3029=ORIENTED_EDGE('',*,*,#3028,.F.);
#3031=ORIENTED_EDGE('',*,*,#3030,.F.);
#3033=ORIENTED_EDGE('',*,*,#3032,.F.);
#3034=ORIENTED_EDGE('',*,*,#2903,.F.);
#3036=ORIENTED_EDGE('',*,*,#3035,.T.);
#3038=ORIENTED_EDGE('',*,*,#3037,.F.);
#3040=ORIENTED_EDGE('',*,*,#3039,.F.);
#3042=ORIENTED_EDGE('',*,*,#3041,.F.);
#3043=ORIENTED_EDGE('',*,*,#3003,.T.);
#3044=ORIENTED_EDGE('',*,*,#2985,.F.);
#3046=ORIENTED_EDGE('',*,*,#3045,.T.);
#3048=ORIENTED_EDGE('',*,*,#3047,.F.);
#3049=EDGE_LOOP('',(#3029,#3031,#3033,#3034,#3036,#3038,#3040,#3042,#3043,#3044,
#3046,#3048));
#3050=FACE_BOUND('',#3049,.F.);
#3051=ADVANCED_FACE('',(#3027,#3050),#3017,.F.);
#3052=CARTESIAN_POINT('',(-2.480223067560E1,-3.194108164079E1,1.425E1));
#3053=DIRECTION('',(0.E0,-1.E0,0.E0));
#3054=DIRECTION('',(1.E0,0.E0,0.E0));
#3055=AXIS2_PLACEMENT_3D('',#3052,#3053,#3054);
#3056=PLANE('',#3055);
#3058=ORIENTED_EDGE('',*,*,#3057,.T.);
#3060=ORIENTED_EDGE('',*,*,#3059,.T.);
#3062=ORIENTED_EDGE('',*,*,#3061,.F.);
#3063=ORIENTED_EDGE('',*,*,#3018,.F.);
#3064=EDGE_LOOP('',(#3058,#3060,#3062,#3063));
#3065=FACE_OUTER_BOUND('',#3064,.F.);
#3066=ADVANCED_FACE('',(#3065),#3056,.T.);
#3067=CARTESIAN_POINT('',(-2.480223067560E1,3.505891835921E1,1.425E1));
#3068=DIRECTION('',(-1.E0,0.E0,0.E0));
#3069=DIRECTION('',(0.E0,-1.E0,0.E0));
#3070=AXIS2_PLACEMENT_3D('',#3067,#3068,#3069);
#3071=PLANE('',#3070);
#3073=ORIENTED_EDGE('',*,*,#3072,.F.);
#3075=ORIENTED_EDGE('',*,*,#3074,.F.);
#3077=ORIENTED_EDGE('',*,*,#3076,.T.);
#3078=ORIENTED_EDGE('',*,*,#3057,.F.);
#3079=ORIENTED_EDGE('',*,*,#3024,.F.);
#3081=ORIENTED_EDGE('',*,*,#3080,.F.);
#3083=ORIENTED_EDGE('',*,*,#3082,.T.);
#3085=ORIENTED_EDGE('',*,*,#3084,.T.);
#3086=EDGE_LOOP('',(#3073,#3075,#3077,#3078,#3079,#3081,#3083,#3085));
#3087=FACE_OUTER_BOUND('',#3086,.F.);
#3088=ADVANCED_FACE('',(#3087),#3071,.T.);
#3089=CARTESIAN_POINT('',(0.E0,0.E0,1.875E1));
#3090=DIRECTION('',(0.E0,0.E0,1.E0));
#3091=DIRECTION('',(1.E0,0.E0,0.E0));
#3092=AXIS2_PLACEMENT_3D('',#3089,#3090,#3091);
#3093=PLANE('',#3092);
#3094=ORIENTED_EDGE('',*,*,#3072,.T.);
#3096=ORIENTED_EDGE('',*,*,#3095,.F.);
#3098=ORIENTED_EDGE('',*,*,#3097,.F.);
#3100=ORIENTED_EDGE('',*,*,#3099,.F.);
#3101=EDGE_LOOP('',(#3094,#3096,#3098,#3100));
#3102=FACE_OUTER_BOUND('',#3101,.F.);
#3103=ADVANCED_FACE('',(#3102),#3093,.T.);
#3104=CARTESIAN_POINT('',(-2.330223067560E1,2.705891835921E1,1.725E1));
#3105=DIRECTION('',(0.E0,-1.E0,0.E0));
#3106=DIRECTION('',(1.E0,0.E0,0.E0));
#3107=AXIS2_PLACEMENT_3D('',#3104,#3105,#3106);
#3108=PLANE('',#3107);
#3110=ORIENTED_EDGE('',*,*,#3109,.T.);
#3111=ORIENTED_EDGE('',*,*,#3095,.T.);
#3112=ORIENTED_EDGE('',*,*,#3084,.F.);
#3114=ORIENTED_EDGE('',*,*,#3113,.T.);
#3116=ORIENTED_EDGE('',*,*,#3115,.T.);
#3118=ORIENTED_EDGE('',*,*,#3117,.T.);
#3120=ORIENTED_EDGE('',*,*,#3119,.F.);
#3122=ORIENTED_EDGE('',*,*,#3121,.F.);
#3123=EDGE_LOOP('',(#3110,#3111,#3112,#3114,#3116,#3118,#3120,#3122));
#3124=FACE_OUTER_BOUND('',#3123,.F.);
#3125=ADVANCED_FACE('',(#3124),#3108,.T.);
#3126=CARTESIAN_POINT('',(-2.330223067560E1,-3.044108164079E1,1.725E1));
#3127=DIRECTION('',(1.E0,0.E0,0.E0));
#3128=DIRECTION('',(0.E0,1.E0,0.E0));
#3129=AXIS2_PLACEMENT_3D('',#3126,#3127,#3128);
#3130=PLANE('',#3129);
#3131=ORIENTED_EDGE('',*,*,#3097,.T.);
#3132=ORIENTED_EDGE('',*,*,#3109,.F.);
#3134=ORIENTED_EDGE('',*,*,#3133,.F.);
#3136=ORIENTED_EDGE('',*,*,#3135,.T.);
#3138=ORIENTED_EDGE('',*,*,#3137,.F.);
#3140=ORIENTED_EDGE('',*,*,#3139,.T.);
#3142=ORIENTED_EDGE('',*,*,#3141,.T.);
#3144=ORIENTED_EDGE('',*,*,#3143,.T.);
#3145=EDGE_LOOP('',(#3131,#3132,#3134,#3136,#3138,#3140,#3142,#3144));
#3146=FACE_OUTER_BOUND('',#3145,.F.);
#3147=ADVANCED_FACE('',(#3146),#3130,.T.);
#3148=CARTESIAN_POINT('',(-2.330223067560E1,-3.044108164079E1,1.725E1));
#3149=DIRECTION('',(1.E0,0.E0,0.E0));
#3150=DIRECTION('',(0.E0,1.E0,0.E0));
#3151=AXIS2_PLACEMENT_3D('',#3148,#3149,#3150);
#3152=PLANE('',#3151);
#3153=ORIENTED_EDGE('',*,*,#3115,.F.);
#3155=ORIENTED_EDGE('',*,*,#3154,.T.);
#3157=ORIENTED_EDGE('',*,*,#3156,.F.);
#3159=ORIENTED_EDGE('',*,*,#3158,.F.);
#3160=EDGE_LOOP('',(#3153,#3155,#3157,#3159));
#3161=FACE_OUTER_BOUND('',#3160,.F.);
#3162=ADVANCED_FACE('',(#3161),#3152,.T.);
#3163=CARTESIAN_POINT('',(0.E0,0.E0,1.725E1));
#3164=DIRECTION('',(0.E0,0.E0,1.E0));
#3165=DIRECTION('',(1.E0,0.E0,0.E0));
#3166=AXIS2_PLACEMENT_3D('',#3163,#3164,#3165);
#3167=PLANE('',#3166);
#3169=ORIENTED_EDGE('',*,*,#3168,.T.);
#3171=ORIENTED_EDGE('',*,*,#3170,.F.);
#3173=ORIENTED_EDGE('',*,*,#3172,.T.);
#3175=ORIENTED_EDGE('',*,*,#3174,.T.);
#3177=ORIENTED_EDGE('',*,*,#3176,.F.);
#3179=ORIENTED_EDGE('',*,*,#3178,.T.);
#3181=ORIENTED_EDGE('',*,*,#3180,.T.);
#3183=ORIENTED_EDGE('',*,*,#3182,.F.);
#3184=ORIENTED_EDGE('',*,*,#3133,.T.);
#3185=ORIENTED_EDGE('',*,*,#3121,.T.);
#3187=ORIENTED_EDGE('',*,*,#3186,.F.);
#3189=ORIENTED_EDGE('',*,*,#3188,.T.);
#3190=EDGE_LOOP('',(#3169,#3171,#3173,#3175,#3177,#3179,#3181,#3183,#3184,#3185,
#3187,#3189));
#3191=FACE_OUTER_BOUND('',#3190,.F.);
#3192=ORIENTED_EDGE('',*,*,#2841,.F.);
#3194=ORIENTED_EDGE('',*,*,#3193,.F.);
#3196=ORIENTED_EDGE('',*,*,#3195,.F.);
#3198=ORIENTED_EDGE('',*,*,#3197,.F.);
#3199=EDGE_LOOP('',(#3192,#3194,#3196,#3198));
#3200=FACE_BOUND('',#3199,.F.);
#3201=ADVANCED_FACE('',(#3191,#3200),#3167,.T.);
#3202=CARTESIAN_POINT('',(-8.602230675596E0,-2.394108164079E1,1.575E1));
#3203=DIRECTION('',(1.E0,0.E0,0.E0));
#3204=DIRECTION('',(0.E0,1.E0,0.E0));
#3205=AXIS2_PLACEMENT_3D('',#3202,#3203,#3204);
#3206=PLANE('',#3205);
#3208=ORIENTED_EDGE('',*,*,#3207,.F.);
#3210=ORIENTED_EDGE('',*,*,#3209,.T.);
#3211=ORIENTED_EDGE('',*,*,#3193,.T.);
#3212=ORIENTED_EDGE('',*,*,#2839,.F.);
#3213=EDGE_LOOP('',(#3208,#3210,#3211,#3212));
#3214=FACE_OUTER_BOUND('',#3213,.F.);
#3215=ADVANCED_FACE('',(#3214),#3206,.T.);
#3216=CARTESIAN_POINT('',(0.E0,0.E0,1.575E1));
#3217=DIRECTION('',(0.E0,0.E0,1.E0));
#3218=DIRECTION('',(1.E0,0.E0,0.E0));
#3219=AXIS2_PLACEMENT_3D('',#3216,#3217,#3218);
#3220=PLANE('',#3219);
#3221=ORIENTED_EDGE('',*,*,#2837,.T.);
#3223=ORIENTED_EDGE('',*,*,#3222,.F.);
#3225=ORIENTED_EDGE('',*,*,#3224,.T.);
#3226=ORIENTED_EDGE('',*,*,#3207,.T.);
#3227=EDGE_LOOP('',(#3221,#3223,#3225,#3226));
#3228=FACE_OUTER_BOUND('',#3227,.F.);
#3230=ORIENTED_EDGE('',*,*,#3229,.T.);
#3232=ORIENTED_EDGE('',*,*,#3231,.T.);
#3233=EDGE_LOOP('',(#3230,#3232));
#3234=FACE_BOUND('',#3233,.F.);
#3235=ADVANCED_FACE('',(#3228,#3234),#3220,.T.);
#3236=CARTESIAN_POINT('',(0.E0,0.E0,1.575E1));
#3237=DIRECTION('',(0.E0,0.E0,1.E0));
#3238=DIRECTION('',(1.E0,0.E0,0.E0));
#3239=AXIS2_PLACEMENT_3D('',#3236,#3237,#3238);
#3240=PLANE('',#3239);
#3241=ORIENTED_EDGE('',*,*,#2845,.T.);
#3243=ORIENTED_EDGE('',*,*,#3242,.T.);
#3245=ORIENTED_EDGE('',*,*,#3244,.T.);
#3247=ORIENTED_EDGE('',*,*,#3246,.F.);
#3248=EDGE_LOOP('',(#3241,#3243,#3245,#3247));
#3249=FACE_OUTER_BOUND('',#3248,.F.);
#3251=ORIENTED_EDGE('',*,*,#3250,.T.);
#3253=ORIENTED_EDGE('',*,*,#3252,.T.);
#3254=EDGE_LOOP('',(#3251,#3253));
#3255=FACE_BOUND('',#3254,.F.);
#3256=ADVANCED_FACE('',(#3249,#3255),#3240,.T.);
#3257=CARTESIAN_POINT('',(-3.022306755956E-1,-2.394108164079E1,1.285E1));
#3258=DIRECTION('',(1.E0,0.E0,0.E0));
#3259=DIRECTION('',(0.E0,1.E0,0.E0));
#3260=AXIS2_PLACEMENT_3D('',#3257,#3258,#3259);
#3261=PLANE('',#3260);
#3262=ORIENTED_EDGE('',*,*,#3222,.T.);
#3263=ORIENTED_EDGE('',*,*,#2835,.T.);
#3265=ORIENTED_EDGE('',*,*,#3264,.F.);
#3267=ORIENTED_EDGE('',*,*,#3266,.T.);
#3269=ORIENTED_EDGE('',*,*,#3268,.F.);
#3271=ORIENTED_EDGE('',*,*,#3270,.T.);
#3273=ORIENTED_EDGE('',*,*,#3272,.F.);
#3275=ORIENTED_EDGE('',*,*,#3274,.T.);
#3277=ORIENTED_EDGE('',*,*,#3276,.F.);
#3279=ORIENTED_EDGE('',*,*,#3278,.T.);
#3281=ORIENTED_EDGE('',*,*,#3280,.F.);
#3283=ORIENTED_EDGE('',*,*,#3282,.T.);
#3285=ORIENTED_EDGE('',*,*,#3284,.F.);
#3287=ORIENTED_EDGE('',*,*,#3286,.T.);
#3289=ORIENTED_EDGE('',*,*,#3288,.F.);
#3291=ORIENTED_EDGE('',*,*,#3290,.F.);
#3293=ORIENTED_EDGE('',*,*,#3292,.F.);
#3295=ORIENTED_EDGE('',*,*,#3294,.F.);
#3297=ORIENTED_EDGE('',*,*,#3296,.F.);
#3299=ORIENTED_EDGE('',*,*,#3298,.F.);
#3301=ORIENTED_EDGE('',*,*,#3300,.F.);
#3303=ORIENTED_EDGE('',*,*,#3302,.F.);
#3305=ORIENTED_EDGE('',*,*,#3304,.F.);
#3307=ORIENTED_EDGE('',*,*,#3306,.T.);
#3308=EDGE_LOOP('',(#3262,#3263,#3265,#3267,#3269,#3271,#3273,#3275,#3277,#3279,
#3281,#3283,#3285,#3287,#3289,#3291,#3293,#3295,#3297,#3299,#3301,#3303,#3305,
#3307));
#3309=FACE_OUTER_BOUND('',#3308,.F.);
#3310=ADVANCED_FACE('',(#3309),#3261,.T.);
#3311=CARTESIAN_POINT('',(1.319776932440E1,-4.797404104237E0,7.5E-1));
#3312=DIRECTION('',(0.E0,0.E0,1.E0));
#3313=DIRECTION('',(1.E0,0.E0,0.E0));
#3314=AXIS2_PLACEMENT_3D('',#3311,#3312,#3313);
#3315=PLANE('',#3314);
#3317=ORIENTED_EDGE('',*,*,#3316,.F.);
#3319=ORIENTED_EDGE('',*,*,#3318,.F.);
#3321=ORIENTED_EDGE('',*,*,#3320,.T.);
#3323=ORIENTED_EDGE('',*,*,#3322,.F.);
#3325=ORIENTED_EDGE('',*,*,#3324,.F.);
#3327=ORIENTED_EDGE('',*,*,#3326,.T.);
#3329=ORIENTED_EDGE('',*,*,#3328,.F.);
#3331=ORIENTED_EDGE('',*,*,#3330,.T.);
#3333=ORIENTED_EDGE('',*,*,#3332,.F.);
#3335=ORIENTED_EDGE('',*,*,#3334,.F.);
#3337=ORIENTED_EDGE('',*,*,#3336,.T.);
#3339=ORIENTED_EDGE('',*,*,#3338,.F.);
#3341=ORIENTED_EDGE('',*,*,#3340,.F.);
#3343=ORIENTED_EDGE('',*,*,#3342,.F.);
#3344=ORIENTED_EDGE('',*,*,#3264,.T.);
#3345=ORIENTED_EDGE('',*,*,#2849,.T.);
#3347=ORIENTED_EDGE('',*,*,#3346,.F.);
#3349=ORIENTED_EDGE('',*,*,#3348,.F.);
#3350=EDGE_LOOP('',(#3317,#3319,#3321,#3323,#3325,#3327,#3329,#3331,#3333,#3335,
#3337,#3339,#3341,#3343,#3344,#3345,#3347,#3349));
#3351=FACE_OUTER_BOUND('',#3350,.F.);
#3352=ADVANCED_FACE('',(#3351),#3315,.T.);
#3353=CARTESIAN_POINT('',(2.594356181210E1,7.831712695007E0,6.010800756163E1));
#3354=DIRECTION('',(9.998285763251E-1,-1.851534400602E-2,0.E0));
#3355=DIRECTION('',(-1.851534400602E-2,-9.998285763251E-1,0.E0));
#3356=AXIS2_PLACEMENT_3D('',#3353,#3354,#3355);
#3357=PLANE('',#3356);
#3359=ORIENTED_EDGE('',*,*,#3358,.T.);
#3361=ORIENTED_EDGE('',*,*,#3360,.F.);
#3363=ORIENTED_EDGE('',*,*,#3362,.T.);
#3365=ORIENTED_EDGE('',*,*,#3364,.T.);
#3366=ORIENTED_EDGE('',*,*,#3316,.T.);
#3368=ORIENTED_EDGE('',*,*,#3367,.T.);
#3370=ORIENTED_EDGE('',*,*,#3369,.T.);
#3372=ORIENTED_EDGE('',*,*,#3371,.T.);
#3373=EDGE_LOOP('',(#3359,#3361,#3363,#3365,#3366,#3368,#3370,#3372));
#3374=FACE_OUTER_BOUND('',#3373,.F.);
#3375=ADVANCED_FACE('',(#3374),#3357,.F.);
#3376=CARTESIAN_POINT('',(1.319776932440E1,-4.797404104237E0,7.5E-1));
#3377=DIRECTION('',(0.E0,0.E0,1.E0));
#3378=DIRECTION('',(1.E0,0.E0,0.E0));
#3379=AXIS2_PLACEMENT_3D('',#3376,#3377,#3378);
#3380=PLANE('',#3379);
#3381=ORIENTED_EDGE('',*,*,#3358,.F.);
#3383=ORIENTED_EDGE('',*,*,#3382,.F.);
#3385=ORIENTED_EDGE('',*,*,#3384,.F.);
#3387=ORIENTED_EDGE('',*,*,#3386,.F.);
#3389=ORIENTED_EDGE('',*,*,#3388,.F.);
#3391=ORIENTED_EDGE('',*,*,#3390,.T.);
#3392=EDGE_LOOP('',(#3381,#3383,#3385,#3387,#3389,#3391));
#3393=FACE_OUTER_BOUND('',#3392,.F.);
#3394=ADVANCED_FACE('',(#3393),#3380,.T.);
#3395=CARTESIAN_POINT('',(2.690509005865E1,5.744979543136E0,1.850434636525E0));
#3396=DIRECTION('',(0.E0,0.E0,-1.E0));
#3397=DIRECTION('',(-2.073207342498E-1,-9.782730258727E-1,0.E0));
#3398=AXIS2_PLACEMENT_3D('',#3395,#3396,#3397);
#3399=CYLINDRICAL_SURFACE('',#3398,1.E0);
#3401=ORIENTED_EDGE('',*,*,#3400,.F.);
#3403=ORIENTED_EDGE('',*,*,#3402,.F.);
#3404=ORIENTED_EDGE('',*,*,#3382,.T.);
#3405=ORIENTED_EDGE('',*,*,#3371,.F.);
#3406=EDGE_LOOP('',(#3401,#3403,#3404,#3405));
#3407=FACE_OUTER_BOUND('',#3406,.F.);
#3408=ADVANCED_FACE('',(#3407),#3399,.T.);
#3409=CARTESIAN_POINT('',(-3.022306755956E-1,-6.241081640792E0,-1.0825E2));
#3410=DIRECTION('',(1.E0,0.E0,0.E0));
#3411=DIRECTION('',(0.E0,1.E0,0.E0));
#3412=AXIS2_PLACEMENT_3D('',#3409,#3410,#3411);
#3413=CYLINDRICAL_SURFACE('',#3412,1.105E2);
#3415=ORIENTED_EDGE('',*,*,#3414,.T.);
#3416=ORIENTED_EDGE('',*,*,#3276,.T.);
#3418=ORIENTED_EDGE('',*,*,#3417,.T.);
#3420=ORIENTED_EDGE('',*,*,#3419,.T.);
#3421=EDGE_LOOP('',(#3415,#3416,#3418,#3420));
#3422=FACE_OUTER_BOUND('',#3421,.F.);
#3423=ADVANCED_FACE('',(#3422),#3413,.T.);
#3424=CARTESIAN_POINT('',(-3.022306755956E-1,-6.241081640792E0,-1.0825E2));
#3425=DIRECTION('',(1.E0,0.E0,0.E0));
#3426=DIRECTION('',(0.E0,1.E0,0.E0));
#3427=AXIS2_PLACEMENT_3D('',#3424,#3425,#3426);
#3428=CYLINDRICAL_SURFACE('',#3427,1.105E2);
#3430=ORIENTED_EDGE('',*,*,#3429,.F.);
#3431=ORIENTED_EDGE('',*,*,#3300,.T.);
#3433=ORIENTED_EDGE('',*,*,#3432,.T.);
#3435=ORIENTED_EDGE('',*,*,#3434,.T.);
#3437=ORIENTED_EDGE('',*,*,#3436,.T.);
#3439=ORIENTED_EDGE('',*,*,#3438,.T.);
#3440=EDGE_LOOP('',(#3430,#3431,#3433,#3435,#3437,#3439));
#3441=FACE_OUTER_BOUND('',#3440,.F.);
#3442=ADVANCED_FACE('',(#3441),#3428,.T.);
#3443=CARTESIAN_POINT('',(-3.022306755956E-1,-6.241081640792E0,-1.0825E2));
#3444=DIRECTION('',(1.E0,0.E0,0.E0));
#3445=DIRECTION('',(0.E0,1.E0,0.E0));
#3446=AXIS2_PLACEMENT_3D('',#3443,#3444,#3445);
#3447=CYLINDRICAL_SURFACE('',#3446,1.105E2);
#3449=ORIENTED_EDGE('',*,*,#3448,.T.);
#3451=ORIENTED_EDGE('',*,*,#3450,.T.);
#3453=ORIENTED_EDGE('',*,*,#3452,.T.);
#3454=ORIENTED_EDGE('',*,*,#3268,.T.);
#3455=EDGE_LOOP('',(#3449,#3451,#3453,#3454));
#3456=FACE_OUTER_BOUND('',#3455,.F.);
#3457=ADVANCED_FACE('',(#3456),#3447,.T.);
#3458=CARTESIAN_POINT('',(-3.022306755956E-1,-6.241081640792E0,-1.0825E2));
#3459=DIRECTION('',(1.E0,0.E0,0.E0));
#3460=DIRECTION('',(0.E0,1.E0,0.E0));
#3461=AXIS2_PLACEMENT_3D('',#3458,#3459,#3460);
#3462=CYLINDRICAL_SURFACE('',#3461,1.105E2);
#3464=ORIENTED_EDGE('',*,*,#3463,.T.);
#3466=ORIENTED_EDGE('',*,*,#3465,.T.);
#3468=ORIENTED_EDGE('',*,*,#3467,.F.);
#3469=ORIENTED_EDGE('',*,*,#3292,.T.);
#3471=ORIENTED_EDGE('',*,*,#3470,.T.);
#3473=ORIENTED_EDGE('',*,*,#3472,.T.);
#3474=EDGE_LOOP('',(#3464,#3466,#3468,#3469,#3471,#3473));
#3475=FACE_OUTER_BOUND('',#3474,.F.);
#3476=ADVANCED_FACE('',(#3475),#3462,.T.);
#3477=CARTESIAN_POINT('',(-3.022306755956E-1,-6.241081640792E0,-1.0825E2));
#3478=DIRECTION('',(1.E0,0.E0,0.E0));
#3479=DIRECTION('',(0.E0,1.E0,0.E0));
#3480=AXIS2_PLACEMENT_3D('',#3477,#3478,#3479);
#3481=CYLINDRICAL_SURFACE('',#3480,1.105E2);
#3483=ORIENTED_EDGE('',*,*,#3482,.T.);
#3485=ORIENTED_EDGE('',*,*,#3484,.T.);
#3487=ORIENTED_EDGE('',*,*,#3486,.T.);
#3488=ORIENTED_EDGE('',*,*,#3284,.T.);
#3489=EDGE_LOOP('',(#3483,#3485,#3487,#3488));
#3490=FACE_OUTER_BOUND('',#3489,.F.);
#3491=ADVANCED_FACE('',(#3490),#3481,.T.);
#3492=CARTESIAN_POINT('',(-3.022306755956E-1,-6.241081640792E0,-1.0825E2));
#3493=DIRECTION('',(1.E0,0.E0,0.E0));
#3494=DIRECTION('',(0.E0,1.E0,0.E0));
#3495=AXIS2_PLACEMENT_3D('',#3492,#3493,#3494);
#3496=CYLINDRICAL_SURFACE('',#3495,1.105E2);
#3498=ORIENTED_EDGE('',*,*,#3497,.T.);
#3500=ORIENTED_EDGE('',*,*,#3499,.F.);
#3501=ORIENTED_EDGE('',*,*,#3400,.T.);
#3502=ORIENTED_EDGE('',*,*,#3369,.F.);
#3503=EDGE_LOOP('',(#3498,#3500,#3501,#3502));
#3504=FACE_OUTER_BOUND('',#3503,.F.);
#3505=ADVANCED_FACE('',(#3504),#3496,.T.);
#3506=CARTESIAN_POINT('',(-3.022306755956E-1,-6.241081640792E0,-1.0825E2));
#3507=DIRECTION('',(1.E0,0.E0,0.E0));
#3508=DIRECTION('',(0.E0,1.E0,0.E0));
#3509=AXIS2_PLACEMENT_3D('',#3506,#3507,#3508);
#3510=CYLINDRICAL_SURFACE('',#3509,1.105E2);
#3512=ORIENTED_EDGE('',*,*,#3511,.T.);
#3514=ORIENTED_EDGE('',*,*,#3513,.F.);
#3516=ORIENTED_EDGE('',*,*,#3515,.T.);
#3518=ORIENTED_EDGE('',*,*,#3517,.F.);
#3520=ORIENTED_EDGE('',*,*,#3519,.F.);
#3521=EDGE_LOOP('',(#3512,#3514,#3516,#3518,#3520));
#3522=FACE_OUTER_BOUND('',#3521,.F.);
#3523=ADVANCED_FACE('',(#3522),#3510,.T.);
#3524=CARTESIAN_POINT('',(-3.022306755956E-1,-6.241081640792E0,-1.0825E2));
#3525=DIRECTION('',(1.E0,0.E0,0.E0));
#3526=DIRECTION('',(0.E0,1.E0,0.E0));
#3527=AXIS2_PLACEMENT_3D('',#3524,#3525,#3526);
#3528=CYLINDRICAL_SURFACE('',#3527,1.105E2);
#3530=ORIENTED_EDGE('',*,*,#3529,.T.);
#3532=ORIENTED_EDGE('',*,*,#3531,.F.);
#3534=ORIENTED_EDGE('',*,*,#3533,.T.);
#3536=ORIENTED_EDGE('',*,*,#3535,.T.);
#3538=ORIENTED_EDGE('',*,*,#3537,.F.);
#3540=ORIENTED_EDGE('',*,*,#3539,.F.);
#3541=EDGE_LOOP('',(#3530,#3532,#3534,#3536,#3538,#3540));
#3542=FACE_OUTER_BOUND('',#3541,.F.);
#3543=ADVANCED_FACE('',(#3542),#3528,.T.);
#3544=CARTESIAN_POINT('',(-3.022306755956E-1,-6.241081640792E0,-1.0825E2));
#3545=DIRECTION('',(1.E0,0.E0,0.E0));
#3546=DIRECTION('',(0.E0,1.E0,0.E0));
#3547=AXIS2_PLACEMENT_3D('',#3544,#3545,#3546);
#3548=CYLINDRICAL_SURFACE('',#3547,1.105E2);
#3550=ORIENTED_EDGE('',*,*,#3549,.F.);
#3552=ORIENTED_EDGE('',*,*,#3551,.T.);
#3554=ORIENTED_EDGE('',*,*,#3553,.T.);
#3556=ORIENTED_EDGE('',*,*,#3555,.F.);
#3558=ORIENTED_EDGE('',*,*,#3557,.F.);
#3560=ORIENTED_EDGE('',*,*,#3559,.T.);
#3561=EDGE_LOOP('',(#3550,#3552,#3554,#3556,#3558,#3560));
#3562=FACE_OUTER_BOUND('',#3561,.F.);
#3563=ADVANCED_FACE('',(#3562),#3548,.T.);
#3564=CARTESIAN_POINT('',(-3.022306755956E-1,-6.241081640792E0,-1.0825E2));
#3565=DIRECTION('',(1.E0,0.E0,0.E0));
#3566=DIRECTION('',(0.E0,1.E0,0.E0));
#3567=AXIS2_PLACEMENT_3D('',#3564,#3565,#3566);
#3568=CYLINDRICAL_SURFACE('',#3567,1.105E2);
#3570=ORIENTED_EDGE('',*,*,#3569,.T.);
#3572=ORIENTED_EDGE('',*,*,#3571,.F.);
#3574=ORIENTED_EDGE('',*,*,#3573,.T.);
#3576=ORIENTED_EDGE('',*,*,#3575,.F.);
#3577=EDGE_LOOP('',(#3570,#3572,#3574,#3576));
#3578=FACE_OUTER_BOUND('',#3577,.F.);
#3579=ADVANCED_FACE('',(#3578),#3568,.T.);
#3580=CARTESIAN_POINT('',(-4.264452556965E-1,2.572472190947E-1,
2.009685886949E0));
#3581=DIRECTION('',(0.E0,0.E0,1.E0));
#3582=DIRECTION('',(1.242145801009E-1,-9.922553794716E-1,0.E0));
#3583=AXIS2_PLACEMENT_3D('',#3580,#3581,#3582);
#3584=CYLINDRICAL_SURFACE('',#3583,1.E0);
#3585=ORIENTED_EDGE('',*,*,#3414,.F.);
#3587=ORIENTED_EDGE('',*,*,#3586,.F.);
#3589=ORIENTED_EDGE('',*,*,#3588,.T.);
#3590=ORIENTED_EDGE('',*,*,#3278,.F.);
#3591=EDGE_LOOP('',(#3585,#3587,#3589,#3590));
#3592=FACE_OUTER_BOUND('',#3591,.F.);
#3593=ADVANCED_FACE('',(#3592),#3584,.T.);
#3594=CARTESIAN_POINT('',(5.897377173381E-1,-6.073748592090E-1,
6.010800756163E1));
#3595=DIRECTION('',(-9.998285763251E-1,-1.851534400602E-2,0.E0));
#3596=DIRECTION('',(-1.851534400602E-2,9.998285763251E-1,0.E0));
#3597=AXIS2_PLACEMENT_3D('',#3594,#3595,#3596);
#3598=PLANE('',#3597);
#3599=ORIENTED_EDGE('',*,*,#3419,.F.);
#3601=ORIENTED_EDGE('',*,*,#3600,.T.);
#3603=ORIENTED_EDGE('',*,*,#3602,.T.);
#3605=ORIENTED_EDGE('',*,*,#3604,.F.);
#3607=ORIENTED_EDGE('',*,*,#3606,.T.);
#3609=ORIENTED_EDGE('',*,*,#3608,.F.);
#3611=ORIENTED_EDGE('',*,*,#3610,.T.);
#3612=ORIENTED_EDGE('',*,*,#3586,.T.);
#3613=EDGE_LOOP('',(#3599,#3601,#3603,#3605,#3607,#3609,#3611,#3612));
#3614=FACE_OUTER_BOUND('',#3613,.F.);
#3615=ADVANCED_FACE('',(#3614),#3598,.F.);
#3616=CARTESIAN_POINT('',(-4.453167961711E-1,1.276310404723E0,-5.E-1));
#3617=DIRECTION('',(0.E0,0.E0,-1.E0));
#3618=DIRECTION('',(1.430861205755E-1,9.897102414842E-1,0.E0));
#3619=AXIS2_PLACEMENT_3D('',#3616,#3617,#3618);
#3620=CYLINDRICAL_SURFACE('',#3619,1.E0);
#3621=ORIENTED_EDGE('',*,*,#3417,.F.);
#3622=ORIENTED_EDGE('',*,*,#3274,.F.);
#3624=ORIENTED_EDGE('',*,*,#3623,.T.);
#3625=ORIENTED_EDGE('',*,*,#3600,.F.);
#3626=EDGE_LOOP('',(#3621,#3622,#3624,#3625));
#3627=FACE_OUTER_BOUND('',#3626,.F.);
#3628=ADVANCED_FACE('',(#3627),#3620,.T.);
#3629=CARTESIAN_POINT('',(1.319776932440E1,-4.797404104237E0,7.5E-1));
#3630=DIRECTION('',(0.E0,0.E0,1.E0));
#3631=DIRECTION('',(1.E0,0.E0,0.E0));
#3632=AXIS2_PLACEMENT_3D('',#3629,#3630,#3631);
#3633=PLANE('',#3632);
#3635=ORIENTED_EDGE('',*,*,#3634,.F.);
#3637=ORIENTED_EDGE('',*,*,#3636,.T.);
#3638=ORIENTED_EDGE('',*,*,#3602,.F.);
#3639=ORIENTED_EDGE('',*,*,#3623,.F.);
#3640=ORIENTED_EDGE('',*,*,#3272,.T.);
#3642=ORIENTED_EDGE('',*,*,#3641,.F.);
#3643=EDGE_LOOP('',(#3635,#3637,#3638,#3639,#3640,#3642));
#3644=FACE_OUTER_BOUND('',#3643,.F.);
#3645=ADVANCED_FACE('',(#3644),#3633,.T.);
#3646=CARTESIAN_POINT('',(5.185041776887E-1,4.239236281854E0,6.010800756163E1));
#3647=DIRECTION('',(-9.998285763251E-1,-1.851534400602E-2,0.E0));
#3648=DIRECTION('',(-1.851534400602E-2,9.998285763251E-1,0.E0));
#3649=AXIS2_PLACEMENT_3D('',#3646,#3647,#3648);
#3650=PLANE('',#3649);
#3652=ORIENTED_EDGE('',*,*,#3651,.T.);
#3654=ORIENTED_EDGE('',*,*,#3653,.F.);
#3655=ORIENTED_EDGE('',*,*,#3634,.T.);
#3657=ORIENTED_EDGE('',*,*,#3656,.T.);
#3658=ORIENTED_EDGE('',*,*,#3450,.F.);
#3660=ORIENTED_EDGE('',*,*,#3659,.T.);
#3661=ORIENTED_EDGE('',*,*,#3340,.T.);
#3663=ORIENTED_EDGE('',*,*,#3662,.T.);
#3664=EDGE_LOOP('',(#3652,#3654,#3655,#3657,#3658,#3660,#3661,#3663));
#3665=FACE_OUTER_BOUND('',#3664,.F.);
#3666=ADVANCED_FACE('',(#3665),#3650,.F.);
#3667=CARTESIAN_POINT('',(0.E0,0.E0,-7.5E-1));
#3668=DIRECTION('',(0.E0,0.E0,1.E0));
#3669=DIRECTION('',(1.E0,0.E0,0.E0));
#3670=AXIS2_PLACEMENT_3D('',#3667,#3668,#3669);
#3671=PLANE('',#3670);
#3673=ORIENTED_EDGE('',*,*,#3672,.F.);
#3675=ORIENTED_EDGE('',*,*,#3674,.F.);
#3677=ORIENTED_EDGE('',*,*,#3676,.F.);
#3679=ORIENTED_EDGE('',*,*,#3678,.T.);
#3681=ORIENTED_EDGE('',*,*,#3680,.F.);
#3683=ORIENTED_EDGE('',*,*,#3682,.F.);
#3685=ORIENTED_EDGE('',*,*,#3684,.F.);
#3687=ORIENTED_EDGE('',*,*,#3686,.T.);
#3688=EDGE_LOOP('',(#3673,#3675,#3677,#3679,#3681,#3683,#3685,#3687));
#3689=FACE_OUTER_BOUND('',#3688,.F.);
#3691=ORIENTED_EDGE('',*,*,#3690,.T.);
#3692=ORIENTED_EDGE('',*,*,#3606,.F.);
#3694=ORIENTED_EDGE('',*,*,#3693,.T.);
#3695=ORIENTED_EDGE('',*,*,#3651,.F.);
#3697=ORIENTED_EDGE('',*,*,#3696,.F.);
#3699=ORIENTED_EDGE('',*,*,#3698,.T.);
#3701=ORIENTED_EDGE('',*,*,#3700,.F.);
#3703=ORIENTED_EDGE('',*,*,#3702,.F.);
#3705=ORIENTED_EDGE('',*,*,#3704,.T.);
#3707=ORIENTED_EDGE('',*,*,#3706,.T.);
#3709=ORIENTED_EDGE('',*,*,#3708,.T.);
#3711=ORIENTED_EDGE('',*,*,#3710,.F.);
#3713=ORIENTED_EDGE('',*,*,#3712,.F.);
#3715=ORIENTED_EDGE('',*,*,#3714,.T.);
#3717=ORIENTED_EDGE('',*,*,#3716,.F.);
#3718=ORIENTED_EDGE('',*,*,#3362,.F.);
#3720=ORIENTED_EDGE('',*,*,#3719,.T.);
#3722=ORIENTED_EDGE('',*,*,#3721,.F.);
#3724=ORIENTED_EDGE('',*,*,#3723,.F.);
#3726=ORIENTED_EDGE('',*,*,#3725,.T.);
#3728=ORIENTED_EDGE('',*,*,#3727,.F.);
#3730=ORIENTED_EDGE('',*,*,#3729,.T.);
#3732=ORIENTED_EDGE('',*,*,#3731,.F.);
#3734=ORIENTED_EDGE('',*,*,#3733,.F.);
#3736=ORIENTED_EDGE('',*,*,#3735,.F.);
#3738=ORIENTED_EDGE('',*,*,#3737,.T.);
#3740=ORIENTED_EDGE('',*,*,#3739,.T.);
#3742=ORIENTED_EDGE('',*,*,#3741,.T.);
#3744=ORIENTED_EDGE('',*,*,#3743,.F.);
#3746=ORIENTED_EDGE('',*,*,#3745,.F.);
#3748=ORIENTED_EDGE('',*,*,#3747,.F.);
#3750=ORIENTED_EDGE('',*,*,#3749,.T.);
#3752=ORIENTED_EDGE('',*,*,#3751,.F.);
#3754=ORIENTED_EDGE('',*,*,#3753,.T.);
#3756=ORIENTED_EDGE('',*,*,#3755,.F.);
#3758=ORIENTED_EDGE('',*,*,#3757,.F.);
#3760=ORIENTED_EDGE('',*,*,#3759,.F.);
#3761=EDGE_LOOP('',(#3691,#3692,#3694,#3695,#3697,#3699,#3701,#3703,#3705,#3707,
#3709,#3711,#3713,#3715,#3717,#3718,#3720,#3722,#3724,#3726,#3728,#3730,#3732,
#3734,#3736,#3738,#3740,#3742,#3744,#3746,#3748,#3750,#3752,#3754,#3756,#3758,
#3760));
#3762=FACE_BOUND('',#3761,.F.);
#3763=ADVANCED_FACE('',(#3689,#3762),#3671,.F.);
#3764=CARTESIAN_POINT('',(0.E0,1.029127727689E0,0.E0));
#3765=DIRECTION('',(0.E0,-1.E0,0.E0));
#3766=DIRECTION('',(0.E0,0.E0,-1.E0));
#3767=AXIS2_PLACEMENT_3D('',#3764,#3765,#3766);
#3768=PLANE('',#3767);
#3769=ORIENTED_EDGE('',*,*,#3608,.T.);
#3770=ORIENTED_EDGE('',*,*,#3690,.F.);
#3772=ORIENTED_EDGE('',*,*,#3771,.F.);
#3774=ORIENTED_EDGE('',*,*,#3773,.F.);
#3775=EDGE_LOOP('',(#3769,#3770,#3772,#3774));
#3776=FACE_OUTER_BOUND('',#3775,.F.);
#3777=ADVANCED_FACE('',(#3776),#3768,.F.);
#3778=CARTESIAN_POINT('',(6.088348927935E-1,0.E0,0.E0));
#3779=DIRECTION('',(-1.E0,0.E0,0.E0));
#3780=DIRECTION('',(0.E0,0.E0,1.E0));
#3781=AXIS2_PLACEMENT_3D('',#3778,#3779,#3780);
#3782=PLANE('',#3781);
#3784=ORIENTED_EDGE('',*,*,#3783,.T.);
#3786=ORIENTED_EDGE('',*,*,#3785,.T.);
#3787=ORIENTED_EDGE('',*,*,#3771,.T.);
#3788=ORIENTED_EDGE('',*,*,#3759,.T.);
#3789=EDGE_LOOP('',(#3784,#3786,#3787,#3788));
#3790=FACE_OUTER_BOUND('',#3789,.F.);
#3791=ADVANCED_FACE('',(#3790),#3782,.F.);
#3792=CARTESIAN_POINT('',(0.E0,-1.029127727689E0,0.E0));
#3793=DIRECTION('',(0.E0,1.E0,0.E0));
#3794=DIRECTION('',(0.E0,0.E0,1.E0));
#3795=AXIS2_PLACEMENT_3D('',#3792,#3793,#3794);
#3796=PLANE('',#3795);
#3798=ORIENTED_EDGE('',*,*,#3797,.T.);
#3800=ORIENTED_EDGE('',*,*,#3799,.T.);
#3801=ORIENTED_EDGE('',*,*,#3783,.F.);
#3802=ORIENTED_EDGE('',*,*,#3757,.T.);
#3803=EDGE_LOOP('',(#3798,#3800,#3801,#3802));
#3804=FACE_OUTER_BOUND('',#3803,.F.);
#3805=ADVANCED_FACE('',(#3804),#3796,.F.);
#3806=CARTESIAN_POINT('',(6.416468619536E-1,-3.169444774537E0,
6.010800756163E1));
#3807=DIRECTION('',(-9.998285763251E-1,-1.851534400602E-2,0.E0));
#3808=DIRECTION('',(-1.851534400602E-2,9.998285763251E-1,0.E0));
#3809=AXIS2_PLACEMENT_3D('',#3806,#3807,#3808);
#3810=PLANE('',#3809);
#3811=ORIENTED_EDGE('',*,*,#3797,.F.);
#3812=ORIENTED_EDGE('',*,*,#3755,.T.);
#3814=ORIENTED_EDGE('',*,*,#3813,.F.);
#3816=ORIENTED_EDGE('',*,*,#3815,.T.);
#3817=EDGE_LOOP('',(#3811,#3812,#3814,#3816));
#3818=FACE_OUTER_BOUND('',#3817,.F.);
#3819=ADVANCED_FACE('',(#3818),#3810,.F.);
#3820=CARTESIAN_POINT('',(6.186649379923E-1,-3.169444774537E0,
6.010800756163E1));
#3821=DIRECTION('',(0.E0,1.E0,0.E0));
#3822=DIRECTION('',(1.E0,0.E0,0.E0));
#3823=AXIS2_PLACEMENT_3D('',#3820,#3821,#3822);
#3824=PLANE('',#3823);
#3826=ORIENTED_EDGE('',*,*,#3825,.F.);
#3827=ORIENTED_EDGE('',*,*,#3813,.T.);
#3828=ORIENTED_EDGE('',*,*,#3753,.F.);
#3830=ORIENTED_EDGE('',*,*,#3829,.T.);
#3831=EDGE_LOOP('',(#3826,#3827,#3828,#3830));
#3832=FACE_OUTER_BOUND('',#3831,.F.);
#3833=ADVANCED_FACE('',(#3832),#3824,.F.);
#3834=CARTESIAN_POINT('',(0.E0,0.E0,7.5E-1));
#3835=DIRECTION('',(0.E0,0.E0,1.E0));
#3836=DIRECTION('',(1.E0,0.E0,0.E0));
#3837=AXIS2_PLACEMENT_3D('',#3834,#3835,#3836);
#3838=PLANE('',#3837);
#3839=ORIENTED_EDGE('',*,*,#3610,.F.);
#3840=ORIENTED_EDGE('',*,*,#3773,.T.);
#3841=ORIENTED_EDGE('',*,*,#3785,.F.);
#3842=ORIENTED_EDGE('',*,*,#3799,.F.);
#3843=ORIENTED_EDGE('',*,*,#3815,.F.);
#3844=ORIENTED_EDGE('',*,*,#3825,.T.);
#3846=ORIENTED_EDGE('',*,*,#3845,.F.);
#3848=ORIENTED_EDGE('',*,*,#3847,.F.);
#3849=ORIENTED_EDGE('',*,*,#3280,.T.);
#3850=ORIENTED_EDGE('',*,*,#3588,.F.);
#3851=EDGE_LOOP('',(#3839,#3840,#3841,#3842,#3843,#3844,#3846,#3848,#3849,
#3850));
#3852=FACE_OUTER_BOUND('',#3851,.F.);
#3853=ADVANCED_FACE('',(#3852),#3838,.T.);
#3854=CARTESIAN_POINT('',(7.088484821504E-1,-8.039356159076E0,
6.010800756163E1));
#3855=DIRECTION('',(-9.998285763251E-1,-1.851534400602E-2,0.E0));
#3856=DIRECTION('',(-1.851534400602E-2,9.998285763251E-1,0.E0));
#3857=AXIS2_PLACEMENT_3D('',#3854,#3855,#3856);
#3858=PLANE('',#3857);
#3859=ORIENTED_EDGE('',*,*,#3751,.T.);
#3861=ORIENTED_EDGE('',*,*,#3860,.F.);
#3863=ORIENTED_EDGE('',*,*,#3862,.T.);
#3865=ORIENTED_EDGE('',*,*,#3864,.T.);
#3866=ORIENTED_EDGE('',*,*,#3484,.F.);
#3868=ORIENTED_EDGE('',*,*,#3867,.T.);
#3869=ORIENTED_EDGE('',*,*,#3845,.T.);
#3870=ORIENTED_EDGE('',*,*,#3829,.F.);
#3871=EDGE_LOOP('',(#3859,#3861,#3863,#3865,#3866,#3868,#3869,#3870));
#3872=FACE_OUTER_BOUND('',#3871,.F.);
#3873=ADVANCED_FACE('',(#3872),#3858,.F.);
#3874=CARTESIAN_POINT('',(7.317350186948E-1,-1.027522913247E1,
6.010800756163E1));
#3875=DIRECTION('',(0.E0,1.E0,0.E0));
#3876=DIRECTION('',(1.E0,0.E0,0.E0));
#3877=AXIS2_PLACEMENT_3D('',#3874,#3875,#3876);
#3878=PLANE('',#3877);
#3880=ORIENTED_EDGE('',*,*,#3879,.F.);
#3881=ORIENTED_EDGE('',*,*,#3860,.T.);
#3882=ORIENTED_EDGE('',*,*,#3749,.F.);
#3884=ORIENTED_EDGE('',*,*,#3883,.T.);
#3885=EDGE_LOOP('',(#3880,#3881,#3882,#3884));
#3886=FACE_OUTER_BOUND('',#3885,.F.);
#3887=ADVANCED_FACE('',(#3886),#3878,.F.);
#3888=CARTESIAN_POINT('',(1.319776932440E1,-4.797404104237E0,7.5E-1));
#3889=DIRECTION('',(0.E0,0.E0,1.E0));
#3890=DIRECTION('',(1.E0,0.E0,0.E0));
#3891=AXIS2_PLACEMENT_3D('',#3888,#3889,#3890);
#3892=PLANE('',#3891);
#3893=ORIENTED_EDGE('',*,*,#3862,.F.);
#3894=ORIENTED_EDGE('',*,*,#3879,.T.);
#3896=ORIENTED_EDGE('',*,*,#3895,.F.);
#3898=ORIENTED_EDGE('',*,*,#3897,.F.);
#3900=ORIENTED_EDGE('',*,*,#3899,.F.);
#3902=ORIENTED_EDGE('',*,*,#3901,.T.);
#3903=ORIENTED_EDGE('',*,*,#3288,.T.);
#3905=ORIENTED_EDGE('',*,*,#3904,.F.);
#3906=EDGE_LOOP('',(#3893,#3894,#3896,#3898,#3900,#3902,#3903,#3905));
#3907=FACE_OUTER_BOUND('',#3906,.F.);
#3908=ADVANCED_FACE('',(#3907),#3892,.T.);
#3909=CARTESIAN_POINT('',(9.292539803984E-1,-2.094125306447E1,
6.010800756163E1));
#3910=DIRECTION('',(-9.998285763251E-1,-1.851534400602E-2,0.E0));
#3911=DIRECTION('',(-1.851534400602E-2,9.998285763251E-1,0.E0));
#3912=AXIS2_PLACEMENT_3D('',#3909,#3910,#3911);
#3913=PLANE('',#3912);
#3914=ORIENTED_EDGE('',*,*,#3463,.F.);
#3916=ORIENTED_EDGE('',*,*,#3915,.T.);
#3917=ORIENTED_EDGE('',*,*,#3895,.T.);
#3918=ORIENTED_EDGE('',*,*,#3883,.F.);
#3919=ORIENTED_EDGE('',*,*,#3747,.T.);
#3921=ORIENTED_EDGE('',*,*,#3920,.T.);
#3923=ORIENTED_EDGE('',*,*,#3922,.T.);
#3925=ORIENTED_EDGE('',*,*,#3924,.T.);
#3926=ORIENTED_EDGE('',*,*,#3436,.F.);
#3928=ORIENTED_EDGE('',*,*,#3927,.T.);
#3930=ORIENTED_EDGE('',*,*,#3929,.T.);
#3932=ORIENTED_EDGE('',*,*,#3931,.T.);
#3933=EDGE_LOOP('',(#3914,#3916,#3917,#3918,#3919,#3921,#3923,#3925,#3926,#3928,
#3930,#3932));
#3934=FACE_OUTER_BOUND('',#3933,.F.);
#3935=ADVANCED_FACE('',(#3934),#3913,.F.);
#3936=CARTESIAN_POINT('',(-2.227973994208E-1,-1.273973701979E1,
2.992900378081E1));
#3937=DIRECTION('',(0.E0,0.E0,-1.E0));
#3938=DIRECTION('',(7.071067811865E-1,7.071067811865E-1,0.E0));
#3939=AXIS2_PLACEMENT_3D('',#3936,#3937,#3938);
#3940=CYLINDRICAL_SURFACE('',#3939,1.E0);
#3941=ORIENTED_EDGE('',*,*,#3472,.F.);
#3943=ORIENTED_EDGE('',*,*,#3942,.F.);
#3944=ORIENTED_EDGE('',*,*,#3899,.T.);
#3945=ORIENTED_EDGE('',*,*,#3897,.T.);
#3946=ORIENTED_EDGE('',*,*,#3915,.F.);
#3947=EDGE_LOOP('',(#3941,#3943,#3944,#3945,#3946));
#3948=FACE_OUTER_BOUND('',#3947,.F.);
#3949=ADVANCED_FACE('',(#3948),#3940,.T.);
#3950=CARTESIAN_POINT('',(-1.362922721781E0,-1.171845213483E1,-2.5E-1));
#3951=DIRECTION('',(1.851534400602E-2,9.998285763251E-1,0.E0));
#3952=DIRECTION('',(0.E0,0.E0,1.E0));
#3953=AXIS2_PLACEMENT_3D('',#3950,#3951,#3952);
#3954=PLANE('',#3953);
#3955=ORIENTED_EDGE('',*,*,#3470,.F.);
#3956=ORIENTED_EDGE('',*,*,#3290,.T.);
#3957=ORIENTED_EDGE('',*,*,#3901,.F.);
#3958=ORIENTED_EDGE('',*,*,#3942,.T.);
#3959=EDGE_LOOP('',(#3955,#3956,#3957,#3958));
#3960=FACE_OUTER_BOUND('',#3959,.F.);
#3961=ADVANCED_FACE('',(#3960),#3954,.T.);
#3962=CARTESIAN_POINT('',(2.001158012195E0,-2.211052519335E1,6.010800756163E1));
#3963=CARTESIAN_POINT('',(1.978959627761E0,-2.210898408922E1,6.010800756163E1));
#3964=CARTESIAN_POINT('',(1.450116393718E0,-2.204870916948E1,6.010800756163E1));
#3965=CARTESIAN_POINT('',(9.174940642141E-1,-2.142853877320E1,
6.010800756163E1));
#3966=CARTESIAN_POINT('',(9.293349295165E-1,-2.089696190150E1,
6.010800756163E1));
#3967=CARTESIAN_POINT('',(9.307680431032E-1,-2.087502584654E1,
6.010800756163E1));
#3969=DIRECTION('',(0.E0,0.E0,-1.E0));
#3970=VECTOR('',#3969,1.E0);
#3971=SURFACE_OF_LINEAR_EXTRUSION('',#3968,#3970);
#3973=ORIENTED_EDGE('',*,*,#3972,.T.);
#3974=ORIENTED_EDGE('',*,*,#3920,.F.);
#3975=ORIENTED_EDGE('',*,*,#3745,.T.);
#3977=ORIENTED_EDGE('',*,*,#3976,.F.);
#3978=EDGE_LOOP('',(#3973,#3974,#3975,#3977));
#3979=FACE_OUTER_BOUND('',#3978,.F.);
#3980=ADVANCED_FACE('',(#3979),#3971,.F.);
#3981=CARTESIAN_POINT('',(1.319776932440E1,-4.797404104237E0,7.5E-1));
#3982=DIRECTION('',(0.E0,0.E0,1.E0));
#3983=DIRECTION('',(1.E0,0.E0,0.E0));
#3984=AXIS2_PLACEMENT_3D('',#3981,#3982,#3983);
#3985=PLANE('',#3984);
#3987=ORIENTED_EDGE('',*,*,#3986,.F.);
#3988=ORIENTED_EDGE('',*,*,#3304,.T.);
#3990=ORIENTED_EDGE('',*,*,#3989,.F.);
#3992=ORIENTED_EDGE('',*,*,#3991,.F.);
#3994=ORIENTED_EDGE('',*,*,#3993,.F.);
#3995=ORIENTED_EDGE('',*,*,#3922,.F.);
#3996=ORIENTED_EDGE('',*,*,#3972,.F.);
#3998=ORIENTED_EDGE('',*,*,#3997,.F.);
#4000=ORIENTED_EDGE('',*,*,#3999,.F.);
#4002=ORIENTED_EDGE('',*,*,#4001,.F.);
#4004=ORIENTED_EDGE('',*,*,#4003,.F.);
#4006=ORIENTED_EDGE('',*,*,#4005,.F.);
#4008=ORIENTED_EDGE('',*,*,#4007,.F.);
#4010=ORIENTED_EDGE('',*,*,#4009,.F.);
#4012=ORIENTED_EDGE('',*,*,#4011,.F.);
#4014=ORIENTED_EDGE('',*,*,#4013,.F.);
#4016=ORIENTED_EDGE('',*,*,#4015,.T.);
#4018=ORIENTED_EDGE('',*,*,#4017,.F.);
#4019=EDGE_LOOP('',(#3987,#3988,#3990,#3992,#3994,#3995,#3996,#3998,#4000,#4002,
#4004,#4006,#4008,#4010,#4012,#4014,#4016,#4018));
#4020=FACE_OUTER_BOUND('',#4019,.F.);
#4021=ADVANCED_FACE('',(#4020),#3985,.T.);
#4022=CARTESIAN_POINT('',(2.669776932440E1,-2.394108164079E1,1.285E1));
#4023=DIRECTION('',(0.E0,1.E0,0.E0));
#4024=DIRECTION('',(-1.E0,0.E0,0.E0));
#4025=AXIS2_PLACEMENT_3D('',#4022,#4023,#4024);
#4026=PLANE('',#4025);
#4028=ORIENTED_EDGE('',*,*,#4027,.T.);
#4029=ORIENTED_EDGE('',*,*,#3244,.F.);
#4031=ORIENTED_EDGE('',*,*,#4030,.T.);
#4032=ORIENTED_EDGE('',*,*,#3195,.T.);
#4033=ORIENTED_EDGE('',*,*,#3209,.F.);
#4034=ORIENTED_EDGE('',*,*,#3224,.F.);
#4035=ORIENTED_EDGE('',*,*,#3306,.F.);
#4036=ORIENTED_EDGE('',*,*,#3986,.T.);
#4037=EDGE_LOOP('',(#4028,#4029,#4031,#4032,#4033,#4034,#4035,#4036));
#4038=FACE_OUTER_BOUND('',#4037,.F.);
#4039=ORIENTED_EDGE('',*,*,#2941,.F.);
#4040=ORIENTED_EDGE('',*,*,#2968,.F.);
#4041=EDGE_LOOP('',(#4039,#4040));
#4042=FACE_BOUND('',#4041,.F.);
#4043=ORIENTED_EDGE('',*,*,#2823,.F.);
#4044=ORIENTED_EDGE('',*,*,#2886,.F.);
#4045=EDGE_LOOP('',(#4043,#4044));
#4046=FACE_BOUND('',#4045,.F.);
#4047=ADVANCED_FACE('',(#4038,#4042,#4046),#4026,.T.);
#4048=CARTESIAN_POINT('',(2.669776932440E1,1.505891835921E1,1.285E1));
#4049=DIRECTION('',(-1.E0,0.E0,0.E0));
#4050=DIRECTION('',(0.E0,-1.E0,0.E0));
#4051=AXIS2_PLACEMENT_3D('',#4048,#4049,#4050);
#4052=PLANE('',#4051);
#4053=ORIENTED_EDGE('',*,*,#3246,.T.);
#4054=ORIENTED_EDGE('',*,*,#4027,.F.);
#4055=ORIENTED_EDGE('',*,*,#4017,.T.);
#4057=ORIENTED_EDGE('',*,*,#4056,.T.);
#4058=ORIENTED_EDGE('',*,*,#3555,.T.);
#4060=ORIENTED_EDGE('',*,*,#4059,.T.);
#4062=ORIENTED_EDGE('',*,*,#4061,.T.);
#4064=ORIENTED_EDGE('',*,*,#4063,.T.);
#4065=ORIENTED_EDGE('',*,*,#3537,.T.);
#4067=ORIENTED_EDGE('',*,*,#4066,.T.);
#4069=ORIENTED_EDGE('',*,*,#4068,.T.);
#4071=ORIENTED_EDGE('',*,*,#4070,.T.);
#4072=ORIENTED_EDGE('',*,*,#3517,.T.);
#4074=ORIENTED_EDGE('',*,*,#4073,.T.);
#4076=ORIENTED_EDGE('',*,*,#4075,.T.);
#4078=ORIENTED_EDGE('',*,*,#4077,.T.);
#4079=ORIENTED_EDGE('',*,*,#3571,.T.);
#4081=ORIENTED_EDGE('',*,*,#4080,.T.);
#4082=ORIENTED_EDGE('',*,*,#3384,.T.);
#4083=ORIENTED_EDGE('',*,*,#3402,.T.);
#4084=ORIENTED_EDGE('',*,*,#3499,.T.);
#4086=ORIENTED_EDGE('',*,*,#4085,.T.);
#4087=ORIENTED_EDGE('',*,*,#3346,.T.);
#4088=ORIENTED_EDGE('',*,*,#2847,.T.);
#4089=EDGE_LOOP('',(#4053,#4054,#4055,#4057,#4058,#4060,#4062,#4064,#4065,#4067,
#4069,#4071,#4072,#4074,#4076,#4078,#4079,#4081,#4082,#4083,#4084,#4086,#4087,
#4088));
#4090=FACE_OUTER_BOUND('',#4089,.F.);
#4091=ADVANCED_FACE('',(#4090),#4052,.T.);
#4092=CARTESIAN_POINT('',(-1.529589388448E0,-2.071845213483E1,
3.749796218893E0));
#4093=DIRECTION('',(-1.851534400602E-2,-9.998285763251E-1,0.E0));
#4094=DIRECTION('',(0.E0,0.E0,-1.E0));
#4095=AXIS2_PLACEMENT_3D('',#4092,#4093,#4094);
#4096=PLANE('',#4095);
#4097=ORIENTED_EDGE('',*,*,#3557,.T.);
#4098=ORIENTED_EDGE('',*,*,#4056,.F.);
#4099=ORIENTED_EDGE('',*,*,#4015,.F.);
#4101=ORIENTED_EDGE('',*,*,#4100,.T.);
#4102=EDGE_LOOP('',(#4097,#4098,#4099,#4101));
#4103=FACE_OUTER_BOUND('',#4102,.F.);
#4104=ADVANCED_FACE('',(#4103),#4096,.T.);
#4105=CARTESIAN_POINT('',(2.647949844686E1,-2.023696749353E1,3.749796218893E0));
#4106=DIRECTION('',(0.E0,0.E0,-1.E0));
#4107=DIRECTION('',(-1.851534400602E-2,-9.998285763251E-1,0.E0));
#4108=AXIS2_PLACEMENT_3D('',#4105,#4106,#4107);
#4109=CYLINDRICAL_SURFACE('',#4108,1.E0);
#4110=ORIENTED_EDGE('',*,*,#3559,.F.);
#4111=ORIENTED_EDGE('',*,*,#4100,.F.);
#4112=ORIENTED_EDGE('',*,*,#4013,.T.);
#4114=ORIENTED_EDGE('',*,*,#4113,.F.);
#4115=EDGE_LOOP('',(#4110,#4111,#4112,#4114));
#4116=FACE_OUTER_BOUND('',#4115,.F.);
#4117=ADVANCED_FACE('',(#4116),#4109,.T.);
#4118=CARTESIAN_POINT('',(2.566380363011E1,-1.027522913247E1,6.010800756163E1));
#4119=DIRECTION('',(9.998285763251E-1,-1.851534400602E-2,0.E0));
#4120=DIRECTION('',(-1.851534400602E-2,-9.998285763251E-1,0.E0));
#4121=AXIS2_PLACEMENT_3D('',#4118,#4119,#4120);
#4122=PLANE('',#4121);
#4123=ORIENTED_EDGE('',*,*,#3531,.T.);
#4125=ORIENTED_EDGE('',*,*,#4124,.T.);
#4127=ORIENTED_EDGE('',*,*,#4126,.T.);
#4129=ORIENTED_EDGE('',*,*,#4128,.T.);
#4130=ORIENTED_EDGE('',*,*,#3549,.T.);
#4131=ORIENTED_EDGE('',*,*,#4113,.T.);
#4132=ORIENTED_EDGE('',*,*,#4011,.T.);
#4134=ORIENTED_EDGE('',*,*,#4133,.T.);
#4135=ORIENTED_EDGE('',*,*,#3731,.T.);
#4137=ORIENTED_EDGE('',*,*,#4136,.F.);
#4139=ORIENTED_EDGE('',*,*,#4138,.T.);
#4141=ORIENTED_EDGE('',*,*,#4140,.T.);
#4142=EDGE_LOOP('',(#4123,#4125,#4127,#4129,#4130,#4131,#4132,#4134,#4135,#4137,
#4139,#4141));
#4143=FACE_OUTER_BOUND('',#4142,.F.);
#4144=ADVANCED_FACE('',(#4143),#4122,.F.);
#4145=CARTESIAN_POINT('',(2.659060955798E1,-1.423696749353E1,3.228812856660E1));
#4146=DIRECTION('',(0.E0,0.E0,-1.E0));
#4147=DIRECTION('',(-7.200778916462E-1,-6.938932410409E-1,-1.004859173558E-14));
#4148=AXIS2_PLACEMENT_3D('',#4145,#4146,#4147);
#4149=CYLINDRICAL_SURFACE('',#4148,1.E0);
#4150=ORIENTED_EDGE('',*,*,#3529,.F.);
#4152=ORIENTED_EDGE('',*,*,#4151,.F.);
#4154=ORIENTED_EDGE('',*,*,#4153,.T.);
#4156=ORIENTED_EDGE('',*,*,#4155,.T.);
#4157=ORIENTED_EDGE('',*,*,#4124,.F.);
#4158=EDGE_LOOP('',(#4150,#4152,#4154,#4156,#4157));
#4159=FACE_OUTER_BOUND('',#4158,.F.);
#4160=ADVANCED_FACE('',(#4159),#4149,.T.);
#4161=CARTESIAN_POINT('',(-1.418478277337E0,-1.471845213483E1,
4.468249571572E0));
#4162=DIRECTION('',(-1.851534400602E-2,-9.998285763251E-1,0.E0));
#4163=DIRECTION('',(0.E0,0.E0,-1.E0));
#4164=AXIS2_PLACEMENT_3D('',#4161,#4162,#4163);
#4165=PLANE('',#4164);
#4166=ORIENTED_EDGE('',*,*,#3539,.T.);
#4167=ORIENTED_EDGE('',*,*,#4063,.F.);
#4169=ORIENTED_EDGE('',*,*,#4168,.F.);
#4170=ORIENTED_EDGE('',*,*,#4151,.T.);
#4171=EDGE_LOOP('',(#4166,#4167,#4169,#4170));
#4172=FACE_OUTER_BOUND('',#4171,.F.);
#4173=ADVANCED_FACE('',(#4172),#4165,.T.);
#4174=CARTESIAN_POINT('',(1.319776932440E1,-4.797404104237E0,7.5E-1));
#4175=DIRECTION('',(0.E0,0.E0,1.E0));
#4176=DIRECTION('',(1.E0,0.E0,0.E0));
#4177=AXIS2_PLACEMENT_3D('',#4174,#4175,#4176);
#4178=PLANE('',#4177);
#4179=ORIENTED_EDGE('',*,*,#4126,.F.);
#4180=ORIENTED_EDGE('',*,*,#4155,.F.);
#4181=ORIENTED_EDGE('',*,*,#4153,.F.);
#4182=ORIENTED_EDGE('',*,*,#4168,.T.);
#4183=ORIENTED_EDGE('',*,*,#4061,.F.);
#4185=ORIENTED_EDGE('',*,*,#4184,.F.);
#4187=ORIENTED_EDGE('',*,*,#4186,.F.);
#4189=ORIENTED_EDGE('',*,*,#4188,.F.);
#4190=EDGE_LOOP('',(#4179,#4180,#4181,#4182,#4183,#4185,#4187,#4189));
#4191=FACE_OUTER_BOUND('',#4190,.F.);
#4192=ADVANCED_FACE('',(#4191),#4178,.T.);
#4193=CARTESIAN_POINT('',(-1.474033832893E0,-1.771845213483E1,-2.5E-1));
#4194=DIRECTION('',(1.851534400602E-2,9.998285763251E-1,0.E0));
#4195=DIRECTION('',(0.E0,0.E0,1.E0));
#4196=AXIS2_PLACEMENT_3D('',#4193,#4194,#4195);
#4197=PLANE('',#4196);
#4198=ORIENTED_EDGE('',*,*,#3553,.F.);
#4200=ORIENTED_EDGE('',*,*,#4199,.T.);
#4201=ORIENTED_EDGE('',*,*,#4184,.T.);
#4202=ORIENTED_EDGE('',*,*,#4059,.F.);
#4203=EDGE_LOOP('',(#4198,#4200,#4201,#4202));
#4204=FACE_OUTER_BOUND('',#4203,.F.);
#4205=ADVANCED_FACE('',(#4204),#4197,.T.);
#4206=CARTESIAN_POINT('',(2.649802331441E1,-1.923662464618E1,2.992900378081E1));
#4207=DIRECTION('',(0.E0,0.E0,1.E0));
#4208=DIRECTION('',(-6.938932410409E-1,7.200778916463E-1,0.E0));
#4209=AXIS2_PLACEMENT_3D('',#4206,#4207,#4208);
#4210=CYLINDRICAL_SURFACE('',#4209,1.E0);
#4211=ORIENTED_EDGE('',*,*,#3551,.F.);
#4212=ORIENTED_EDGE('',*,*,#4128,.F.);
#4213=ORIENTED_EDGE('',*,*,#4188,.T.);
#4214=ORIENTED_EDGE('',*,*,#4186,.T.);
#4215=ORIENTED_EDGE('',*,*,#4199,.F.);
#4216=EDGE_LOOP('',(#4211,#4212,#4213,#4214,#4215));
#4217=FACE_OUTER_BOUND('',#4216,.F.);
#4218=ADVANCED_FACE('',(#4217),#4210,.T.);
#4219=CARTESIAN_POINT('',(2.546472066588E1,-2.087426724471E1,6.010800756163E1));
#4220=CARTESIAN_POINT('',(2.546619225370E1,-2.089645257541E1,6.010800756163E1));
#4221=CARTESIAN_POINT('',(2.547828946821E1,-2.142825363764E1,6.010800756163E1));
#4222=CARTESIAN_POINT('',(2.494564128280E1,-2.204845413980E1,6.010800756163E1));
#4223=CARTESIAN_POINT('',(2.441703203200E1,-2.210893235874E1,6.010800756163E1));
#4224=CARTESIAN_POINT('',(2.439505990594E1,-2.211047772691E1,6.010800756163E1));
#4226=DIRECTION('',(0.E0,0.E0,-1.E0));
#4227=VECTOR('',#4226,1.E0);
#4228=SURFACE_OF_LINEAR_EXTRUSION('',#4225,#4227);
#4229=ORIENTED_EDGE('',*,*,#4009,.T.);
#4230=ORIENTED_EDGE('',*,*,#4007,.T.);
#4232=ORIENTED_EDGE('',*,*,#4231,.F.);
#4233=ORIENTED_EDGE('',*,*,#3733,.T.);
#4234=ORIENTED_EDGE('',*,*,#4133,.F.);
#4235=EDGE_LOOP('',(#4229,#4230,#4232,#4233,#4234));
#4236=FACE_OUTER_BOUND('',#4235,.F.);
#4237=ADVANCED_FACE('',(#4236),#4228,.F.);
#4238=CARTESIAN_POINT('',(1.369776932440E1,4.659016835921E1,6.010800756163E1));
#4239=DIRECTION('',(0.E0,0.E0,-1.E0));
#4240=DIRECTION('',(-1.547964736168E-1,-9.879463810126E-1,0.E0));
#4241=AXIS2_PLACEMENT_3D('',#4238,#4239,#4240);
#4242=CYLINDRICAL_SURFACE('',#4241,6.953125E1);
#4243=ORIENTED_EDGE('',*,*,#3735,.T.);
#4244=ORIENTED_EDGE('',*,*,#4231,.T.);
#4245=ORIENTED_EDGE('',*,*,#4005,.T.);
#4247=ORIENTED_EDGE('',*,*,#4246,.F.);
#4248=EDGE_LOOP('',(#4243,#4244,#4245,#4247));
#4249=FACE_OUTER_BOUND('',#4248,.F.);
#4250=ADVANCED_FACE('',(#4249),#4242,.F.);
#4251=CARTESIAN_POINT('',(1.344776932440E1,4.659016835921E1,-5.657150486250E0));
#4252=DIRECTION('',(0.E0,0.E0,1.E0));
#4253=DIRECTION('',(-1.547964736168E-1,-9.879463810126E-1,0.E0));
#4254=AXIS2_PLACEMENT_3D('',#4251,#4252,#4253);
#4255=CYLINDRICAL_SURFACE('',#4254,6.953125E1);
#4256=ORIENTED_EDGE('',*,*,#4246,.T.);
#4257=ORIENTED_EDGE('',*,*,#4003,.T.);
#4259=ORIENTED_EDGE('',*,*,#4258,.F.);
#4260=ORIENTED_EDGE('',*,*,#3737,.F.);
#4261=EDGE_LOOP('',(#4256,#4257,#4259,#4260));
#4262=FACE_OUTER_BOUND('',#4261,.F.);
#4263=ADVANCED_FACE('',(#4262),#4255,.F.);
#4264=CARTESIAN_POINT('',(1.319776932440E1,4.659016835921E1,-7.5E-1));
#4265=DIRECTION('',(0.E0,0.E0,1.E0));
#4266=DIRECTION('',(-1.547964736168E-1,-9.879463810126E-1,0.E0));
#4267=AXIS2_PLACEMENT_3D('',#4264,#4265,#4266);
#4268=CYLINDRICAL_SURFACE('',#4267,6.953125E1);
#4269=ORIENTED_EDGE('',*,*,#4258,.T.);
#4270=ORIENTED_EDGE('',*,*,#4001,.T.);
#4272=ORIENTED_EDGE('',*,*,#4271,.T.);
#4273=ORIENTED_EDGE('',*,*,#3739,.F.);
#4274=EDGE_LOOP('',(#4269,#4270,#4272,#4273));
#4275=FACE_OUTER_BOUND('',#4274,.F.);
#4276=ADVANCED_FACE('',(#4275),#4268,.F.);
#4277=CARTESIAN_POINT('',(1.294776932440E1,4.659016835921E1,-5.657150486250E0));
#4278=DIRECTION('',(0.E0,0.E0,1.E0));
#4279=DIRECTION('',(-1.547964736168E-1,-9.879463810126E-1,0.E0));
#4280=AXIS2_PLACEMENT_3D('',#4277,#4278,#4279);
#4281=CYLINDRICAL_SURFACE('',#4280,6.953125E1);
#4283=ORIENTED_EDGE('',*,*,#4282,.T.);
#4284=ORIENTED_EDGE('',*,*,#3741,.F.);
#4285=ORIENTED_EDGE('',*,*,#4271,.F.);
#4286=ORIENTED_EDGE('',*,*,#3999,.T.);
#4287=EDGE_LOOP('',(#4283,#4284,#4285,#4286));
#4288=FACE_OUTER_BOUND('',#4287,.F.);
#4289=ADVANCED_FACE('',(#4288),#4281,.F.);
#4290=CARTESIAN_POINT('',(1.269776932440E1,4.659016835921E1,6.010800756163E1));
#4291=DIRECTION('',(0.E0,0.E0,-1.E0));
#4292=DIRECTION('',(-1.547964736168E-1,-9.879463810126E-1,0.E0));
#4293=AXIS2_PLACEMENT_3D('',#4290,#4291,#4292);
#4294=CYLINDRICAL_SURFACE('',#4293,6.953125E1);
#4295=ORIENTED_EDGE('',*,*,#3997,.T.);
#4296=ORIENTED_EDGE('',*,*,#3976,.T.);
#4297=ORIENTED_EDGE('',*,*,#3743,.T.);
#4298=ORIENTED_EDGE('',*,*,#4282,.F.);
#4299=EDGE_LOOP('',(#4295,#4296,#4297,#4298));
#4300=FACE_OUTER_BOUND('',#4299,.F.);
#4301=ADVANCED_FACE('',(#4300),#4294,.F.);
#4302=CARTESIAN_POINT('',(2.564262441647E1,-1.027522913247E1,6.010800756163E1));
#4303=DIRECTION('',(0.E0,1.E0,0.E0));
#4304=DIRECTION('',(1.E0,0.E0,0.E0));
#4305=AXIS2_PLACEMENT_3D('',#4302,#4303,#4304);
#4306=PLANE('',#4305);
#4308=ORIENTED_EDGE('',*,*,#4307,.F.);
#4309=ORIENTED_EDGE('',*,*,#4136,.T.);
#4310=ORIENTED_EDGE('',*,*,#3729,.F.);
#4312=ORIENTED_EDGE('',*,*,#4311,.T.);
#4313=EDGE_LOOP('',(#4308,#4309,#4310,#4312));
#4314=FACE_OUTER_BOUND('',#4313,.F.);
#4315=ADVANCED_FACE('',(#4314),#4306,.F.);
#4316=CARTESIAN_POINT('',(1.319776932440E1,-4.797404104237E0,7.5E-1));
#4317=DIRECTION('',(0.E0,0.E0,1.E0));
#4318=DIRECTION('',(1.E0,0.E0,0.E0));
#4319=AXIS2_PLACEMENT_3D('',#4316,#4317,#4318);
#4320=PLANE('',#4319);
#4322=ORIENTED_EDGE('',*,*,#4321,.F.);
#4324=ORIENTED_EDGE('',*,*,#4323,.F.);
#4326=ORIENTED_EDGE('',*,*,#4325,.T.);
#4327=ORIENTED_EDGE('',*,*,#4068,.F.);
#4329=ORIENTED_EDGE('',*,*,#4328,.F.);
#4331=ORIENTED_EDGE('',*,*,#4330,.F.);
#4333=ORIENTED_EDGE('',*,*,#4332,.F.);
#4334=ORIENTED_EDGE('',*,*,#4138,.F.);
#4335=ORIENTED_EDGE('',*,*,#4307,.T.);
#4336=EDGE_LOOP('',(#4322,#4324,#4326,#4327,#4329,#4331,#4333,#4334,#4335));
#4337=FACE_OUTER_BOUND('',#4336,.F.);
#4338=ADVANCED_FACE('',(#4337),#4320,.T.);
#4339=CARTESIAN_POINT('',(2.577687371082E1,-3.169444774537E0,6.010800756163E1));
#4340=DIRECTION('',(9.998285763251E-1,-1.851534400602E-2,0.E0));
#4341=DIRECTION('',(-1.851534400602E-2,-9.998285763251E-1,0.E0));
#4342=AXIS2_PLACEMENT_3D('',#4339,#4340,#4341);
#4343=PLANE('',#4342);
#4344=ORIENTED_EDGE('',*,*,#4321,.T.);
#4345=ORIENTED_EDGE('',*,*,#4311,.F.);
#4346=ORIENTED_EDGE('',*,*,#3727,.T.);
#4348=ORIENTED_EDGE('',*,*,#4347,.F.);
#4350=ORIENTED_EDGE('',*,*,#4349,.T.);
#4352=ORIENTED_EDGE('',*,*,#4351,.T.);
#4353=ORIENTED_EDGE('',*,*,#3513,.T.);
#4355=ORIENTED_EDGE('',*,*,#4354,.T.);
#4356=EDGE_LOOP('',(#4344,#4345,#4346,#4348,#4350,#4352,#4353,#4355));
#4357=FACE_OUTER_BOUND('',#4356,.F.);
#4358=ADVANCED_FACE('',(#4357),#4343,.F.);
#4359=CARTESIAN_POINT('',(2.575389178686E1,-3.169444774537E0,6.010800756163E1));
#4360=DIRECTION('',(0.E0,1.E0,0.E0));
#4361=DIRECTION('',(1.E0,0.E0,0.E0));
#4362=AXIS2_PLACEMENT_3D('',#4359,#4360,#4361);
#4363=PLANE('',#4362);
#4365=ORIENTED_EDGE('',*,*,#4364,.F.);
#4366=ORIENTED_EDGE('',*,*,#4347,.T.);
#4367=ORIENTED_EDGE('',*,*,#3725,.F.);
#4369=ORIENTED_EDGE('',*,*,#4368,.T.);
#4370=EDGE_LOOP('',(#4365,#4366,#4367,#4369));
#4371=FACE_OUTER_BOUND('',#4370,.F.);
#4372=ADVANCED_FACE('',(#4371),#4363,.F.);
#4373=CARTESIAN_POINT('',(1.319776932440E1,-4.797404104237E0,7.5E-1));
#4374=DIRECTION('',(0.E0,0.E0,1.E0));
#4375=DIRECTION('',(1.E0,0.E0,0.E0));
#4376=AXIS2_PLACEMENT_3D('',#4373,#4374,#4375);
#4377=PLANE('',#4376);
#4379=ORIENTED_EDGE('',*,*,#4378,.F.);
#4381=ORIENTED_EDGE('',*,*,#4380,.F.);
#4382=ORIENTED_EDGE('',*,*,#4075,.F.);
#4384=ORIENTED_EDGE('',*,*,#4383,.F.);
#4385=ORIENTED_EDGE('',*,*,#4349,.F.);
#4386=ORIENTED_EDGE('',*,*,#4364,.T.);
#4387=EDGE_LOOP('',(#4379,#4381,#4382,#4384,#4385,#4386));
#4388=FACE_OUTER_BOUND('',#4387,.F.);
#4389=ADVANCED_FACE('',(#4388),#4377,.T.);
#4390=CARTESIAN_POINT('',(2.580133752603E1,-6.073748592090E-1,
6.010800756163E1));
#4391=DIRECTION('',(9.998285763251E-1,-1.851534400602E-2,0.E0));
#4392=DIRECTION('',(-1.851534400602E-2,-9.998285763251E-1,0.E0));
#4393=AXIS2_PLACEMENT_3D('',#4390,#4391,#4392);
#4394=PLANE('',#4393);
#4395=ORIENTED_EDGE('',*,*,#4378,.T.);
#4396=ORIENTED_EDGE('',*,*,#4368,.F.);
#4397=ORIENTED_EDGE('',*,*,#3723,.T.);
#4399=ORIENTED_EDGE('',*,*,#4398,.T.);
#4400=EDGE_LOOP('',(#4395,#4396,#4397,#4399));
#4401=FACE_OUTER_BOUND('',#4400,.F.);
#4402=ADVANCED_FACE('',(#4401),#4394,.F.);
#4403=CARTESIAN_POINT('',(2.587575342122E1,3.170059587511E0,6.010800756163E1));
#4404=DIRECTION('',(9.998285763251E-1,-1.851534400602E-2,0.E0));
#4405=DIRECTION('',(-1.851534400602E-2,-9.998285763251E-1,0.E0));
#4406=AXIS2_PLACEMENT_3D('',#4403,#4404,#4405);
#4407=PLANE('',#4406);
#4408=ORIENTED_EDGE('',*,*,#3575,.T.);
#4410=ORIENTED_EDGE('',*,*,#4409,.F.);
#4411=ORIENTED_EDGE('',*,*,#4398,.F.);
#4412=ORIENTED_EDGE('',*,*,#3721,.T.);
#4414=ORIENTED_EDGE('',*,*,#4413,.F.);
#4415=ORIENTED_EDGE('',*,*,#3388,.T.);
#4417=ORIENTED_EDGE('',*,*,#4416,.T.);
#4418=EDGE_LOOP('',(#4408,#4410,#4411,#4412,#4414,#4415,#4417));
#4419=FACE_OUTER_BOUND('',#4418,.F.);
#4420=ADVANCED_FACE('',(#4419),#4407,.F.);
#4421=CARTESIAN_POINT('',(2.672962670083E1,-2.355157354093E-1,
2.009685886949E0));
#4422=DIRECTION('',(0.E0,0.E0,-1.E0));
#4423=DIRECTION('',(-3.185737642143E-2,-9.994924249676E-1,0.E0));
#4424=AXIS2_PLACEMENT_3D('',#4421,#4422,#4423);
#4425=CYLINDRICAL_SURFACE('',#4424,1.E0);
#4426=ORIENTED_EDGE('',*,*,#3573,.F.);
#4427=ORIENTED_EDGE('',*,*,#4077,.F.);
#4428=ORIENTED_EDGE('',*,*,#4380,.T.);
#4429=ORIENTED_EDGE('',*,*,#4409,.T.);
#4430=EDGE_LOOP('',(#4426,#4427,#4428,#4429));
#4431=FACE_OUTER_BOUND('',#4430,.F.);
#4432=ADVANCED_FACE('',(#4431),#4425,.T.);
#4433=CARTESIAN_POINT('',(2.585963712117E1,3.170059587511E0,6.010800756163E1));
#4434=DIRECTION('',(0.E0,1.E0,0.E0));
#4435=DIRECTION('',(1.E0,0.E0,0.E0));
#4436=AXIS2_PLACEMENT_3D('',#4433,#4434,#4435);
#4437=PLANE('',#4436);
#4438=ORIENTED_EDGE('',*,*,#3390,.F.);
#4439=ORIENTED_EDGE('',*,*,#4413,.T.);
#4440=ORIENTED_EDGE('',*,*,#3719,.F.);
#4441=ORIENTED_EDGE('',*,*,#3360,.T.);
#4442=EDGE_LOOP('',(#4438,#4439,#4440,#4441));
#4443=FACE_OUTER_BOUND('',#4442,.F.);
#4444=ADVANCED_FACE('',(#4443),#4437,.F.);
#4445=CARTESIAN_POINT('',(2.683157215365E1,7.750126730382E-1,-5.E-1));
#4446=DIRECTION('',(0.E0,0.E0,1.E0));
#4447=DIRECTION('',(-1.338028292480E-1,9.910079731694E-1,0.E0));
#4448=AXIS2_PLACEMENT_3D('',#4445,#4446,#4447);
#4449=CYLINDRICAL_SURFACE('',#4448,1.E0);
#4450=ORIENTED_EDGE('',*,*,#3569,.F.);
#4451=ORIENTED_EDGE('',*,*,#4416,.F.);
#4452=ORIENTED_EDGE('',*,*,#3386,.T.);
#4453=ORIENTED_EDGE('',*,*,#4080,.F.);
#4454=EDGE_LOOP('',(#4450,#4451,#4452,#4453));
#4455=FACE_OUTER_BOUND('',#4454,.F.);
#4456=ADVANCED_FACE('',(#4455),#4449,.T.);
#4457=CARTESIAN_POINT('',(2.672026110425E1,-6.235783994883E0,-5.E-1));
#4458=DIRECTION('',(0.E0,0.E0,1.E0));
#4459=DIRECTION('',(-2.249177984208E-2,9.997470279223E-1,0.E0));
#4460=AXIS2_PLACEMENT_3D('',#4457,#4458,#4459);
#4461=CYLINDRICAL_SURFACE('',#4460,1.E0);
#4462=ORIENTED_EDGE('',*,*,#3515,.F.);
#4463=ORIENTED_EDGE('',*,*,#4351,.F.);
#4464=ORIENTED_EDGE('',*,*,#4383,.T.);
#4465=ORIENTED_EDGE('',*,*,#4073,.F.);
#4466=EDGE_LOOP('',(#4462,#4463,#4464,#4465));
#4467=FACE_OUTER_BOUND('',#4466,.F.);
#4468=ADVANCED_FACE('',(#4467),#4461,.T.);
#4469=CARTESIAN_POINT('',(2.670172066909E1,-7.236967493529E0,4.806766701724E0));
#4470=DIRECTION('',(0.E0,0.E0,-1.E0));
#4471=DIRECTION('',(-1.851534400602E-2,-9.998285763251E-1,0.E0));
#4472=AXIS2_PLACEMENT_3D('',#4469,#4470,#4471);
#4473=CYLINDRICAL_SURFACE('',#4472,1.E0);
#4474=ORIENTED_EDGE('',*,*,#3511,.F.);
#4476=ORIENTED_EDGE('',*,*,#4475,.F.);
#4477=ORIENTED_EDGE('',*,*,#4323,.T.);
#4478=ORIENTED_EDGE('',*,*,#4354,.F.);
#4479=EDGE_LOOP('',(#4474,#4476,#4477,#4478));
#4480=FACE_OUTER_BOUND('',#4479,.F.);
#4481=ADVANCED_FACE('',(#4480),#4473,.T.);
#4482=CARTESIAN_POINT('',(-1.307367166226E0,-7.718452134830E0,
4.806766701724E0));
#4483=DIRECTION('',(-1.851534400602E-2,-9.998285763251E-1,0.E0));
#4484=DIRECTION('',(0.E0,0.E0,-1.E0));
#4485=AXIS2_PLACEMENT_3D('',#4482,#4483,#4484);
#4486=PLANE('',#4485);
#4487=ORIENTED_EDGE('',*,*,#3519,.T.);
#4488=ORIENTED_EDGE('',*,*,#4070,.F.);
#4489=ORIENTED_EDGE('',*,*,#4325,.F.);
#4490=ORIENTED_EDGE('',*,*,#4475,.T.);
#4491=EDGE_LOOP('',(#4487,#4488,#4489,#4490));
#4492=FACE_OUTER_BOUND('',#4491,.F.);
#4493=ADVANCED_FACE('',(#4492),#4486,.T.);
#4494=CARTESIAN_POINT('',(-1.362922721781E0,-1.171845213483E1,-2.5E-1));
#4495=DIRECTION('',(1.851534400602E-2,9.998285763251E-1,0.E0));
#4496=DIRECTION('',(0.E0,0.E0,1.E0));
#4497=AXIS2_PLACEMENT_3D('',#4494,#4495,#4496);
#4498=PLANE('',#4497);
#4499=ORIENTED_EDGE('',*,*,#3535,.F.);
#4501=ORIENTED_EDGE('',*,*,#4500,.T.);
#4502=ORIENTED_EDGE('',*,*,#4328,.T.);
#4503=ORIENTED_EDGE('',*,*,#4066,.F.);
#4504=EDGE_LOOP('',(#4499,#4501,#4502,#4503));
#4505=FACE_OUTER_BOUND('',#4504,.F.);
#4506=ADVANCED_FACE('',(#4505),#4498,.T.);
#4507=CARTESIAN_POINT('',(2.660913442552E1,-1.323662464618E1,2.992900378081E1));
#4508=DIRECTION('',(0.E0,0.E0,1.E0));
#4509=DIRECTION('',(-6.938932410409E-1,7.200778916462E-1,0.E0));
#4510=AXIS2_PLACEMENT_3D('',#4507,#4508,#4509);
#4511=CYLINDRICAL_SURFACE('',#4510,1.E0);
#4512=ORIENTED_EDGE('',*,*,#3533,.F.);
#4513=ORIENTED_EDGE('',*,*,#4140,.F.);
#4514=ORIENTED_EDGE('',*,*,#4332,.T.);
#4515=ORIENTED_EDGE('',*,*,#4330,.T.);
#4516=ORIENTED_EDGE('',*,*,#4500,.F.);
#4517=EDGE_LOOP('',(#4512,#4513,#4514,#4515,#4516));
#4518=FACE_OUTER_BOUND('',#4517,.F.);
#4519=ADVANCED_FACE('',(#4518),#4511,.T.);
#4520=CARTESIAN_POINT('',(2.690591068998E1,5.789293634647E0,-5.E-1));
#4521=DIRECTION('',(0.E0,0.E0,1.E0));
#4522=DIRECTION('',(-2.081413655741E-1,9.780987536731E-1,0.E0));
#4523=AXIS2_PLACEMENT_3D('',#4520,#4521,#4522);
#4524=CYLINDRICAL_SURFACE('',#4523,1.E0);
#4525=ORIENTED_EDGE('',*,*,#3497,.F.);
#4526=ORIENTED_EDGE('',*,*,#3367,.F.);
#4527=ORIENTED_EDGE('',*,*,#3348,.T.);
#4528=ORIENTED_EDGE('',*,*,#4085,.F.);
#4529=EDGE_LOOP('',(#4525,#4526,#4527,#4528));
#4530=FACE_OUTER_BOUND('',#4529,.F.);
#4531=ADVANCED_FACE('',(#4530),#4524,.T.);
#4532=CARTESIAN_POINT('',(3.499776932440E1,1.505891835921E1,1.575E1));
#4533=DIRECTION('',(-1.E0,0.E0,0.E0));
#4534=DIRECTION('',(0.E0,-1.E0,0.E0));
#4535=AXIS2_PLACEMENT_3D('',#4532,#4533,#4534);
#4536=PLANE('',#4535);
#4537=ORIENTED_EDGE('',*,*,#3242,.F.);
#4538=ORIENTED_EDGE('',*,*,#2843,.T.);
#4539=ORIENTED_EDGE('',*,*,#3197,.T.);
#4540=ORIENTED_EDGE('',*,*,#4030,.F.);
#4541=EDGE_LOOP('',(#4537,#4538,#4539,#4540));
#4542=FACE_OUTER_BOUND('',#4541,.F.);
#4543=ADVANCED_FACE('',(#4542),#4536,.T.);
#4544=CARTESIAN_POINT('',(-1.529589388448E0,-2.071845213483E1,
3.749796218893E0));
#4545=DIRECTION('',(-1.851534400602E-2,-9.998285763251E-1,0.E0));
#4546=DIRECTION('',(0.E0,0.E0,-1.E0));
#4547=AXIS2_PLACEMENT_3D('',#4544,#4545,#4546);
#4548=PLANE('',#4547);
#4549=ORIENTED_EDGE('',*,*,#3429,.T.);
#4551=ORIENTED_EDGE('',*,*,#4550,.T.);
#4552=ORIENTED_EDGE('',*,*,#3989,.T.);
#4553=ORIENTED_EDGE('',*,*,#3302,.T.);
#4554=EDGE_LOOP('',(#4549,#4551,#4552,#4553));
#4555=FACE_OUTER_BOUND('',#4554,.F.);
#4556=ADVANCED_FACE('',(#4555),#4548,.T.);
#4557=CARTESIAN_POINT('',(-9.307247669854E-2,-1.974488284680E1,
3.192890189026E1));
#4558=DIRECTION('',(0.E0,0.E0,1.E0));
#4559=DIRECTION('',(7.071067811865E-1,-7.071067811865E-1,0.E0));
#4560=AXIS2_PLACEMENT_3D('',#4557,#4558,#4559);
#4561=CYLINDRICAL_SURFACE('',#4560,1.E0);
#4562=ORIENTED_EDGE('',*,*,#3438,.F.);
#4563=ORIENTED_EDGE('',*,*,#3924,.F.);
#4564=ORIENTED_EDGE('',*,*,#3993,.T.);
#4565=ORIENTED_EDGE('',*,*,#3991,.T.);
#4566=ORIENTED_EDGE('',*,*,#4550,.F.);
#4567=EDGE_LOOP('',(#4562,#4563,#4564,#4565,#4566));
#4568=FACE_OUTER_BOUND('',#4567,.F.);
#4569=ADVANCED_FACE('',(#4568),#4561,.T.);
#4570=CARTESIAN_POINT('',(-1.116100542712E-1,-1.874385365787E1,
2.992900378081E1));
#4571=DIRECTION('',(0.E0,0.E0,-1.E0));
#4572=DIRECTION('',(7.071067811865E-1,7.071067811865E-1,0.E0));
#4573=AXIS2_PLACEMENT_3D('',#4570,#4571,#4572);
#4574=CYLINDRICAL_SURFACE('',#4573,1.E0);
#4575=ORIENTED_EDGE('',*,*,#3434,.F.);
#4577=ORIENTED_EDGE('',*,*,#4576,.F.);
#4579=ORIENTED_EDGE('',*,*,#4578,.T.);
#4581=ORIENTED_EDGE('',*,*,#4580,.T.);
#4582=ORIENTED_EDGE('',*,*,#3927,.F.);
#4583=EDGE_LOOP('',(#4575,#4577,#4579,#4581,#4582));
#4584=FACE_OUTER_BOUND('',#4583,.F.);
#4585=ADVANCED_FACE('',(#4584),#4574,.T.);
#4586=CARTESIAN_POINT('',(-1.474033832893E0,-1.771845213483E1,-2.5E-1));
#4587=DIRECTION('',(1.851534400602E-2,9.998285763251E-1,0.E0));
#4588=DIRECTION('',(0.E0,0.E0,1.E0));
#4589=AXIS2_PLACEMENT_3D('',#4586,#4587,#4588);
#4590=PLANE('',#4589);
#4591=ORIENTED_EDGE('',*,*,#3432,.F.);
#4592=ORIENTED_EDGE('',*,*,#3298,.T.);
#4594=ORIENTED_EDGE('',*,*,#4593,.F.);
#4595=ORIENTED_EDGE('',*,*,#4576,.T.);
#4596=EDGE_LOOP('',(#4591,#4592,#4594,#4595));
#4597=FACE_OUTER_BOUND('',#4596,.F.);
#4598=ADVANCED_FACE('',(#4597),#4590,.T.);
#4599=CARTESIAN_POINT('',(1.319776932440E1,-4.797404104237E0,7.5E-1));
#4600=DIRECTION('',(0.E0,0.E0,1.E0));
#4601=DIRECTION('',(1.E0,0.E0,0.E0));
#4602=AXIS2_PLACEMENT_3D('',#4599,#4600,#4601);
#4603=PLANE('',#4602);
#4604=ORIENTED_EDGE('',*,*,#3929,.F.);
#4605=ORIENTED_EDGE('',*,*,#4580,.F.);
#4606=ORIENTED_EDGE('',*,*,#4578,.F.);
#4607=ORIENTED_EDGE('',*,*,#4593,.T.);
#4608=ORIENTED_EDGE('',*,*,#3296,.T.);
#4610=ORIENTED_EDGE('',*,*,#4609,.F.);
#4612=ORIENTED_EDGE('',*,*,#4611,.F.);
#4614=ORIENTED_EDGE('',*,*,#4613,.F.);
#4615=EDGE_LOOP('',(#4604,#4605,#4606,#4607,#4608,#4610,#4612,#4614));
#4616=FACE_OUTER_BOUND('',#4615,.F.);
#4617=ADVANCED_FACE('',(#4616),#4603,.T.);
#4618=CARTESIAN_POINT('',(-1.418478277337E0,-1.471845213483E1,
4.468249571572E0));
#4619=DIRECTION('',(-1.851534400602E-2,-9.998285763251E-1,0.E0));
#4620=DIRECTION('',(0.E0,0.E0,-1.E0));
#4621=AXIS2_PLACEMENT_3D('',#4618,#4619,#4620);
#4622=PLANE('',#4621);
#4623=ORIENTED_EDGE('',*,*,#3467,.T.);
#4625=ORIENTED_EDGE('',*,*,#4624,.T.);
#4626=ORIENTED_EDGE('',*,*,#4609,.T.);
#4627=ORIENTED_EDGE('',*,*,#3294,.T.);
#4628=EDGE_LOOP('',(#4623,#4625,#4626,#4627));
#4629=FACE_OUTER_BOUND('',#4628,.F.);
#4630=ADVANCED_FACE('',(#4629),#4622,.T.);
#4631=CARTESIAN_POINT('',(-2.042598218481E-1,-1.374076620872E1,
3.228812856660E1));
#4632=DIRECTION('',(0.E0,0.E0,1.E0));
#4633=DIRECTION('',(7.071067811865E-1,-7.071067811865E-1,-1.023994317475E-14));
#4634=AXIS2_PLACEMENT_3D('',#4631,#4632,#4633);
#4635=CYLINDRICAL_SURFACE('',#4634,1.E0);
#4636=ORIENTED_EDGE('',*,*,#3465,.F.);
#4637=ORIENTED_EDGE('',*,*,#3931,.F.);
#4638=ORIENTED_EDGE('',*,*,#4613,.T.);
#4639=ORIENTED_EDGE('',*,*,#4611,.T.);
#4640=ORIENTED_EDGE('',*,*,#4624,.F.);
#4641=EDGE_LOOP('',(#4636,#4637,#4638,#4639,#4640));
#4642=FACE_OUTER_BOUND('',#4641,.F.);
#4643=ADVANCED_FACE('',(#4642),#4635,.T.);
#4644=CARTESIAN_POINT('',(-3.154378443799E-1,-6.737152992003E0,
2.028383350862E0));
#4645=DIRECTION('',(0.E0,0.E0,1.E0));
#4646=DIRECTION('',(1.320716878432E-2,-9.999127815428E-1,0.E0));
#4647=AXIS2_PLACEMENT_3D('',#4644,#4645,#4646);
#4648=CYLINDRICAL_SURFACE('',#4647,1.E0);
#4649=ORIENTED_EDGE('',*,*,#3486,.F.);
#4650=ORIENTED_EDGE('',*,*,#3864,.F.);
#4651=ORIENTED_EDGE('',*,*,#3904,.T.);
#4652=ORIENTED_EDGE('',*,*,#3286,.F.);
#4653=EDGE_LOOP('',(#4649,#4650,#4651,#4652));
#4654=FACE_OUTER_BOUND('',#4653,.F.);
#4655=ADVANCED_FACE('',(#4654),#4648,.T.);
#4656=CARTESIAN_POINT('',(-3.339863696442E-1,-5.735532627730E0,-5.E-1));
#4657=DIRECTION('',(0.E0,0.E0,-1.E0));
#4658=DIRECTION('',(3.175569404863E-2,9.994956607687E-1,0.E0));
#4659=AXIS2_PLACEMENT_3D('',#4656,#4657,#4658);
#4660=CYLINDRICAL_SURFACE('',#4659,1.E0);
#4661=ORIENTED_EDGE('',*,*,#3482,.F.);
#4662=ORIENTED_EDGE('',*,*,#3282,.F.);
#4663=ORIENTED_EDGE('',*,*,#3847,.T.);
#4664=ORIENTED_EDGE('',*,*,#3867,.F.);
#4665=EDGE_LOOP('',(#4661,#4662,#4663,#4664));
#4666=FACE_OUTER_BOUND('',#4665,.F.);
#4667=ADVANCED_FACE('',(#4666),#4660,.T.);
#4668=CARTESIAN_POINT('',(5.197852275840E-1,3.170059587511E0,6.010800756163E1));
#4669=DIRECTION('',(0.E0,1.E0,0.E0));
#4670=DIRECTION('',(1.E0,0.E0,0.E0));
#4671=AXIS2_PLACEMENT_3D('',#4668,#4669,#4670);
#4672=PLANE('',#4671);
#4673=ORIENTED_EDGE('',*,*,#3636,.F.);
#4674=ORIENTED_EDGE('',*,*,#3653,.T.);
#4675=ORIENTED_EDGE('',*,*,#3693,.F.);
#4676=ORIENTED_EDGE('',*,*,#3604,.T.);
#4677=EDGE_LOOP('',(#4673,#4674,#4675,#4676));
#4678=FACE_OUTER_BOUND('',#4677,.F.);
#4679=ADVANCED_FACE('',(#4678),#4672,.F.);
#4680=CARTESIAN_POINT('',(4.412052308937E-1,7.764219569907E0,6.010800756163E1));
#4681=CARTESIAN_POINT('',(4.489575882878E-1,7.788909287442E0,6.010800756163E1));
#4682=CARTESIAN_POINT('',(4.967369261044E-1,8.103900626161E0,6.010800756163E1));
#4683=CARTESIAN_POINT('',(-2.641088442398E-1,8.018501992664E0,
6.010800756163E1));
#4684=CARTESIAN_POINT('',(-1.963334278798E-1,8.346013524350E0,
6.010800756163E1));
#4685=CARTESIAN_POINT('',(-1.834191416488E-1,8.378182528125E0,
6.010800756163E1));
#4687=DIRECTION('',(0.E0,0.E0,-1.E0));
#4688=VECTOR('',#4687,1.E0);
#4689=SURFACE_OF_LINEAR_EXTRUSION('',#4686,#4688);
#4690=ORIENTED_EDGE('',*,*,#3338,.T.);
#4692=ORIENTED_EDGE('',*,*,#4691,.F.);
#4693=ORIENTED_EDGE('',*,*,#3696,.T.);
#4694=ORIENTED_EDGE('',*,*,#3662,.F.);
#4695=EDGE_LOOP('',(#4690,#4692,#4693,#4694));
#4696=FACE_OUTER_BOUND('',#4695,.F.);
#4697=ADVANCED_FACE('',(#4696),#4689,.F.);
#4698=CARTESIAN_POINT('',(-2.022306755956E-1,8.292102835535E0,
6.010800756163E1));
#4699=DIRECTION('',(-1.E0,1.320425467895E-14,0.E0));
#4700=DIRECTION('',(1.320425467895E-14,1.E0,0.E0));
#4701=AXIS2_PLACEMENT_3D('',#4698,#4699,#4700);
#4702=PLANE('',#4701);
#4703=ORIENTED_EDGE('',*,*,#3336,.F.);
#4705=ORIENTED_EDGE('',*,*,#4704,.T.);
#4706=ORIENTED_EDGE('',*,*,#3698,.F.);
#4707=ORIENTED_EDGE('',*,*,#4691,.T.);
#4708=EDGE_LOOP('',(#4703,#4705,#4706,#4707));
#4709=FACE_OUTER_BOUND('',#4708,.F.);
#4710=ADVANCED_FACE('',(#4709),#4702,.F.);
#4711=CARTESIAN_POINT('',(-1.992727046800E-1,1.199180220523E1,
6.010800756163E1));
#4712=CARTESIAN_POINT('',(-2.012588025172E-1,1.201400954102E1,
6.010800756163E1));
#4713=CARTESIAN_POINT('',(-2.240300429514E-1,1.253858384438E1,
6.010800756163E1));
#4714=CARTESIAN_POINT('',(3.082939198791E-1,1.316043201142E1,6.010800756163E1));
#4715=CARTESIAN_POINT('',(8.308373793263E-1,1.321249404800E1,6.010800756163E1));
#4716=CARTESIAN_POINT('',(8.528844777464E-1,1.321367343477E1,6.010800756163E1));
#4718=DIRECTION('',(0.E0,0.E0,-1.E0));
#4719=VECTOR('',#4718,1.E0);
#4720=SURFACE_OF_LINEAR_EXTRUSION('',#4717,#4719);
#4721=ORIENTED_EDGE('',*,*,#3334,.T.);
#4723=ORIENTED_EDGE('',*,*,#4722,.F.);
#4724=ORIENTED_EDGE('',*,*,#3700,.T.);
#4725=ORIENTED_EDGE('',*,*,#4704,.F.);
#4726=EDGE_LOOP('',(#4721,#4723,#4724,#4725));
#4727=FACE_OUTER_BOUND('',#4726,.F.);
#4728=ADVANCED_FACE('',(#4727),#4720,.F.);
#4729=CARTESIAN_POINT('',(1.269776932440E1,-6.964608164079E1,6.010800756163E1));
#4730=DIRECTION('',(0.E0,0.E0,-1.E0));
#4731=DIRECTION('',(1.422978767692E-1,9.898238804287E-1,0.E0));
#4732=AXIS2_PLACEMENT_3D('',#4729,#4730,#4731);
#4733=CYLINDRICAL_SURFACE('',#4732,8.3705E1);
#4734=ORIENTED_EDGE('',*,*,#3332,.T.);
#4736=ORIENTED_EDGE('',*,*,#4735,.F.);
#4737=ORIENTED_EDGE('',*,*,#3702,.T.);
#4738=ORIENTED_EDGE('',*,*,#4722,.T.);
#4739=EDGE_LOOP('',(#4734,#4736,#4737,#4738));
#4740=FACE_OUTER_BOUND('',#4739,.F.);
#4741=ADVANCED_FACE('',(#4740),#4733,.F.);
#4742=CARTESIAN_POINT('',(1.294776932440E1,-6.964608164079E1,
-5.657150486250E0));
#4743=DIRECTION('',(0.E0,0.E0,1.E0));
#4744=DIRECTION('',(1.422978767692E-1,9.898238804287E-1,0.E0));
#4745=AXIS2_PLACEMENT_3D('',#4742,#4743,#4744);
#4746=CYLINDRICAL_SURFACE('',#4745,8.3705E1);
#4747=ORIENTED_EDGE('',*,*,#4735,.T.);
#4748=ORIENTED_EDGE('',*,*,#3330,.F.);
#4750=ORIENTED_EDGE('',*,*,#4749,.F.);
#4751=ORIENTED_EDGE('',*,*,#3704,.F.);
#4752=EDGE_LOOP('',(#4747,#4748,#4750,#4751));
#4753=FACE_OUTER_BOUND('',#4752,.F.);
#4754=ADVANCED_FACE('',(#4753),#4746,.F.);
#4755=CARTESIAN_POINT('',(1.319776932440E1,-6.964608164079E1,-7.5E-1));
#4756=DIRECTION('',(0.E0,0.E0,1.E0));
#4757=DIRECTION('',(1.422978767692E-1,9.898238804287E-1,0.E0));
#4758=AXIS2_PLACEMENT_3D('',#4755,#4756,#4757);
#4759=CYLINDRICAL_SURFACE('',#4758,8.3705E1);
#4761=ORIENTED_EDGE('',*,*,#4760,.T.);
#4762=ORIENTED_EDGE('',*,*,#3706,.F.);
#4763=ORIENTED_EDGE('',*,*,#4749,.T.);
#4764=ORIENTED_EDGE('',*,*,#3328,.T.);
#4765=EDGE_LOOP('',(#4761,#4762,#4763,#4764));
#4766=FACE_OUTER_BOUND('',#4765,.F.);
#4767=ADVANCED_FACE('',(#4766),#4759,.F.);
#4768=CARTESIAN_POINT('',(1.344776932440E1,-6.964608164079E1,
-5.657150486250E0));
#4769=DIRECTION('',(0.E0,0.E0,1.E0));
#4770=DIRECTION('',(1.422978767692E-1,9.898238804287E-1,0.E0));
#4771=AXIS2_PLACEMENT_3D('',#4768,#4769,#4770);
#4772=CYLINDRICAL_SURFACE('',#4771,8.3705E1);
#4774=ORIENTED_EDGE('',*,*,#4773,.T.);
#4775=ORIENTED_EDGE('',*,*,#3708,.F.);
#4776=ORIENTED_EDGE('',*,*,#4760,.F.);
#4777=ORIENTED_EDGE('',*,*,#3326,.F.);
#4778=EDGE_LOOP('',(#4774,#4775,#4776,#4777));
#4779=FACE_OUTER_BOUND('',#4778,.F.);
#4780=ADVANCED_FACE('',(#4779),#4772,.F.);
#4781=CARTESIAN_POINT('',(1.369776932440E1,-6.964608164079E1,6.010800756163E1));
#4782=DIRECTION('',(0.E0,0.E0,-1.E0));
#4783=DIRECTION('',(1.422978767692E-1,9.898238804287E-1,0.E0));
#4784=AXIS2_PLACEMENT_3D('',#4781,#4782,#4783);
#4785=CYLINDRICAL_SURFACE('',#4784,8.3705E1);
#4786=ORIENTED_EDGE('',*,*,#3324,.T.);
#4788=ORIENTED_EDGE('',*,*,#4787,.T.);
#4789=ORIENTED_EDGE('',*,*,#3710,.T.);
#4790=ORIENTED_EDGE('',*,*,#4773,.F.);
#4791=EDGE_LOOP('',(#4786,#4788,#4789,#4790));
#4792=FACE_OUTER_BOUND('',#4791,.F.);
#4793=ADVANCED_FACE('',(#4792),#4785,.F.);
#4794=CARTESIAN_POINT('',(2.554195237508E1,1.321371063269E1,6.010800756163E1));
#4795=CARTESIAN_POINT('',(2.556423298413E1,1.321254059466E1,6.010800756163E1));
#4796=CARTESIAN_POINT('',(2.608701597288E1,1.316069923878E1,6.010800756163E1));
#4797=CARTESIAN_POINT('',(2.661931738008E1,1.253887742070E1,6.010800756163E1));
#4798=CARTESIAN_POINT('',(2.659681973043E1,1.201452577114E1,6.010800756163E1));
#4799=CARTESIAN_POINT('',(2.659487963872E1,1.199257032218E1,6.010800756163E1));
#4801=DIRECTION('',(0.E0,0.E0,-1.E0));
#4802=VECTOR('',#4801,1.E0);
#4803=SURFACE_OF_LINEAR_EXTRUSION('',#4800,#4802);
#4804=ORIENTED_EDGE('',*,*,#3322,.T.);
#4806=ORIENTED_EDGE('',*,*,#4805,.F.);
#4807=ORIENTED_EDGE('',*,*,#3712,.T.);
#4808=ORIENTED_EDGE('',*,*,#4787,.F.);
#4809=EDGE_LOOP('',(#4804,#4806,#4807,#4808));
#4810=FACE_OUTER_BOUND('',#4809,.F.);
#4811=ADVANCED_FACE('',(#4810),#4803,.F.);
#4812=CARTESIAN_POINT('',(2.659776932440E1,1.205891835921E1,6.010800756163E1));
#4813=DIRECTION('',(1.E0,0.E0,0.E0));
#4814=DIRECTION('',(0.E0,-1.E0,0.E0));
#4815=AXIS2_PLACEMENT_3D('',#4812,#4813,#4814);
#4816=PLANE('',#4815);
#4817=ORIENTED_EDGE('',*,*,#3320,.F.);
#4819=ORIENTED_EDGE('',*,*,#4818,.T.);
#4820=ORIENTED_EDGE('',*,*,#3714,.F.);
#4821=ORIENTED_EDGE('',*,*,#4805,.T.);
#4822=EDGE_LOOP('',(#4817,#4819,#4820,#4821));
#4823=FACE_OUTER_BOUND('',#4822,.F.);
#4824=ADVANCED_FACE('',(#4823),#4816,.F.);
#4825=CARTESIAN_POINT('',(2.658584812395E1,8.359393110313E0,6.010800756163E1));
#4826=CARTESIAN_POINT('',(2.659398729401E1,8.334783985072E0,6.010800756163E1));
#4827=CARTESIAN_POINT('',(2.664732293160E1,8.019885322567E0,6.010800756163E1));
#4828=CARTESIAN_POINT('',(2.588696804813E1,8.105228858080E0,6.010800756163E1));
#4829=CARTESIAN_POINT('',(2.594841293163E1,7.778130768792E0,6.010800756163E1));
#4830=CARTESIAN_POINT('',(2.596061991071E1,7.746188364575E0,6.010800756163E1));
#4832=DIRECTION('',(0.E0,0.E0,-1.E0));
#4833=VECTOR('',#4832,1.E0);
#4834=SURFACE_OF_LINEAR_EXTRUSION('',#4831,#4833);
#4835=ORIENTED_EDGE('',*,*,#3318,.T.);
#4836=ORIENTED_EDGE('',*,*,#3364,.F.);
#4837=ORIENTED_EDGE('',*,*,#3716,.T.);
#4838=ORIENTED_EDGE('',*,*,#4818,.F.);
#4839=EDGE_LOOP('',(#4835,#4836,#4837,#4838));
#4840=FACE_OUTER_BOUND('',#4839,.F.);
#4841=ADVANCED_FACE('',(#4840),#4834,.F.);
#4842=CARTESIAN_POINT('',(1.197769324404E0,2.005891835921E1,-2.16076E1));
#4843=DIRECTION('',(0.E0,0.E0,1.E0));
#4844=DIRECTION('',(0.E0,1.E0,0.E0));
#4845=AXIS2_PLACEMENT_3D('',#4842,#4843,#4844);
#4846=CYLINDRICAL_SURFACE('',#4845,3.E0);
#4848=ORIENTED_EDGE('',*,*,#4847,.T.);
#4850=ORIENTED_EDGE('',*,*,#4849,.F.);
#4851=ORIENTED_EDGE('',*,*,#3672,.T.);
#4853=ORIENTED_EDGE('',*,*,#4852,.T.);
#4854=EDGE_LOOP('',(#4848,#4850,#4851,#4853));
#4855=FACE_OUTER_BOUND('',#4854,.F.);
#4856=ADVANCED_FACE('',(#4855),#4846,.T.);
#4857=CARTESIAN_POINT('',(-1.802230675596E0,2.105891835921E1,3.5E0));
#4858=DIRECTION('',(0.E0,0.E0,1.E0));
#4859=DIRECTION('',(1.E0,0.E0,0.E0));
#4860=AXIS2_PLACEMENT_3D('',#4857,#4858,#4859);
#4861=PLANE('',#4860);
#4862=ORIENTED_EDGE('',*,*,#4847,.F.);
#4864=ORIENTED_EDGE('',*,*,#4863,.T.);
#4866=ORIENTED_EDGE('',*,*,#4865,.F.);
#4868=ORIENTED_EDGE('',*,*,#4867,.T.);
#4870=ORIENTED_EDGE('',*,*,#4869,.F.);
#4871=ORIENTED_EDGE('',*,*,#2899,.F.);
#4873=ORIENTED_EDGE('',*,*,#4872,.F.);
#4875=ORIENTED_EDGE('',*,*,#4874,.T.);
#4876=EDGE_LOOP('',(#4862,#4864,#4866,#4868,#4870,#4871,#4873,#4875));
#4877=FACE_OUTER_BOUND('',#4876,.F.);
#4878=ADVANCED_FACE('',(#4877),#4861,.T.);
#4879=CARTESIAN_POINT('',(0.E0,2.305891835921E1,0.E0));
#4880=DIRECTION('',(0.E0,1.E0,0.E0));
#4881=DIRECTION('',(-1.E0,0.E0,0.E0));
#4882=AXIS2_PLACEMENT_3D('',#4879,#4880,#4881);
#4883=PLANE('',#4882);
#4884=ORIENTED_EDGE('',*,*,#4852,.F.);
#4885=ORIENTED_EDGE('',*,*,#3686,.F.);
#4887=ORIENTED_EDGE('',*,*,#4886,.F.);
#4888=ORIENTED_EDGE('',*,*,#4863,.F.);
#4889=EDGE_LOOP('',(#4884,#4885,#4887,#4888));
#4890=FACE_OUTER_BOUND('',#4889,.F.);
#4891=ADVANCED_FACE('',(#4890),#4883,.T.);
#4892=CARTESIAN_POINT('',(2.519776932440E1,2.005891835921E1,3.61076E1));
#4893=DIRECTION('',(0.E0,0.E0,-1.E0));
#4894=DIRECTION('',(0.E0,1.E0,0.E0));
#4895=AXIS2_PLACEMENT_3D('',#4892,#4893,#4894);
#4896=CYLINDRICAL_SURFACE('',#4895,3.E0);
#4897=ORIENTED_EDGE('',*,*,#3684,.T.);
#4899=ORIENTED_EDGE('',*,*,#4898,.F.);
#4900=ORIENTED_EDGE('',*,*,#4865,.T.);
#4901=ORIENTED_EDGE('',*,*,#4886,.T.);
#4902=EDGE_LOOP('',(#4897,#4899,#4900,#4901));
#4903=FACE_OUTER_BOUND('',#4902,.F.);
#4904=ADVANCED_FACE('',(#4903),#4896,.T.);
#4905=CARTESIAN_POINT('',(2.819776932440E1,-2.894108164079E1,1.285E1));
#4906=DIRECTION('',(1.E0,0.E0,0.E0));
#4907=DIRECTION('',(0.E0,1.E0,0.E0));
#4908=AXIS2_PLACEMENT_3D('',#4905,#4906,#4907);
#4909=PLANE('',#4908);
#4911=ORIENTED_EDGE('',*,*,#4910,.T.);
#4913=ORIENTED_EDGE('',*,*,#4912,.F.);
#4914=ORIENTED_EDGE('',*,*,#3037,.T.);
#4916=ORIENTED_EDGE('',*,*,#4915,.T.);
#4917=ORIENTED_EDGE('',*,*,#4867,.F.);
#4918=ORIENTED_EDGE('',*,*,#4898,.T.);
#4919=ORIENTED_EDGE('',*,*,#3682,.T.);
#4921=ORIENTED_EDGE('',*,*,#4920,.T.);
#4923=ORIENTED_EDGE('',*,*,#4922,.F.);
#4924=ORIENTED_EDGE('',*,*,#3005,.F.);
#4925=ORIENTED_EDGE('',*,*,#3041,.T.);
#4927=ORIENTED_EDGE('',*,*,#4926,.T.);
#4928=EDGE_LOOP('',(#4911,#4913,#4914,#4916,#4917,#4918,#4919,#4921,#4923,#4924,
#4925,#4927));
#4929=FACE_OUTER_BOUND('',#4928,.F.);
#4930=ADVANCED_FACE('',(#4929),#4909,.T.);
#4931=CARTESIAN_POINT('',(0.E0,0.E0,1.025E1));
#4932=DIRECTION('',(0.E0,0.E0,-1.E0));
#4933=DIRECTION('',(-1.E0,0.E0,0.E0));
#4934=AXIS2_PLACEMENT_3D('',#4931,#4932,#4933);
#4935=PLANE('',#4934);
#4937=ORIENTED_EDGE('',*,*,#4936,.T.);
#4939=ORIENTED_EDGE('',*,*,#4938,.F.);
#4940=EDGE_LOOP('',(#4937,#4939));
#4941=FACE_OUTER_BOUND('',#4940,.F.);
#4943=ORIENTED_EDGE('',*,*,#4942,.F.);
#4945=ORIENTED_EDGE('',*,*,#4944,.F.);
#4946=EDGE_LOOP('',(#4943,#4945));
#4947=FACE_BOUND('',#4946,.F.);
#4948=ADVANCED_FACE('',(#4941,#4947),#4935,.T.);
#4949=CARTESIAN_POINT('',(0.E0,0.E0,1.025E1));
#4950=DIRECTION('',(0.E0,0.E0,-1.E0));
#4951=DIRECTION('',(-1.E0,0.E0,0.E0));
#4952=AXIS2_PLACEMENT_3D('',#4949,#4950,#4951);
#4953=PLANE('',#4952);
#4954=ORIENTED_EDGE('',*,*,#4910,.F.);
#4956=ORIENTED_EDGE('',*,*,#4955,.F.);
#4957=EDGE_LOOP('',(#4954,#4956));
#4958=FACE_OUTER_BOUND('',#4957,.F.);
#4960=ORIENTED_EDGE('',*,*,#4959,.F.);
#4962=ORIENTED_EDGE('',*,*,#4961,.F.);
#4963=EDGE_LOOP('',(#4960,#4962));
#4964=FACE_BOUND('',#4963,.F.);
#4965=ADVANCED_FACE('',(#4958,#4964),#4953,.T.);
#4966=CARTESIAN_POINT('',(-4.302230675596E0,-4.941081640792E0,1.575E1));
#4967=DIRECTION('',(0.E0,0.E0,1.E0));
#4968=DIRECTION('',(1.E0,0.E0,0.E0));
#4969=AXIS2_PLACEMENT_3D('',#4966,#4967,#4968);
#4970=CYLINDRICAL_SURFACE('',#4969,1.6E0);
#4972=ORIENTED_EDGE('',*,*,#4971,.F.);
#4973=ORIENTED_EDGE('',*,*,#4942,.T.);
#4975=ORIENTED_EDGE('',*,*,#4974,.F.);
#4976=ORIENTED_EDGE('',*,*,#3231,.F.);
#4977=EDGE_LOOP('',(#4972,#4973,#4975,#4976));
#4978=FACE_OUTER_BOUND('',#4977,.F.);
#4979=ADVANCED_FACE('',(#4978),#4970,.F.);
#4980=CARTESIAN_POINT('',(-4.302230675596E0,-4.941081640792E0,1.575E1));
#4981=DIRECTION('',(0.E0,0.E0,1.E0));
#4982=DIRECTION('',(1.E0,0.E0,0.E0));
#4983=AXIS2_PLACEMENT_3D('',#4980,#4981,#4982);
#4984=CYLINDRICAL_SURFACE('',#4983,1.6E0);
#4985=ORIENTED_EDGE('',*,*,#4974,.T.);
#4986=ORIENTED_EDGE('',*,*,#4944,.T.);
#4987=ORIENTED_EDGE('',*,*,#4971,.T.);
#4988=ORIENTED_EDGE('',*,*,#3229,.F.);
#4989=EDGE_LOOP('',(#4985,#4986,#4987,#4988));
#4990=FACE_OUTER_BOUND('',#4989,.F.);
#4991=ADVANCED_FACE('',(#4990),#4984,.F.);
#4992=CARTESIAN_POINT('',(3.069776932440E1,-4.941081640792E0,1.575E1));
#4993=DIRECTION('',(0.E0,0.E0,1.E0));
#4994=DIRECTION('',(1.E0,0.E0,0.E0));
#4995=AXIS2_PLACEMENT_3D('',#4992,#4993,#4994);
#4996=CYLINDRICAL_SURFACE('',#4995,1.6E0);
#4998=ORIENTED_EDGE('',*,*,#4997,.F.);
#4999=ORIENTED_EDGE('',*,*,#4959,.T.);
#5001=ORIENTED_EDGE('',*,*,#5000,.F.);
#5002=ORIENTED_EDGE('',*,*,#3252,.F.);
#5003=EDGE_LOOP('',(#4998,#4999,#5001,#5002));
#5004=FACE_OUTER_BOUND('',#5003,.F.);
#5005=ADVANCED_FACE('',(#5004),#4996,.F.);
#5006=CARTESIAN_POINT('',(3.069776932440E1,-4.941081640792E0,1.575E1));
#5007=DIRECTION('',(0.E0,0.E0,1.E0));
#5008=DIRECTION('',(1.E0,0.E0,0.E0));
#5009=AXIS2_PLACEMENT_3D('',#5006,#5007,#5008);
#5010=CYLINDRICAL_SURFACE('',#5009,1.6E0);
#5011=ORIENTED_EDGE('',*,*,#5000,.T.);
#5012=ORIENTED_EDGE('',*,*,#4961,.T.);
#5013=ORIENTED_EDGE('',*,*,#4997,.T.);
#5014=ORIENTED_EDGE('',*,*,#3250,.F.);
#5015=EDGE_LOOP('',(#5011,#5012,#5013,#5014));
#5016=FACE_OUTER_BOUND('',#5015,.F.);
#5017=ADVANCED_FACE('',(#5016),#5010,.F.);
#5018=CARTESIAN_POINT('',(-1.802230675596E0,2.005891835921E1,1.285E1));
#5019=DIRECTION('',(-1.E0,0.E0,0.E0));
#5020=DIRECTION('',(0.E0,-1.E0,0.E0));
#5021=AXIS2_PLACEMENT_3D('',#5018,#5019,#5020);
#5022=PLANE('',#5021);
#5023=ORIENTED_EDGE('',*,*,#4936,.F.);
#5025=ORIENTED_EDGE('',*,*,#5024,.F.);
#5026=ORIENTED_EDGE('',*,*,#3047,.T.);
#5028=ORIENTED_EDGE('',*,*,#5027,.T.);
#5030=ORIENTED_EDGE('',*,*,#5029,.F.);
#5032=ORIENTED_EDGE('',*,*,#5031,.T.);
#5033=ORIENTED_EDGE('',*,*,#3674,.T.);
#5034=ORIENTED_EDGE('',*,*,#4849,.T.);
#5035=ORIENTED_EDGE('',*,*,#4874,.F.);
#5037=ORIENTED_EDGE('',*,*,#5036,.T.);
#5038=ORIENTED_EDGE('',*,*,#3030,.T.);
#5040=ORIENTED_EDGE('',*,*,#5039,.T.);
#5041=EDGE_LOOP('',(#5023,#5025,#5026,#5028,#5030,#5032,#5033,#5034,#5035,#5037,
#5038,#5040));
#5042=FACE_OUTER_BOUND('',#5041,.F.);
#5043=ADVANCED_FACE('',(#5042),#5022,.T.);
#5044=CARTESIAN_POINT('',(-4.302230675596E0,-4.941081640792E0,1.425E1));
#5045=DIRECTION('',(0.E0,0.E0,-1.E0));
#5046=DIRECTION('',(-1.E0,0.E0,0.E0));
#5047=AXIS2_PLACEMENT_3D('',#5044,#5045,#5046);
#5048=CYLINDRICAL_SURFACE('',#5047,4.E0);
#5049=ORIENTED_EDGE('',*,*,#3028,.T.);
#5050=ORIENTED_EDGE('',*,*,#5024,.T.);
#5051=ORIENTED_EDGE('',*,*,#4938,.T.);
#5052=ORIENTED_EDGE('',*,*,#5039,.F.);
#5053=EDGE_LOOP('',(#5049,#5050,#5051,#5052));
#5054=FACE_OUTER_BOUND('',#5053,.F.);
#5055=ADVANCED_FACE('',(#5054),#5048,.T.);
#5056=CARTESIAN_POINT('',(3.197769324404E0,-2.494108164079E1,3.61076E1));
#5057=DIRECTION('',(0.E0,0.E0,-1.E0));
#5058=DIRECTION('',(0.E0,-1.E0,0.E0));
#5059=AXIS2_PLACEMENT_3D('',#5056,#5057,#5058);
#5060=CYLINDRICAL_SURFACE('',#5059,5.E0);
#5061=ORIENTED_EDGE('',*,*,#3045,.F.);
#5062=ORIENTED_EDGE('',*,*,#2983,.T.);
#5064=ORIENTED_EDGE('',*,*,#5063,.T.);
#5065=ORIENTED_EDGE('',*,*,#5027,.F.);
#5066=EDGE_LOOP('',(#5061,#5062,#5064,#5065));
#5067=FACE_OUTER_BOUND('',#5066,.F.);
#5068=ADVANCED_FACE('',(#5067),#5060,.T.);
#5069=CARTESIAN_POINT('',(2.819776932440E1,-2.994108164079E1,3.5E0));
#5070=DIRECTION('',(0.E0,0.E0,1.E0));
#5071=DIRECTION('',(-1.E0,0.E0,0.E0));
#5072=AXIS2_PLACEMENT_3D('',#5069,#5070,#5071);
#5073=PLANE('',#5072);
#5075=ORIENTED_EDGE('',*,*,#5074,.F.);
#5076=ORIENTED_EDGE('',*,*,#5029,.T.);
#5077=ORIENTED_EDGE('',*,*,#5063,.F.);
#5078=ORIENTED_EDGE('',*,*,#2981,.F.);
#5079=ORIENTED_EDGE('',*,*,#3007,.F.);
#5080=ORIENTED_EDGE('',*,*,#4922,.T.);
#5082=ORIENTED_EDGE('',*,*,#5081,.F.);
#5084=ORIENTED_EDGE('',*,*,#5083,.T.);
#5085=EDGE_LOOP('',(#5075,#5076,#5077,#5078,#5079,#5080,#5082,#5084));
#5086=FACE_OUTER_BOUND('',#5085,.F.);
#5087=ADVANCED_FACE('',(#5086),#5073,.T.);
#5088=CARTESIAN_POINT('',(1.197769324404E0,-2.894108164079E1,3.61076E1));
#5089=DIRECTION('',(0.E0,0.E0,-1.E0));
#5090=DIRECTION('',(0.E0,-1.E0,0.E0));
#5091=AXIS2_PLACEMENT_3D('',#5088,#5089,#5090);
#5092=CYLINDRICAL_SURFACE('',#5091,3.E0);
#5093=ORIENTED_EDGE('',*,*,#3676,.T.);
#5094=ORIENTED_EDGE('',*,*,#5031,.F.);
#5095=ORIENTED_EDGE('',*,*,#5074,.T.);
#5097=ORIENTED_EDGE('',*,*,#5096,.T.);
#5098=EDGE_LOOP('',(#5093,#5094,#5095,#5097));
#5099=FACE_OUTER_BOUND('',#5098,.F.);
#5100=ADVANCED_FACE('',(#5099),#5092,.T.);
#5101=CARTESIAN_POINT('',(0.E0,-3.194108164079E1,0.E0));
#5102=DIRECTION('',(0.E0,-1.E0,0.E0));
#5103=DIRECTION('',(1.E0,0.E0,0.E0));
#5104=AXIS2_PLACEMENT_3D('',#5101,#5102,#5103);
#5105=PLANE('',#5104);
#5106=ORIENTED_EDGE('',*,*,#5096,.F.);
#5107=ORIENTED_EDGE('',*,*,#5083,.F.);
#5109=ORIENTED_EDGE('',*,*,#5108,.F.);
#5110=ORIENTED_EDGE('',*,*,#3678,.F.);
#5111=EDGE_LOOP('',(#5106,#5107,#5109,#5110));
#5112=FACE_OUTER_BOUND('',#5111,.F.);
#5113=ADVANCED_FACE('',(#5112),#5105,.T.);
#5114=CARTESIAN_POINT('',(2.519776932440E1,-2.894108164079E1,-2.16076E1));
#5115=DIRECTION('',(0.E0,0.E0,1.E0));
#5116=DIRECTION('',(0.E0,-1.E0,0.E0));
#5117=AXIS2_PLACEMENT_3D('',#5114,#5115,#5116);
#5118=CYLINDRICAL_SURFACE('',#5117,3.E0);
#5119=ORIENTED_EDGE('',*,*,#5081,.T.);
#5120=ORIENTED_EDGE('',*,*,#4920,.F.);
#5121=ORIENTED_EDGE('',*,*,#3680,.T.);
#5122=ORIENTED_EDGE('',*,*,#5108,.T.);
#5123=EDGE_LOOP('',(#5119,#5120,#5121,#5122));
#5124=FACE_OUTER_BOUND('',#5123,.F.);
#5125=ADVANCED_FACE('',(#5124),#5118,.T.);
#5126=CARTESIAN_POINT('',(3.197769324404E0,1.605891835921E1,-2.16076E1));
#5127=DIRECTION('',(0.E0,0.E0,1.E0));
#5128=DIRECTION('',(0.E0,1.E0,0.E0));
#5129=AXIS2_PLACEMENT_3D('',#5126,#5127,#5128);
#5130=CYLINDRICAL_SURFACE('',#5129,5.E0);
#5131=ORIENTED_EDGE('',*,*,#3032,.T.);
#5132=ORIENTED_EDGE('',*,*,#5036,.F.);
#5133=ORIENTED_EDGE('',*,*,#4872,.T.);
#5134=ORIENTED_EDGE('',*,*,#2897,.T.);
#5135=EDGE_LOOP('',(#5131,#5132,#5133,#5134));
#5136=FACE_OUTER_BOUND('',#5135,.F.);
#5137=ADVANCED_FACE('',(#5136),#5130,.T.);
#5138=CARTESIAN_POINT('',(3.069776932440E1,-4.941081640792E0,1.425E1));
#5139=DIRECTION('',(0.E0,0.E0,-1.E0));
#5140=DIRECTION('',(-1.E0,0.E0,0.E0));
#5141=AXIS2_PLACEMENT_3D('',#5138,#5139,#5140);
#5142=CYLINDRICAL_SURFACE('',#5141,4.E0);
#5143=ORIENTED_EDGE('',*,*,#4955,.T.);
#5144=ORIENTED_EDGE('',*,*,#4926,.F.);
#5145=ORIENTED_EDGE('',*,*,#3039,.T.);
#5146=ORIENTED_EDGE('',*,*,#4912,.T.);
#5147=EDGE_LOOP('',(#5143,#5144,#5145,#5146));
#5148=FACE_OUTER_BOUND('',#5147,.F.);
#5149=ADVANCED_FACE('',(#5148),#5142,.T.);
#5150=CARTESIAN_POINT('',(2.319776932440E1,1.605891835921E1,3.61076E1));
#5151=DIRECTION('',(0.E0,0.E0,-1.E0));
#5152=DIRECTION('',(0.E0,1.E0,0.E0));
#5153=AXIS2_PLACEMENT_3D('',#5150,#5151,#5152);
#5154=CYLINDRICAL_SURFACE('',#5153,5.E0);
#5155=ORIENTED_EDGE('',*,*,#3035,.F.);
#5156=ORIENTED_EDGE('',*,*,#2901,.T.);
#5157=ORIENTED_EDGE('',*,*,#4869,.T.);
#5158=ORIENTED_EDGE('',*,*,#4915,.F.);
#5159=EDGE_LOOP('',(#5155,#5156,#5157,#5158));
#5160=FACE_OUTER_BOUND('',#5159,.F.);
#5161=ADVANCED_FACE('',(#5160),#5154,.T.);
#5162=CARTESIAN_POINT('',(-5.187736332668E-1,6.242979607891E0,
1.850434636525E0));
#5163=DIRECTION('',(0.E0,0.E0,1.E0));
#5164=DIRECTION('',(2.165429576712E-1,-9.762730906273E-1,0.E0));
#5165=AXIS2_PLACEMENT_3D('',#5162,#5163,#5164);
#5166=CYLINDRICAL_SURFACE('',#5165,1.E0);
#5167=ORIENTED_EDGE('',*,*,#3452,.F.);
#5168=ORIENTED_EDGE('',*,*,#3656,.F.);
#5169=ORIENTED_EDGE('',*,*,#3641,.T.);
#5170=ORIENTED_EDGE('',*,*,#3270,.F.);
#5171=EDGE_LOOP('',(#5167,#5168,#5169,#5170));
#5172=FACE_OUTER_BOUND('',#5171,.F.);
#5173=ADVANCED_FACE('',(#5172),#5166,.T.);
#5174=CARTESIAN_POINT('',(-5.196687938634E-1,6.291318280107E0,-5.E-1));
#5175=DIRECTION('',(0.E0,0.E0,-1.E0));
#5176=DIRECTION('',(2.174381182678E-1,9.760741082132E-1,0.E0));
#5177=AXIS2_PLACEMENT_3D('',#5174,#5175,#5176);
#5178=CYLINDRICAL_SURFACE('',#5177,1.E0);
#5179=ORIENTED_EDGE('',*,*,#3448,.F.);
#5180=ORIENTED_EDGE('',*,*,#3266,.F.);
#5181=ORIENTED_EDGE('',*,*,#3342,.T.);
#5182=ORIENTED_EDGE('',*,*,#3659,.F.);
#5183=EDGE_LOOP('',(#5179,#5180,#5181,#5182));
#5184=FACE_OUTER_BOUND('',#5183,.F.);
#5185=ADVANCED_FACE('',(#5184),#5178,.T.);
#5186=CARTESIAN_POINT('',(4.319776932440E1,3.355891835921E1,1.725E1));
#5187=DIRECTION('',(-1.E0,0.E0,0.E0));
#5188=DIRECTION('',(0.E0,-1.E0,0.E0));
#5189=AXIS2_PLACEMENT_3D('',#5186,#5187,#5188);
#5190=PLANE('',#5189);
#5191=ORIENTED_EDGE('',*,*,#3168,.F.);
#5193=ORIENTED_EDGE('',*,*,#5192,.T.);
#5195=ORIENTED_EDGE('',*,*,#5194,.T.);
#5197=ORIENTED_EDGE('',*,*,#5196,.F.);
#5198=EDGE_LOOP('',(#5191,#5193,#5195,#5197));
#5199=FACE_OUTER_BOUND('',#5198,.F.);
#5200=ADVANCED_FACE('',(#5199),#5190,.T.);
#5201=CARTESIAN_POINT('',(-2.330223067560E1,3.355891835921E1,1.725E1));
#5202=DIRECTION('',(0.E0,-1.E0,0.E0));
#5203=DIRECTION('',(1.E0,0.E0,0.E0));
#5204=AXIS2_PLACEMENT_3D('',#5201,#5202,#5203);
#5205=PLANE('',#5204);
#5207=ORIENTED_EDGE('',*,*,#5206,.F.);
#5208=ORIENTED_EDGE('',*,*,#3156,.T.);
#5210=ORIENTED_EDGE('',*,*,#5209,.T.);
#5212=ORIENTED_EDGE('',*,*,#5211,.F.);
#5214=ORIENTED_EDGE('',*,*,#5213,.F.);
#5215=ORIENTED_EDGE('',*,*,#5192,.F.);
#5216=ORIENTED_EDGE('',*,*,#3188,.F.);
#5218=ORIENTED_EDGE('',*,*,#5217,.T.);
#5219=EDGE_LOOP('',(#5207,#5208,#5210,#5212,#5214,#5215,#5216,#5218));
#5220=FACE_OUTER_BOUND('',#5219,.F.);
#5221=ADVANCED_FACE('',(#5220),#5205,.T.);
#5222=CARTESIAN_POINT('',(0.E0,0.E0,2.225E1));
#5223=DIRECTION('',(0.E0,0.E0,1.E0));
#5224=DIRECTION('',(1.E0,0.E0,0.E0));
#5225=AXIS2_PLACEMENT_3D('',#5222,#5223,#5224);
#5226=PLANE('',#5225);
#5227=ORIENTED_EDGE('',*,*,#5213,.T.);
#5229=ORIENTED_EDGE('',*,*,#5228,.T.);
#5231=ORIENTED_EDGE('',*,*,#5230,.F.);
#5232=ORIENTED_EDGE('',*,*,#5194,.F.);
#5233=EDGE_LOOP('',(#5227,#5229,#5231,#5232));
#5234=FACE_OUTER_BOUND('',#5233,.F.);
#5236=ORIENTED_EDGE('',*,*,#5235,.T.);
#5238=ORIENTED_EDGE('',*,*,#5237,.T.);
#5239=EDGE_LOOP('',(#5236,#5238));
#5240=FACE_BOUND('',#5239,.F.);
#5241=ADVANCED_FACE('',(#5234,#5240),#5226,.T.);
#5242=CARTESIAN_POINT('',(0.E0,0.E0,2.225E1));
#5243=DIRECTION('',(0.E0,0.E0,1.E0));
#5244=DIRECTION('',(1.E0,0.E0,0.E0));
#5245=AXIS2_PLACEMENT_3D('',#5242,#5243,#5244);
#5246=PLANE('',#5245);
#5248=ORIENTED_EDGE('',*,*,#5247,.T.);
#5250=ORIENTED_EDGE('',*,*,#5249,.T.);
#5252=ORIENTED_EDGE('',*,*,#5251,.F.);
#5254=ORIENTED_EDGE('',*,*,#5253,.F.);
#5255=EDGE_LOOP('',(#5248,#5250,#5252,#5254));
#5256=FACE_OUTER_BOUND('',#5255,.F.);
#5258=ORIENTED_EDGE('',*,*,#5257,.T.);
#5260=ORIENTED_EDGE('',*,*,#5259,.T.);
#5261=EDGE_LOOP('',(#5258,#5260));
#5262=FACE_BOUND('',#5261,.F.);
#5263=ADVANCED_FACE('',(#5256,#5262),#5246,.T.);
#5264=CARTESIAN_POINT('',(0.E0,0.E0,2.225E1));
#5265=DIRECTION('',(0.E0,0.E0,1.E0));
#5266=DIRECTION('',(1.E0,0.E0,0.E0));
#5267=AXIS2_PLACEMENT_3D('',#5264,#5265,#5266);
#5268=PLANE('',#5267);
#5270=ORIENTED_EDGE('',*,*,#5269,.T.);
#5271=ORIENTED_EDGE('',*,*,#3137,.T.);
#5273=ORIENTED_EDGE('',*,*,#5272,.F.);
#5275=ORIENTED_EDGE('',*,*,#5274,.F.);
#5276=EDGE_LOOP('',(#5270,#5271,#5273,#5275));
#5277=FACE_OUTER_BOUND('',#5276,.F.);
#5279=ORIENTED_EDGE('',*,*,#5278,.T.);
#5281=ORIENTED_EDGE('',*,*,#5280,.T.);
#5282=EDGE_LOOP('',(#5279,#5281));
#5283=FACE_BOUND('',#5282,.F.);
#5284=ADVANCED_FACE('',(#5277,#5283),#5268,.T.);
#5285=CARTESIAN_POINT('',(0.E0,0.E0,2.225E1));
#5286=DIRECTION('',(0.E0,0.E0,1.E0));
#5287=DIRECTION('',(1.E0,0.E0,0.E0));
#5288=AXIS2_PLACEMENT_3D('',#5285,#5286,#5287);
#5289=PLANE('',#5288);
#5290=ORIENTED_EDGE('',*,*,#3158,.T.);
#5291=ORIENTED_EDGE('',*,*,#5206,.T.);
#5293=ORIENTED_EDGE('',*,*,#5292,.F.);
#5294=ORIENTED_EDGE('',*,*,#3117,.F.);
#5295=EDGE_LOOP('',(#5290,#5291,#5293,#5294));
#5296=FACE_OUTER_BOUND('',#5295,.F.);
#5298=ORIENTED_EDGE('',*,*,#5297,.T.);
#5300=ORIENTED_EDGE('',*,*,#5299,.T.);
#5301=EDGE_LOOP('',(#5298,#5300));
#5302=FACE_BOUND('',#5301,.F.);
#5303=ADVANCED_FACE('',(#5296,#5302),#5289,.T.);
#5304=CARTESIAN_POINT('',(4.969776932440E1,3.355891835921E1,1.725E1));
#5305=DIRECTION('',(-1.E0,0.E0,0.E0));
#5306=DIRECTION('',(0.E0,-1.E0,0.E0));
#5307=AXIS2_PLACEMENT_3D('',#5304,#5305,#5306);
#5308=PLANE('',#5307);
#5309=ORIENTED_EDGE('',*,*,#5228,.F.);
#5310=ORIENTED_EDGE('',*,*,#5211,.T.);
#5312=ORIENTED_EDGE('',*,*,#5311,.T.);
#5314=ORIENTED_EDGE('',*,*,#5313,.F.);
#5315=ORIENTED_EDGE('',*,*,#5247,.F.);
#5317=ORIENTED_EDGE('',*,*,#5316,.F.);
#5318=ORIENTED_EDGE('',*,*,#3172,.F.);
#5320=ORIENTED_EDGE('',*,*,#5319,.T.);
#5321=EDGE_LOOP('',(#5309,#5310,#5312,#5314,#5315,#5317,#5318,#5320));
#5322=FACE_OUTER_BOUND('',#5321,.F.);
#5323=ADVANCED_FACE('',(#5322),#5308,.T.);
#5324=CARTESIAN_POINT('',(0.E0,0.E0,2.375E1));
#5325=DIRECTION('',(0.E0,0.E0,1.E0));
#5326=DIRECTION('',(1.E0,0.E0,0.E0));
#5327=AXIS2_PLACEMENT_3D('',#5324,#5325,#5326);
#5328=PLANE('',#5327);
#5329=ORIENTED_EDGE('',*,*,#3113,.F.);
#5330=ORIENTED_EDGE('',*,*,#3082,.F.);
#5332=ORIENTED_EDGE('',*,*,#5331,.F.);
#5334=ORIENTED_EDGE('',*,*,#5333,.F.);
#5335=ORIENTED_EDGE('',*,*,#3059,.F.);
#5336=ORIENTED_EDGE('',*,*,#3076,.F.);
#5338=ORIENTED_EDGE('',*,*,#5337,.T.);
#5339=ORIENTED_EDGE('',*,*,#3141,.F.);
#5341=ORIENTED_EDGE('',*,*,#5340,.F.);
#5342=ORIENTED_EDGE('',*,*,#5311,.F.);
#5343=ORIENTED_EDGE('',*,*,#5209,.F.);
#5344=ORIENTED_EDGE('',*,*,#3154,.F.);
#5345=EDGE_LOOP('',(#5329,#5330,#5332,#5334,#5335,#5336,#5338,#5339,#5341,#5342,
#5343,#5344));
#5346=FACE_OUTER_BOUND('',#5345,.F.);
#5347=ADVANCED_FACE('',(#5346),#5328,.T.);
#5348=CARTESIAN_POINT('',(5.119776932440E1,3.505891835921E1,1.425E1));
#5349=DIRECTION('',(0.E0,1.E0,0.E0));
#5350=DIRECTION('',(-1.E0,0.E0,0.E0));
#5351=AXIS2_PLACEMENT_3D('',#5348,#5349,#5350);
#5352=PLANE('',#5351);
#5354=ORIENTED_EDGE('',*,*,#5353,.T.);
#5355=ORIENTED_EDGE('',*,*,#5331,.T.);
#5356=ORIENTED_EDGE('',*,*,#3080,.T.);
#5357=ORIENTED_EDGE('',*,*,#3022,.F.);
#5358=EDGE_LOOP('',(#5354,#5355,#5356,#5357));
#5359=FACE_OUTER_BOUND('',#5358,.F.);
#5360=ADVANCED_FACE('',(#5359),#5352,.T.);
#5361=CARTESIAN_POINT('',(5.119776932440E1,-3.194108164079E1,1.425E1));
#5362=DIRECTION('',(1.E0,0.E0,0.E0));
#5363=DIRECTION('',(0.E0,1.E0,0.E0));
#5364=AXIS2_PLACEMENT_3D('',#5361,#5362,#5363);
#5365=PLANE('',#5364);
#5366=ORIENTED_EDGE('',*,*,#3061,.T.);
#5367=ORIENTED_EDGE('',*,*,#5333,.T.);
#5368=ORIENTED_EDGE('',*,*,#5353,.F.);
#5369=ORIENTED_EDGE('',*,*,#3020,.F.);
#5370=EDGE_LOOP('',(#5366,#5367,#5368,#5369));
#5371=FACE_OUTER_BOUND('',#5370,.F.);
#5372=ADVANCED_FACE('',(#5371),#5365,.T.);
#5373=CARTESIAN_POINT('',(-2.480223067560E1,1.205891835921E1,2.375E1));
#5374=DIRECTION('',(0.E0,-1.E0,0.E0));
#5375=DIRECTION('',(1.E0,0.E0,0.E0));
#5376=AXIS2_PLACEMENT_3D('',#5373,#5374,#5375);
#5377=PLANE('',#5376);
#5378=ORIENTED_EDGE('',*,*,#3074,.T.);
#5379=ORIENTED_EDGE('',*,*,#3099,.T.);
#5380=ORIENTED_EDGE('',*,*,#3143,.F.);
#5381=ORIENTED_EDGE('',*,*,#5337,.F.);
#5382=EDGE_LOOP('',(#5378,#5379,#5380,#5381));
#5383=FACE_OUTER_BOUND('',#5382,.F.);
#5384=ADVANCED_FACE('',(#5383),#5377,.F.);
#5385=CARTESIAN_POINT('',(4.969776932440E1,-3.044108164079E1,1.725E1));
#5386=DIRECTION('',(0.E0,1.E0,0.E0));
#5387=DIRECTION('',(-1.E0,0.E0,0.E0));
#5388=AXIS2_PLACEMENT_3D('',#5385,#5386,#5387);
#5389=PLANE('',#5388);
#5390=ORIENTED_EDGE('',*,*,#5249,.F.);
#5391=ORIENTED_EDGE('',*,*,#5313,.T.);
#5392=ORIENTED_EDGE('',*,*,#5340,.T.);
#5393=ORIENTED_EDGE('',*,*,#3139,.F.);
#5394=ORIENTED_EDGE('',*,*,#5269,.F.);
#5396=ORIENTED_EDGE('',*,*,#5395,.F.);
#5397=ORIENTED_EDGE('',*,*,#3178,.F.);
#5399=ORIENTED_EDGE('',*,*,#5398,.T.);
#5400=EDGE_LOOP('',(#5390,#5391,#5392,#5393,#5394,#5396,#5397,#5399));
#5401=FACE_OUTER_BOUND('',#5400,.F.);
#5402=ADVANCED_FACE('',(#5401),#5389,.T.);
#5403=CARTESIAN_POINT('',(-1.680223067560E1,-3.044108164079E1,1.725E1));
#5404=DIRECTION('',(1.E0,0.E0,0.E0));
#5405=DIRECTION('',(0.E0,1.E0,0.E0));
#5406=AXIS2_PLACEMENT_3D('',#5403,#5404,#5405);
#5407=PLANE('',#5406);
#5408=ORIENTED_EDGE('',*,*,#3180,.F.);
#5409=ORIENTED_EDGE('',*,*,#5395,.T.);
#5410=ORIENTED_EDGE('',*,*,#5274,.T.);
#5412=ORIENTED_EDGE('',*,*,#5411,.F.);
#5413=EDGE_LOOP('',(#5408,#5409,#5410,#5412));
#5414=FACE_OUTER_BOUND('',#5413,.F.);
#5415=ADVANCED_FACE('',(#5414),#5407,.T.);
#5416=CARTESIAN_POINT('',(-1.680223067560E1,-2.394108164079E1,1.725E1));
#5417=DIRECTION('',(0.E0,1.E0,0.E0));
#5418=DIRECTION('',(-1.E0,0.E0,0.E0));
#5419=AXIS2_PLACEMENT_3D('',#5416,#5417,#5418);
#5420=PLANE('',#5419);
#5421=ORIENTED_EDGE('',*,*,#3182,.T.);
#5422=ORIENTED_EDGE('',*,*,#5411,.T.);
#5423=ORIENTED_EDGE('',*,*,#5272,.T.);
#5424=ORIENTED_EDGE('',*,*,#3135,.F.);
#5425=EDGE_LOOP('',(#5421,#5422,#5423,#5424));
#5426=FACE_OUTER_BOUND('',#5425,.F.);
#5427=ADVANCED_FACE('',(#5426),#5420,.T.);
#5428=CARTESIAN_POINT('',(4.319776932440E1,-2.394108164079E1,1.725E1));
#5429=DIRECTION('',(-1.E0,0.E0,0.E0));
#5430=DIRECTION('',(0.E0,-1.E0,0.E0));
#5431=AXIS2_PLACEMENT_3D('',#5428,#5429,#5430);
#5432=PLANE('',#5431);
#5433=ORIENTED_EDGE('',*,*,#3176,.T.);
#5435=ORIENTED_EDGE('',*,*,#5434,.T.);
#5436=ORIENTED_EDGE('',*,*,#5251,.T.);
#5437=ORIENTED_EDGE('',*,*,#5398,.F.);
#5438=EDGE_LOOP('',(#5433,#5435,#5436,#5437));
#5439=FACE_OUTER_BOUND('',#5438,.F.);
#5440=ADVANCED_FACE('',(#5439),#5432,.T.);
#5441=CARTESIAN_POINT('',(4.969776932440E1,-2.394108164079E1,1.725E1));
#5442=DIRECTION('',(0.E0,1.E0,0.E0));
#5443=DIRECTION('',(-1.E0,0.E0,0.E0));
#5444=AXIS2_PLACEMENT_3D('',#5441,#5442,#5443);
#5445=PLANE('',#5444);
#5446=ORIENTED_EDGE('',*,*,#3174,.F.);
#5447=ORIENTED_EDGE('',*,*,#5316,.T.);
#5448=ORIENTED_EDGE('',*,*,#5253,.T.);
#5449=ORIENTED_EDGE('',*,*,#5434,.F.);
#5450=EDGE_LOOP('',(#5446,#5447,#5448,#5449));
#5451=FACE_OUTER_BOUND('',#5450,.F.);
#5452=ADVANCED_FACE('',(#5451),#5445,.T.);
#5453=CARTESIAN_POINT('',(4.319776932440E1,2.705891835921E1,1.725E1));
#5454=DIRECTION('',(0.E0,-1.E0,0.E0));
#5455=DIRECTION('',(1.E0,0.E0,0.E0));
#5456=AXIS2_PLACEMENT_3D('',#5453,#5454,#5455);
#5457=PLANE('',#5456);
#5458=ORIENTED_EDGE('',*,*,#3170,.T.);
#5459=ORIENTED_EDGE('',*,*,#5196,.T.);
#5460=ORIENTED_EDGE('',*,*,#5230,.T.);
#5461=ORIENTED_EDGE('',*,*,#5319,.F.);
#5462=EDGE_LOOP('',(#5458,#5459,#5460,#5461));
#5463=FACE_OUTER_BOUND('',#5462,.F.);
#5464=ADVANCED_FACE('',(#5463),#5457,.T.);
#5465=CARTESIAN_POINT('',(4.719776932440E1,3.105891835921E1,2.225E1));
#5466=DIRECTION('',(0.E0,0.E0,1.E0));
#5467=DIRECTION('',(1.E0,0.E0,0.E0));
#5468=AXIS2_PLACEMENT_3D('',#5465,#5466,#5467);
#5469=CYLINDRICAL_SURFACE('',#5468,1.6E0);
#5470=ORIENTED_EDGE('',*,*,#5235,.F.);
#5472=ORIENTED_EDGE('',*,*,#5471,.T.);
#5474=ORIENTED_EDGE('',*,*,#5473,.T.);
#5476=ORIENTED_EDGE('',*,*,#5475,.F.);
#5477=EDGE_LOOP('',(#5470,#5472,#5474,#5476));
#5478=FACE_OUTER_BOUND('',#5477,.F.);
#5479=ADVANCED_FACE('',(#5478),#5469,.F.);
#5480=CARTESIAN_POINT('',(4.719776932440E1,3.105891835921E1,2.225E1));
#5481=DIRECTION('',(0.E0,0.E0,1.E0));
#5482=DIRECTION('',(1.E0,0.E0,0.E0));
#5483=AXIS2_PLACEMENT_3D('',#5480,#5481,#5482);
#5484=CYLINDRICAL_SURFACE('',#5483,1.6E0);
#5485=ORIENTED_EDGE('',*,*,#5237,.F.);
#5486=ORIENTED_EDGE('',*,*,#5475,.T.);
#5488=ORIENTED_EDGE('',*,*,#5487,.T.);
#5489=ORIENTED_EDGE('',*,*,#5471,.F.);
#5490=EDGE_LOOP('',(#5485,#5486,#5488,#5489));
#5491=FACE_OUTER_BOUND('',#5490,.F.);
#5492=ADVANCED_FACE('',(#5491),#5484,.F.);
#5493=CARTESIAN_POINT('',(0.E0,0.E0,1.725E1));
#5494=DIRECTION('',(0.E0,0.E0,1.E0));
#5495=DIRECTION('',(1.E0,0.E0,0.E0));
#5496=AXIS2_PLACEMENT_3D('',#5493,#5494,#5495);
#5497=PLANE('',#5496);
#5498=ORIENTED_EDGE('',*,*,#5473,.F.);
#5499=ORIENTED_EDGE('',*,*,#5487,.F.);
#5500=EDGE_LOOP('',(#5498,#5499));
#5501=FACE_OUTER_BOUND('',#5500,.F.);
#5502=ADVANCED_FACE('',(#5501),#5497,.T.);
#5503=CARTESIAN_POINT('',(0.E0,0.E0,1.725E1));
#5504=DIRECTION('',(0.E0,0.E0,1.E0));
#5505=DIRECTION('',(1.E0,0.E0,0.E0));
#5506=AXIS2_PLACEMENT_3D('',#5503,#5504,#5505);
#5507=PLANE('',#5506);
#5509=ORIENTED_EDGE('',*,*,#5508,.F.);
#5511=ORIENTED_EDGE('',*,*,#5510,.F.);
#5512=EDGE_LOOP('',(#5509,#5511));
#5513=FACE_OUTER_BOUND('',#5512,.F.);
#5514=ADVANCED_FACE('',(#5513),#5507,.T.);
#5515=CARTESIAN_POINT('',(0.E0,0.E0,1.725E1));
#5516=DIRECTION('',(0.E0,0.E0,1.E0));
#5517=DIRECTION('',(1.E0,0.E0,0.E0));
#5518=AXIS2_PLACEMENT_3D('',#5515,#5516,#5517);
#5519=PLANE('',#5518);
#5521=ORIENTED_EDGE('',*,*,#5520,.F.);
#5523=ORIENTED_EDGE('',*,*,#5522,.F.);
#5524=EDGE_LOOP('',(#5521,#5523));
#5525=FACE_OUTER_BOUND('',#5524,.F.);
#5526=ADVANCED_FACE('',(#5525),#5519,.T.);
#5527=CARTESIAN_POINT('',(0.E0,0.E0,1.725E1));
#5528=DIRECTION('',(0.E0,0.E0,1.E0));
#5529=DIRECTION('',(1.E0,0.E0,0.E0));
#5530=AXIS2_PLACEMENT_3D('',#5527,#5528,#5529);
#5531=PLANE('',#5530);
#5533=ORIENTED_EDGE('',*,*,#5532,.F.);
#5535=ORIENTED_EDGE('',*,*,#5534,.F.);
#5536=EDGE_LOOP('',(#5533,#5535));
#5537=FACE_OUTER_BOUND('',#5536,.F.);
#5538=ADVANCED_FACE('',(#5537),#5531,.T.);
#5539=CARTESIAN_POINT('',(4.719776932440E1,-2.794108164079E1,2.225E1));
#5540=DIRECTION('',(0.E0,0.E0,1.E0));
#5541=DIRECTION('',(1.E0,0.E0,0.E0));
#5542=AXIS2_PLACEMENT_3D('',#5539,#5540,#5541);
#5543=CYLINDRICAL_SURFACE('',#5542,1.6E0);
#5544=ORIENTED_EDGE('',*,*,#5257,.F.);
#5546=ORIENTED_EDGE('',*,*,#5545,.T.);
#5547=ORIENTED_EDGE('',*,*,#5508,.T.);
#5549=ORIENTED_EDGE('',*,*,#5548,.F.);
#5550=EDGE_LOOP('',(#5544,#5546,#5547,#5549));
#5551=FACE_OUTER_BOUND('',#5550,.F.);
#5552=ADVANCED_FACE('',(#5551),#5543,.F.);
#5553=CARTESIAN_POINT('',(4.719776932440E1,-2.794108164079E1,2.225E1));
#5554=DIRECTION('',(0.E0,0.E0,1.E0));
#5555=DIRECTION('',(1.E0,0.E0,0.E0));
#5556=AXIS2_PLACEMENT_3D('',#5553,#5554,#5555);
#5557=CYLINDRICAL_SURFACE('',#5556,1.6E0);
#5558=ORIENTED_EDGE('',*,*,#5259,.F.);
#5559=ORIENTED_EDGE('',*,*,#5548,.T.);
#5560=ORIENTED_EDGE('',*,*,#5510,.T.);
#5561=ORIENTED_EDGE('',*,*,#5545,.F.);
#5562=EDGE_LOOP('',(#5558,#5559,#5560,#5561));
#5563=FACE_OUTER_BOUND('',#5562,.F.);
#5564=ADVANCED_FACE('',(#5563),#5557,.F.);
#5565=CARTESIAN_POINT('',(-2.080223067560E1,-2.794108164079E1,2.225E1));
#5566=DIRECTION('',(0.E0,0.E0,1.E0));
#5567=DIRECTION('',(1.E0,0.E0,0.E0));
#5568=AXIS2_PLACEMENT_3D('',#5565,#5566,#5567);
#5569=CYLINDRICAL_SURFACE('',#5568,1.6E0);
#5570=ORIENTED_EDGE('',*,*,#5278,.F.);
#5572=ORIENTED_EDGE('',*,*,#5571,.T.);
#5573=ORIENTED_EDGE('',*,*,#5520,.T.);
#5575=ORIENTED_EDGE('',*,*,#5574,.F.);
#5576=EDGE_LOOP('',(#5570,#5572,#5573,#5575));
#5577=FACE_OUTER_BOUND('',#5576,.F.);
#5578=ADVANCED_FACE('',(#5577),#5569,.F.);
#5579=CARTESIAN_POINT('',(-2.080223067560E1,-2.794108164079E1,2.225E1));
#5580=DIRECTION('',(0.E0,0.E0,1.E0));
#5581=DIRECTION('',(1.E0,0.E0,0.E0));
#5582=AXIS2_PLACEMENT_3D('',#5579,#5580,#5581);
#5583=CYLINDRICAL_SURFACE('',#5582,1.6E0);
#5584=ORIENTED_EDGE('',*,*,#5280,.F.);
#5585=ORIENTED_EDGE('',*,*,#5574,.T.);
#5586=ORIENTED_EDGE('',*,*,#5522,.T.);
#5587=ORIENTED_EDGE('',*,*,#5571,.F.);
#5588=EDGE_LOOP('',(#5584,#5585,#5586,#5587));
#5589=FACE_OUTER_BOUND('',#5588,.F.);
#5590=ADVANCED_FACE('',(#5589),#5583,.F.);
#5591=CARTESIAN_POINT('',(-2.080223067560E1,3.105891835921E1,2.225E1));
#5592=DIRECTION('',(0.E0,0.E0,1.E0));
#5593=DIRECTION('',(1.E0,0.E0,0.E0));
#5594=AXIS2_PLACEMENT_3D('',#5591,#5592,#5593);
#5595=CYLINDRICAL_SURFACE('',#5594,1.6E0);
#5596=ORIENTED_EDGE('',*,*,#5297,.F.);
#5598=ORIENTED_EDGE('',*,*,#5597,.T.);
#5599=ORIENTED_EDGE('',*,*,#5532,.T.);
#5601=ORIENTED_EDGE('',*,*,#5600,.F.);
#5602=EDGE_LOOP('',(#5596,#5598,#5599,#5601));
#5603=FACE_OUTER_BOUND('',#5602,.F.);
#5604=ADVANCED_FACE('',(#5603),#5595,.F.);
#5605=CARTESIAN_POINT('',(-2.080223067560E1,3.105891835921E1,2.225E1));
#5606=DIRECTION('',(0.E0,0.E0,1.E0));
#5607=DIRECTION('',(1.E0,0.E0,0.E0));
#5608=AXIS2_PLACEMENT_3D('',#5605,#5606,#5607);
#5609=CYLINDRICAL_SURFACE('',#5608,1.6E0);
#5610=ORIENTED_EDGE('',*,*,#5299,.F.);
#5611=ORIENTED_EDGE('',*,*,#5600,.T.);
#5612=ORIENTED_EDGE('',*,*,#5534,.T.);
#5613=ORIENTED_EDGE('',*,*,#5597,.F.);
#5614=EDGE_LOOP('',(#5610,#5611,#5612,#5613));
#5615=FACE_OUTER_BOUND('',#5614,.F.);
#5616=ADVANCED_FACE('',(#5615),#5609,.F.);
#5617=CARTESIAN_POINT('',(-1.680223067560E1,2.705891835921E1,1.725E1));
#5618=DIRECTION('',(1.E0,0.E0,0.E0));
#5619=DIRECTION('',(0.E0,1.E0,0.E0));
#5620=AXIS2_PLACEMENT_3D('',#5617,#5618,#5619);
#5621=PLANE('',#5620);
#5622=ORIENTED_EDGE('',*,*,#3186,.T.);
#5623=ORIENTED_EDGE('',*,*,#3119,.T.);
#5624=ORIENTED_EDGE('',*,*,#5292,.T.);
#5625=ORIENTED_EDGE('',*,*,#5217,.F.);
#5626=EDGE_LOOP('',(#5622,#5623,#5624,#5625));
#5627=FACE_OUTER_BOUND('',#5626,.F.);
#5628=ADVANCED_FACE('',(#5627),#5621,.T.);
#5629=CLOSED_SHELL('',(#2813,#2829,#2864,#2877,#2891,#2917,#2931,#2947,#2959,
#2973,#2997,#3012,#3051,#3066,#3088,#3103,#3125,#3147,#3162,#3201,#3215,#3235,
#3256,#3310,#3352,#3375,#3394,#3408,#3423,#3442,#3457,#3476,#3491,#3505,#3523,
#3543,#3563,#3579,#3593,#3615,#3628,#3645,#3666,#3763,#3777,#3791,#3805,#3819,
#3833,#3853,#3873,#3887,#3908,#3935,#3949,#3961,#3980,#4021,#4047,#4091,#4104,
#4117,#4144,#4160,#4173,#4192,#4205,#4218,#4237,#4250,#4263,#4276,#4289,#4301,
#4315,#4338,#4358,#4372,#4389,#4402,#4420,#4432,#4444,#4456,#4468,#4481,#4493,
#4506,#4519,#4531,#4543,#4556,#4569,#4585,#4598,#4617,#4630,#4643,#4655,#4667,
#4679,#4697,#4710,#4728,#4741,#4754,#4767,#4780,#4793,#4811,#4824,#4841,#4856,
#4878,#4891,#4904,#4930,#4948,#4965,#4979,#4991,#5005,#5017,#5043,#5055,#5068,
#5087,#5100,#5113,#5125,#5137,#5149,#5161,#5173,#5185,#5200,#5221,#5241,#5263,
#5284,#5303,#5323,#5347,#5360,#5372,#5384,#5402,#5415,#5427,#5440,#5452,#5464,
#5479,#5492,#5502,#5514,#5526,#5538,#5552,#5564,#5578,#5590,#5604,#5616,#5628));
#5630=CARTESIAN_POINT('',(1.319776932440E1,1.815891835921E1,1.425E1));
#5631=DIRECTION('',(0.E0,0.E0,1.E0));
#5632=DIRECTION('',(-1.E0,0.E0,0.E0));
#5633=AXIS2_PLACEMENT_3D('',#5630,#5631,#5632);
#5635=CARTESIAN_POINT('',(1.319776932440E1,1.815891835921E1,1.425E1));
#5636=DIRECTION('',(0.E0,0.E0,1.E0));
#5637=DIRECTION('',(1.E0,0.E0,0.E0));
#5638=AXIS2_PLACEMENT_3D('',#5635,#5636,#5637);
#5640=DIRECTION('',(0.E0,0.E0,1.E0));
#5641=VECTOR('',#5640,9.4E0);
#5642=CARTESIAN_POINT('',(1.159776932440E1,1.815891835921E1,4.85E0));
#5643=LINE('',#5642,#5641);
#5644=DIRECTION('',(0.E0,0.E0,-1.E0));
#5645=VECTOR('',#5644,9.4E0);
#5646=CARTESIAN_POINT('',(1.479776932440E1,1.815891835921E1,1.425E1));
#5647=LINE('',#5646,#5645);
#5648=CARTESIAN_POINT('',(1.319776932440E1,1.815891835921E1,4.85E0));
#5649=DIRECTION('',(0.E0,0.E0,1.E0));
#5650=DIRECTION('',(-1.E0,0.E0,0.E0));
#5651=AXIS2_PLACEMENT_3D('',#5648,#5649,#5650);
#5653=CARTESIAN_POINT('',(1.319776932440E1,1.815891835921E1,4.85E0));
#5654=DIRECTION('',(0.E0,0.E0,1.E0));
#5655=DIRECTION('',(1.E0,0.E0,0.E0));
#5656=AXIS2_PLACEMENT_3D('',#5653,#5654,#5655);
#5658=CARTESIAN_POINT('',(1.159776932440E1,1.815891835921E1,4.85E0));
#5659=CARTESIAN_POINT('',(1.479776932440E1,1.815891835921E1,4.85E0));
#5660=VERTEX_POINT('',#5658);
#5661=VERTEX_POINT('',#5659);
#5662=CARTESIAN_POINT('',(1.159776932440E1,1.815891835921E1,1.425E1));
#5663=CARTESIAN_POINT('',(1.479776932440E1,1.815891835921E1,1.425E1));
#5664=VERTEX_POINT('',#5662);
#5665=VERTEX_POINT('',#5663);
#5666=CARTESIAN_POINT('',(0.E0,0.E0,1.425E1));
#5667=DIRECTION('',(0.E0,0.E0,1.E0));
#5668=DIRECTION('',(1.E0,0.E0,0.E0));
#5669=AXIS2_PLACEMENT_3D('',#5666,#5667,#5668);
#5670=PLANE('',#5669);
#5672=ORIENTED_EDGE('',*,*,#5671,.F.);
#5674=ORIENTED_EDGE('',*,*,#5673,.F.);
#5675=EDGE_LOOP('',(#5672,#5674));
#5676=FACE_OUTER_BOUND('',#5675,.F.);
#5677=ADVANCED_FACE('',(#5676),#5670,.T.);
#5678=CARTESIAN_POINT('',(1.319776932440E1,1.815891835921E1,1.285E1));
#5679=DIRECTION('',(0.E0,0.E0,1.E0));
#5680=DIRECTION('',(-1.E0,0.E0,0.E0));
#5681=AXIS2_PLACEMENT_3D('',#5678,#5679,#5680);
#5682=CYLINDRICAL_SURFACE('',#5681,1.6E0);
#5683=ORIENTED_EDGE('',*,*,#5671,.T.);
#5685=ORIENTED_EDGE('',*,*,#5684,.T.);
#5687=ORIENTED_EDGE('',*,*,#5686,.F.);
#5689=ORIENTED_EDGE('',*,*,#5688,.T.);
#5690=EDGE_LOOP('',(#5683,#5685,#5687,#5689));
#5691=FACE_OUTER_BOUND('',#5690,.F.);
#5692=ADVANCED_FACE('',(#5691),#5682,.T.);
#5693=CARTESIAN_POINT('',(1.319776932440E1,1.815891835921E1,1.285E1));
#5694=DIRECTION('',(0.E0,0.E0,1.E0));
#5695=DIRECTION('',(-1.E0,0.E0,0.E0));
#5696=AXIS2_PLACEMENT_3D('',#5693,#5694,#5695);
#5697=CYLINDRICAL_SURFACE('',#5696,1.6E0);
#5698=ORIENTED_EDGE('',*,*,#5673,.T.);
#5699=ORIENTED_EDGE('',*,*,#5688,.F.);
#5701=ORIENTED_EDGE('',*,*,#5700,.F.);
#5702=ORIENTED_EDGE('',*,*,#5684,.F.);
#5703=EDGE_LOOP('',(#5698,#5699,#5701,#5702));
#5704=FACE_OUTER_BOUND('',#5703,.F.);
#5705=ADVANCED_FACE('',(#5704),#5697,.T.);
#5706=CARTESIAN_POINT('',(1.319776932440E1,1.815891835921E1,4.85E0));
#5707=DIRECTION('',(0.E0,0.E0,1.E0));
#5708=DIRECTION('',(1.E0,0.E0,0.E0));
#5709=AXIS2_PLACEMENT_3D('',#5706,#5707,#5708);
#5710=PLANE('',#5709);
#5711=ORIENTED_EDGE('',*,*,#5686,.T.);
#5712=ORIENTED_EDGE('',*,*,#5700,.T.);
#5713=EDGE_LOOP('',(#5711,#5712));
#5714=FACE_OUTER_BOUND('',#5713,.F.);
#5715=ADVANCED_FACE('',(#5714),#5710,.F.);
#5716=CLOSED_SHELL('',(#5677,#5692,#5705,#5715));
#5717=CARTESIAN_POINT('',(1.319776932440E1,-2.704108164079E1,1.425E1));
#5718=DIRECTION('',(0.E0,0.E0,1.E0));
#5719=DIRECTION('',(-1.E0,0.E0,0.E0));
#5720=AXIS2_PLACEMENT_3D('',#5717,#5718,#5719);
#5722=CARTESIAN_POINT('',(1.319776932440E1,-2.704108164079E1,1.425E1));
#5723=DIRECTION('',(0.E0,0.E0,1.E0));
#5724=DIRECTION('',(1.E0,0.E0,0.E0));
#5725=AXIS2_PLACEMENT_3D('',#5722,#5723,#5724);
#5727=DIRECTION('',(0.E0,0.E0,1.E0));
#5728=VECTOR('',#5727,9.4E0);
#5729=CARTESIAN_POINT('',(1.159776932440E1,-2.704108164079E1,4.85E0));
#5730=LINE('',#5729,#5728);
#5731=DIRECTION('',(0.E0,0.E0,-1.E0));
#5732=VECTOR('',#5731,9.4E0);
#5733=CARTESIAN_POINT('',(1.479776932440E1,-2.704108164079E1,1.425E1));
#5734=LINE('',#5733,#5732);
#5735=CARTESIAN_POINT('',(1.319776932440E1,-2.704108164079E1,4.85E0));
#5736=DIRECTION('',(0.E0,0.E0,1.E0));
#5737=DIRECTION('',(-1.E0,0.E0,0.E0));
#5738=AXIS2_PLACEMENT_3D('',#5735,#5736,#5737);
#5740=CARTESIAN_POINT('',(1.319776932440E1,-2.704108164079E1,4.85E0));
#5741=DIRECTION('',(0.E0,0.E0,1.E0));
#5742=DIRECTION('',(1.E0,0.E0,0.E0));
#5743=AXIS2_PLACEMENT_3D('',#5740,#5741,#5742);
#5745=CARTESIAN_POINT('',(1.159776932440E1,-2.704108164079E1,4.85E0));
#5746=CARTESIAN_POINT('',(1.479776932440E1,-2.704108164079E1,4.85E0));
#5747=VERTEX_POINT('',#5745);
#5748=VERTEX_POINT('',#5746);
#5749=CARTESIAN_POINT('',(1.159776932440E1,-2.704108164079E1,1.425E1));
#5750=CARTESIAN_POINT('',(1.479776932440E1,-2.704108164079E1,1.425E1));
#5751=VERTEX_POINT('',#5749);
#5752=VERTEX_POINT('',#5750);
#5753=CARTESIAN_POINT('',(1.319776932440E1,-2.704108164079E1,1.285E1));
#5754=DIRECTION('',(0.E0,0.E0,1.E0));
#5755=DIRECTION('',(-1.E0,0.E0,0.E0));
#5756=AXIS2_PLACEMENT_3D('',#5753,#5754,#5755);
#5757=CYLINDRICAL_SURFACE('',#5756,1.6E0);
#5759=ORIENTED_EDGE('',*,*,#5758,.T.);
#5761=ORIENTED_EDGE('',*,*,#5760,.T.);
#5763=ORIENTED_EDGE('',*,*,#5762,.F.);
#5765=ORIENTED_EDGE('',*,*,#5764,.T.);
#5766=EDGE_LOOP('',(#5759,#5761,#5763,#5765));
#5767=FACE_OUTER_BOUND('',#5766,.F.);
#5768=ADVANCED_FACE('',(#5767),#5757,.T.);
#5769=CARTESIAN_POINT('',(0.E0,0.E0,1.425E1));
#5770=DIRECTION('',(0.E0,0.E0,1.E0));
#5771=DIRECTION('',(1.E0,0.E0,0.E0));
#5772=AXIS2_PLACEMENT_3D('',#5769,#5770,#5771);
#5773=PLANE('',#5772);
#5774=ORIENTED_EDGE('',*,*,#5758,.F.);
#5776=ORIENTED_EDGE('',*,*,#5775,.F.);
#5777=EDGE_LOOP('',(#5774,#5776));
#5778=FACE_OUTER_BOUND('',#5777,.F.);
#5779=ADVANCED_FACE('',(#5778),#5773,.T.);
#5780=CARTESIAN_POINT('',(1.319776932440E1,-2.704108164079E1,1.285E1));
#5781=DIRECTION('',(0.E0,0.E0,1.E0));
#5782=DIRECTION('',(-1.E0,0.E0,0.E0));
#5783=AXIS2_PLACEMENT_3D('',#5780,#5781,#5782);
#5784=CYLINDRICAL_SURFACE('',#5783,1.6E0);
#5785=ORIENTED_EDGE('',*,*,#5775,.T.);
#5786=ORIENTED_EDGE('',*,*,#5764,.F.);
#5788=ORIENTED_EDGE('',*,*,#5787,.F.);
#5789=ORIENTED_EDGE('',*,*,#5760,.F.);
#5790=EDGE_LOOP('',(#5785,#5786,#5788,#5789));
#5791=FACE_OUTER_BOUND('',#5790,.F.);
#5792=ADVANCED_FACE('',(#5791),#5784,.T.);
#5793=CARTESIAN_POINT('',(1.319776932440E1,-2.704108164079E1,4.85E0));
#5794=DIRECTION('',(0.E0,0.E0,1.E0));
#5795=DIRECTION('',(1.E0,0.E0,0.E0));
#5796=AXIS2_PLACEMENT_3D('',#5793,#5794,#5795);
#5797=PLANE('',#5796);
#5798=ORIENTED_EDGE('',*,*,#5762,.T.);
#5799=ORIENTED_EDGE('',*,*,#5787,.T.);
#5800=EDGE_LOOP('',(#5798,#5799));
#5801=FACE_OUTER_BOUND('',#5800,.F.);
#5802=ADVANCED_FACE('',(#5801),#5797,.F.);
#5803=CLOSED_SHELL('',(#5768,#5779,#5792,#5802));
#5804=ORIENTED_CLOSED_SHELL('',*,#5716,.F.);
#5805=ORIENTED_CLOSED_SHELL('',*,#5803,.F.);
#5806=BREP_WITH_VOIDS('',#5629,(#5804,#5805));
#5808=DIMENSIONAL_EXPONENTS(0.E0,0.E0,0.E0,0.E0,0.E0,0.E0,0.E0);
#5810=PLANE_ANGLE_MEASURE_WITH_UNIT(PLANE_ANGLE_MEASURE(1.745329251994E-2),
#5809);
#5811=(CONVERSION_BASED_UNIT('DEGREE',#5810)NAMED_UNIT(*)PLANE_ANGLE_UNIT());
#5813=UNCERTAINTY_MEASURE_WITH_UNIT(LENGTH_MEASURE(1.042323404582E-2),#5807,
'closure',
'Maximum model space distance between geometric entities at asserted connectivities');
#5814=(GEOMETRIC_REPRESENTATION_CONTEXT(3)GLOBAL_UNCERTAINTY_ASSIGNED_CONTEXT((
#5813))GLOBAL_UNIT_ASSIGNED_CONTEXT((#5807,#5811,#5812))REPRESENTATION_CONTEXT(
'ID1','3'));
#5816=APPLICATION_CONTEXT(
'CONFIGURATION CONTROLLED 3D DESIGNS OF MECHANICAL PARTS AND ASSEMBLIES');
#5817=APPLICATION_PROTOCOL_DEFINITION('international standard',
'config_control_design',1994,#5816);
#5818=DESIGN_CONTEXT('',#5816,'design');
#5819=MECHANICAL_CONTEXT('',#5816,'mechanical');
#5820=PRODUCT('MAIN_BASE','MAIN_BASE','NOT SPECIFIED',(#5819));
#5821=PRODUCT_DEFINITION_FORMATION_WITH_SPECIFIED_SOURCE('1','LAST_VERSION',
#5820,.MADE.);
#5825=PRODUCT_CATEGORY('part','');
#5826=PRODUCT_RELATED_PRODUCT_CATEGORY('detail','',(#5820));
#5827=PRODUCT_CATEGORY_RELATIONSHIP('','',#5825,#5826);
#5828=SECURITY_CLASSIFICATION_LEVEL('unclassified');
#5829=SECURITY_CLASSIFICATION('','',#5828);
#5830=CC_DESIGN_SECURITY_CLASSIFICATION(#5829,(#5821));
#5831=APPROVAL_STATUS('approved');
#5832=APPROVAL(#5831,'');
#5833=CC_DESIGN_APPROVAL(#5832,(#5829,#5821,#5822));
#5834=CALENDAR_DATE(125,27,1);
#5835=COORDINATED_UNIVERSAL_TIME_OFFSET(1,0,.AHEAD.);
#5836=LOCAL_TIME(14,1,2.E1,#5835);
#5837=DATE_AND_TIME(#5834,#5836);
#5838=APPROVAL_DATE_TIME(#5837,#5832);
#5839=DATE_TIME_ROLE('creation_date');
#5840=CC_DESIGN_DATE_AND_TIME_ASSIGNMENT(#5837,#5839,(#5822));
#5841=DATE_TIME_ROLE('classification_date');
#5842=CC_DESIGN_DATE_AND_TIME_ASSIGNMENT(#5837,#5841,(#5829));
#5843=PERSON('UNSPECIFIED','UNSPECIFIED',$,$,$,$);
#5844=ORGANIZATION('UNSPECIFIED','UNSPECIFIED','UNSPECIFIED');
#5845=PERSON_AND_ORGANIZATION(#5843,#5844);
#5846=APPROVAL_ROLE('approver');
#5847=APPROVAL_PERSON_ORGANIZATION(#5845,#5832,#5846);
#5848=PERSON_AND_ORGANIZATION_ROLE('creator');
#5849=CC_DESIGN_PERSON_AND_ORGANIZATION_ASSIGNMENT(#5845,#5848,(#5821,#5822));
#5850=PERSON_AND_ORGANIZATION_ROLE('design_supplier');
#5851=CC_DESIGN_PERSON_AND_ORGANIZATION_ASSIGNMENT(#5845,#5850,(#5821));
#5852=PERSON_AND_ORGANIZATION_ROLE('classification_officer');
#5853=CC_DESIGN_PERSON_AND_ORGANIZATION_ASSIGNMENT(#5845,#5852,(#5829));
#5854=PERSON_AND_ORGANIZATION_ROLE('design_owner');
#5855=CC_DESIGN_PERSON_AND_ORGANIZATION_ASSIGNMENT(#5845,#5854,(#5820));
#13=CIRCLE('',#12,1.6E0);
#18=CIRCLE('',#17,1.6E0);
#23=CIRCLE('',#22,1.6E0);
#28=CIRCLE('',#27,1.6E0);
#49=CIRCLE('',#48,1.6E0);
#54=CIRCLE('',#53,1.6E0);
#59=CIRCLE('',#58,1.6E0);
#64=CIRCLE('',#63,1.6E0);
#101=CIRCLE('',#100,1.6E0);
#106=CIRCLE('',#105,1.6E0);
#111=CIRCLE('',#110,1.6E0);
#116=CIRCLE('',#115,1.6E0);
#137=CIRCLE('',#136,5.E0);
#142=CIRCLE('',#141,5.E0);
#319=CIRCLE('',#318,1.6E0);
#324=CIRCLE('',#323,1.6E0);
#329=CIRCLE('',#328,1.6E0);
#334=CIRCLE('',#333,1.6E0);
#347=CIRCLE('',#346,1.105E2);
#356=CIRCLE('',#355,1.105E2);
#365=CIRCLE('',#364,1.105E2);
#378=CIRCLE('',#377,1.105E2);
#395=CIRCLE('',#394,1.105E2);
#416=B_SPLINE_CURVE_WITH_KNOTS('',3,(#412,#413,#414,#415),.UNSPECIFIED.,.F.,.F.,
(4,4),(0.E0,1.E0),.UNSPECIFIED.);
#421=B_SPLINE_CURVE_WITH_KNOTS('',3,(#417,#418,#419,#420),.UNSPECIFIED.,.F.,.F.,
(4,4),(0.E0,1.E0),.UNSPECIFIED.);
#426=CIRCLE('',#425,8.3705E1);
#431=CIRCLE('',#430,8.3705E1);
#436=CIRCLE('',#435,8.3705E1);
#441=B_SPLINE_CURVE_WITH_KNOTS('',3,(#437,#438,#439,#440),.UNSPECIFIED.,.F.,.F.,
(4,4),(0.E0,1.E0),.UNSPECIFIED.);
#446=B_SPLINE_CURVE_WITH_KNOTS('',3,(#442,#443,#444,#445),.UNSPECIFIED.,.F.,.F.,
(4,4),(0.E0,1.E0),.UNSPECIFIED.);
#455=CIRCLE('',#454,1.E0);
#464=CIRCLE('',#463,1.E0);
#481=B_SPLINE_CURVE_WITH_KNOTS('',3,(#477,#478,#479,#480),.UNSPECIFIED.,.F.,.F.,
(4,4),(0.E0,1.E0),.UNSPECIFIED.);
#486=CIRCLE('',#485,1.E0);
#495=CIRCLE('',#494,1.E0);
#511=B_SPLINE_CURVE_WITH_KNOTS('',3,(#500,#501,#502,#503,#504,#505,#506,#507,
#508,#509,#510),.UNSPECIFIED.,.F.,.F.,(4,1,1,1,1,1,1,1,4),(0.E0,1.25E-1,2.5E-1,
3.75E-1,5.E-1,6.25E-1,7.5E-1,8.75E-1,1.E0),.UNSPECIFIED.);
#531=B_SPLINE_CURVE_WITH_KNOTS('',3,(#520,#521,#522,#523,#524,#525,#526,#527,
#528,#529,#530),.UNSPECIFIED.,.F.,.F.,(4,1,1,1,1,1,1,1,4),(0.E0,1.25E-1,2.5E-1,
3.75E-1,5.E-1,6.25E-1,7.5E-1,8.75E-1,1.E0),.UNSPECIFIED.);
#544=B_SPLINE_CURVE_WITH_KNOTS('',3,(#540,#541,#542,#543),.UNSPECIFIED.,.F.,.F.,
(4,4),(0.E0,1.E0),.UNSPECIFIED.);
#564=B_SPLINE_CURVE_WITH_KNOTS('',3,(#553,#554,#555,#556,#557,#558,#559,#560,
#561,#562,#563),.UNSPECIFIED.,.F.,.F.,(4,1,1,1,1,1,1,1,4),(0.E0,1.25E-1,2.5E-1,
3.75E-1,5.E-1,6.25E-1,7.5E-1,8.75E-1,1.E0),.UNSPECIFIED.);
#581=CIRCLE('',#580,1.E0);
#586=CIRCLE('',#585,1.E0);
#603=B_SPLINE_CURVE_WITH_KNOTS('',3,(#599,#600,#601,#602),.UNSPECIFIED.,.F.,.F.,
(4,4),(0.E0,1.E0),.UNSPECIFIED.);
#612=B_SPLINE_CURVE_WITH_KNOTS('',3,(#608,#609,#610,#611),.UNSPECIFIED.,.F.,.F.,
(4,4),(0.E0,1.E0),.UNSPECIFIED.);
#617=B_SPLINE_CURVE_WITH_KNOTS('',3,(#613,#614,#615,#616),.UNSPECIFIED.,.F.,.F.,
(4,4),(0.E0,1.E0),.UNSPECIFIED.);
#622=CIRCLE('',#621,8.3705E1);
#627=CIRCLE('',#626,8.3705E1);
#632=B_SPLINE_CURVE_WITH_KNOTS('',3,(#628,#629,#630,#631),.UNSPECIFIED.,.F.,.F.,
(4,4),(0.E0,1.E0),.UNSPECIFIED.);
#637=B_SPLINE_CURVE_WITH_KNOTS('',3,(#633,#634,#635,#636),.UNSPECIFIED.,.F.,.F.,
(4,4),(0.E0,1.E0),.UNSPECIFIED.);
#654=B_SPLINE_CURVE_WITH_KNOTS('',3,(#650,#651,#652,#653),.UNSPECIFIED.,.F.,.F.,
(4,4),(0.E0,1.E0),.UNSPECIFIED.);
#659=CIRCLE('',#658,6.953125E1);
#664=CIRCLE('',#663,6.953125E1);
#669=B_SPLINE_CURVE_WITH_KNOTS('',3,(#665,#666,#667,#668),.UNSPECIFIED.,.F.,.F.,
(4,4),(0.E0,1.E0),.UNSPECIFIED.);
#690=CIRCLE('',#689,3.E0);
#695=CIRCLE('',#694,3.E0);
#700=CIRCLE('',#699,3.E0);
#705=CIRCLE('',#704,3.E0);
#762=CIRCLE('',#761,1.E0);
#767=CIRCLE('',#766,1.E0);
#784=B_SPLINE_CURVE_WITH_KNOTS('',3,(#780,#781,#782,#783),.UNSPECIFIED.,.F.,.F.,
(4,4),(0.E0,1.E0),.UNSPECIFIED.);
#805=CIRCLE('',#804,1.E0);
#810=CIRCLE('',#809,1.E0);
#815=CIRCLE('',#814,1.E0);
#820=B_SPLINE_CURVE_WITH_KNOTS('',3,(#816,#817,#818,#819),.UNSPECIFIED.,.F.,.F.,
(4,4),(0.E0,1.E0),.UNSPECIFIED.);
#829=B_SPLINE_CURVE_WITH_KNOTS('',3,(#825,#826,#827,#828),.UNSPECIFIED.,.F.,.F.,
(4,4),(0.E0,1.E0),.UNSPECIFIED.);
#839=B_SPLINE_CURVE_WITH_KNOTS('',3,(#830,#831,#832,#833,#834,#835,#836,#837,
#838),.UNSPECIFIED.,.F.,.F.,(4,1,1,1,1,1,4),(0.E0,1.666666666667E-1,
3.333333333333E-1,5.E-1,6.666666666667E-1,8.333333333333E-1,1.E0),
.UNSPECIFIED.);
#852=B_SPLINE_CURVE_WITH_KNOTS('',3,(#848,#849,#850,#851),.UNSPECIFIED.,.F.,.F.,
(4,4),(0.E0,1.E0),.UNSPECIFIED.);
#873=CIRCLE('',#872,1.E0);
#878=CIRCLE('',#877,1.E0);
#887=B_SPLINE_CURVE_WITH_KNOTS('',3,(#883,#884,#885,#886),.UNSPECIFIED.,.F.,.F.,
(4,4),(0.E0,1.E0),.UNSPECIFIED.);
#892=CIRCLE('',#891,6.953125E1);
#897=CIRCLE('',#896,6.953125E1);
#902=CIRCLE('',#901,6.953125E1);
#907=CIRCLE('',#906,6.953125E1);
#912=CIRCLE('',#911,6.953125E1);
#917=B_SPLINE_CURVE_WITH_KNOTS('',3,(#913,#914,#915,#916),.UNSPECIFIED.,.F.,.F.,
(4,4),(0.E0,1.E0),.UNSPECIFIED.);
#922=B_SPLINE_CURVE_WITH_KNOTS('',3,(#918,#919,#920,#921),.UNSPECIFIED.,.F.,.F.,
(4,4),(0.E0,1.E0),.UNSPECIFIED.);
#931=CIRCLE('',#930,1.E0);
#940=CIRCLE('',#939,1.6E0);
#945=CIRCLE('',#944,1.6E0);
#950=CIRCLE('',#949,1.6E0);
#955=CIRCLE('',#954,1.6E0);
#972=CIRCLE('',#971,1.105E2);
#977=CIRCLE('',#976,1.105E2);
#982=CIRCLE('',#981,1.105E2);
#987=CIRCLE('',#986,1.105E2);
#992=CIRCLE('',#991,1.105E2);
#1001=B_SPLINE_CURVE_WITH_KNOTS('',3,(#997,#998,#999,#1000),.UNSPECIFIED.,.F.,
.F.,(4,4),(0.E0,1.E0),.UNSPECIFIED.);
#1019=B_SPLINE_CURVE_WITH_KNOTS('',3,(#1010,#1011,#1012,#1013,#1014,#1015,#1016,
#1017,#1018),.UNSPECIFIED.,.F.,.F.,(4,1,1,1,1,1,4),(0.E0,1.666666666667E-1,
3.333333333333E-1,5.E-1,6.666666666667E-1,8.333333333333E-1,1.E0),
.UNSPECIFIED.);
#1032=B_SPLINE_CURVE_WITH_KNOTS('',3,(#1028,#1029,#1030,#1031),.UNSPECIFIED.,
.F.,.F.,(4,4),(0.E0,1.E0),.UNSPECIFIED.);
#1037=B_SPLINE_CURVE_WITH_KNOTS('',3,(#1033,#1034,#1035,#1036),.UNSPECIFIED.,
.F.,.F.,(4,4),(0.E0,1.E0),.UNSPECIFIED.);
#1051=B_SPLINE_CURVE_WITH_KNOTS('',3,(#1042,#1043,#1044,#1045,#1046,#1047,#1048,
#1049,#1050),.UNSPECIFIED.,.F.,.F.,(4,1,1,1,1,1,4),(0.E0,1.666666666667E-1,
3.333333333333E-1,5.E-1,6.666666666667E-1,8.333333333333E-1,1.E0),
.UNSPECIFIED.);
#1064=B_SPLINE_CURVE_WITH_KNOTS('',3,(#1060,#1061,#1062,#1063),.UNSPECIFIED.,
.F.,.F.,(4,4),(0.E0,1.E0),.UNSPECIFIED.);
#1081=CIRCLE('',#1080,1.E0);
#1086=CIRCLE('',#1085,1.E0);
#1099=CIRCLE('',#1098,1.E0);
#1104=CIRCLE('',#1103,1.E0);
#1109=B_SPLINE_CURVE_WITH_KNOTS('',3,(#1105,#1106,#1107,#1108),.UNSPECIFIED.,
.F.,.F.,(4,4),(0.E0,1.E0),.UNSPECIFIED.);
#1123=B_SPLINE_CURVE_WITH_KNOTS('',3,(#1114,#1115,#1116,#1117,#1118,#1119,#1120,
#1121,#1122),.UNSPECIFIED.,.F.,.F.,(4,1,1,1,1,1,4),(0.E0,1.666666666667E-1,
3.333333333333E-1,5.E-1,6.666666666667E-1,8.333333333333E-1,1.E0),
.UNSPECIFIED.);
#1152=CIRCLE('',#1151,6.953125E1);
#1157=CIRCLE('',#1156,6.953125E1);
#1162=CIRCLE('',#1161,6.953125E1);
#1183=CIRCLE('',#1182,1.E0);
#1196=CIRCLE('',#1195,1.E0);
#1201=CIRCLE('',#1200,1.E0);
#1226=B_SPLINE_CURVE_WITH_KNOTS('',3,(#1222,#1223,#1224,#1225),.UNSPECIFIED.,
.F.,.F.,(4,4),(0.E0,1.E0),.UNSPECIFIED.);
#1243=CIRCLE('',#1242,1.E0);
#1252=CIRCLE('',#1251,1.E0);
#1266=B_SPLINE_CURVE_WITH_KNOTS('',3,(#1261,#1262,#1263,#1264,#1265),
.UNSPECIFIED.,.F.,.F.,(4,1,4),(0.E0,5.E-1,1.E0),.UNSPECIFIED.);
#1287=B_SPLINE_CURVE_WITH_KNOTS('',3,(#1279,#1280,#1281,#1282,#1283,#1284,#1285,
#1286),.UNSPECIFIED.,.F.,.F.,(4,1,1,1,1,4),(0.E0,2.E-1,4.E-1,6.E-1,8.E-1,1.E0),
.UNSPECIFIED.);
#1311=B_SPLINE_CURVE_WITH_KNOTS('',3,(#1300,#1301,#1302,#1303,#1304,#1305,#1306,
#1307,#1308,#1309,#1310),.UNSPECIFIED.,.F.,.F.,(4,1,1,1,1,1,1,1,4),(0.E0,
1.25E-1,2.5E-1,3.75E-1,5.E-1,6.25E-1,7.5E-1,8.75E-1,1.E0),.UNSPECIFIED.);
#1329=B_SPLINE_CURVE_WITH_KNOTS('',3,(#1320,#1321,#1322,#1323,#1324,#1325,#1326,
#1327,#1328),.UNSPECIFIED.,.F.,.F.,(4,1,1,1,1,1,4),(0.E0,1.666666666667E-1,
3.333333333333E-1,5.E-1,6.666666666667E-1,8.333333333333E-1,1.E0),
.UNSPECIFIED.);
#1347=B_SPLINE_CURVE_WITH_KNOTS('',3,(#1338,#1339,#1340,#1341,#1342,#1343,#1344,
#1345,#1346),.UNSPECIFIED.,.F.,.F.,(4,1,1,1,1,1,4),(0.E0,1.666666666667E-1,
3.333333333333E-1,5.E-1,6.666666666667E-1,8.333333333333E-1,1.E0),
.UNSPECIFIED.);
#1360=B_SPLINE_CURVE_WITH_KNOTS('',3,(#1356,#1357,#1358,#1359),.UNSPECIFIED.,
.F.,.F.,(4,4),(0.E0,1.E0),.UNSPECIFIED.);
#1373=B_SPLINE_CURVE_WITH_KNOTS('',3,(#1369,#1370,#1371,#1372),.UNSPECIFIED.,
.F.,.F.,(4,4),(0.E0,1.E0),.UNSPECIFIED.);
#1387=B_SPLINE_CURVE_WITH_KNOTS('',3,(#1378,#1379,#1380,#1381,#1382,#1383,#1384,
#1385,#1386),.UNSPECIFIED.,.F.,.F.,(4,1,1,1,1,1,4),(0.E0,1.666666666667E-1,
3.333333333333E-1,5.E-1,6.666666666667E-1,8.333333333333E-1,1.E0),
.UNSPECIFIED.);
#1407=B_SPLINE_CURVE_WITH_KNOTS('',3,(#1396,#1397,#1398,#1399,#1400,#1401,#1402,
#1403,#1404,#1405,#1406),.UNSPECIFIED.,.F.,.F.,(4,1,1,1,1,1,1,1,4),(0.E0,
1.25E-1,2.5E-1,3.75E-1,5.E-1,6.25E-1,7.5E-1,8.75E-1,1.E0),.UNSPECIFIED.);
#1424=B_SPLINE_CURVE_WITH_KNOTS('',3,(#1420,#1421,#1422,#1423),.UNSPECIFIED.,
.F.,.F.,(4,4),(0.E0,1.E0),.UNSPECIFIED.);
#1434=B_SPLINE_CURVE_WITH_KNOTS('',3,(#1425,#1426,#1427,#1428,#1429,#1430,#1431,
#1432,#1433),.UNSPECIFIED.,.F.,.F.,(4,1,1,1,1,1,4),(0.E0,1.666666666667E-1,
3.333333333333E-1,5.E-1,6.666666666667E-1,8.333333333333E-1,1.E0),
.UNSPECIFIED.);
#1452=B_SPLINE_CURVE_WITH_KNOTS('',3,(#1443,#1444,#1445,#1446,#1447,#1448,#1449,
#1450,#1451),.UNSPECIFIED.,.F.,.F.,(4,1,1,1,1,1,4),(0.E0,1.666666666667E-1,
3.333333333333E-1,5.E-1,6.666666666667E-1,8.333333333333E-1,1.E0),
.UNSPECIFIED.);
#1465=B_SPLINE_CURVE_WITH_KNOTS('',3,(#1461,#1462,#1463,#1464),.UNSPECIFIED.,
.F.,.F.,(4,4),(0.E0,1.E0),.UNSPECIFIED.);
#1478=CIRCLE('',#1477,1.E0);
#1483=CIRCLE('',#1482,1.E0);
#1492=CIRCLE('',#1491,1.E0);
#1497=CIRCLE('',#1496,1.E0);
#1502=B_SPLINE_CURVE_WITH_KNOTS('',3,(#1498,#1499,#1500,#1501),.UNSPECIFIED.,
.F.,.F.,(4,4),(0.E0,1.E0),.UNSPECIFIED.);
#1512=B_SPLINE_CURVE_WITH_KNOTS('',3,(#1503,#1504,#1505,#1506,#1507,#1508,#1509,
#1510,#1511),.UNSPECIFIED.,.F.,.F.,(4,1,1,1,1,1,4),(0.E0,1.666666666667E-1,
3.333333333333E-1,5.E-1,6.666666666667E-1,8.333333333333E-1,1.E0),
.UNSPECIFIED.);
#1530=B_SPLINE_CURVE_WITH_KNOTS('',3,(#1521,#1522,#1523,#1524,#1525,#1526,#1527,
#1528,#1529),.UNSPECIFIED.,.F.,.F.,(4,1,1,1,1,1,4),(0.E0,1.666666666667E-1,
3.333333333333E-1,5.E-1,6.666666666667E-1,8.333333333333E-1,1.E0),
.UNSPECIFIED.);
#1548=B_SPLINE_CURVE_WITH_KNOTS('',3,(#1539,#1540,#1541,#1542,#1543,#1544,#1545,
#1546,#1547),.UNSPECIFIED.,.F.,.F.,(4,1,1,1,1,1,4),(0.E0,1.666666666667E-1,
3.333333333333E-1,5.E-1,6.666666666667E-1,8.333333333333E-1,1.E0),
.UNSPECIFIED.);
#1597=CIRCLE('',#1596,8.3705E1);
#1606=CIRCLE('',#1605,8.3705E1);
#1611=CIRCLE('',#1610,8.3705E1);
#1616=CIRCLE('',#1615,8.3705E1);
#1625=CIRCLE('',#1624,8.3705E1);
#1658=CIRCLE('',#1657,3.E0);
#1663=CIRCLE('',#1662,3.E0);
#1732=CIRCLE('',#1731,1.6E0);
#1737=CIRCLE('',#1736,1.6E0);
#1742=CIRCLE('',#1741,1.6E0);
#1747=CIRCLE('',#1746,1.6E0);
#1808=CIRCLE('',#1807,4.E0);
#1813=CIRCLE('',#1812,4.E0);
#1818=CIRCLE('',#1817,5.E0);
#1823=CIRCLE('',#1822,5.E0);
#1828=CIRCLE('',#1827,3.E0);
#1841=CIRCLE('',#1840,3.E0);
#1862=CIRCLE('',#1861,5.E0);
#1867=CIRCLE('',#1866,5.E0);
#1872=CIRCLE('',#1871,4.E0);
#1877=CIRCLE('',#1876,4.E0);
#1882=CIRCLE('',#1881,5.E0);
#1887=CIRCLE('',#1886,5.E0);
#1899=B_SPLINE_CURVE_WITH_KNOTS('',3,(#1888,#1889,#1890,#1891,#1892,#1893,#1894,
#1895,#1896,#1897,#1898),.UNSPECIFIED.,.F.,.F.,(4,1,1,1,1,1,1,1,4),(0.E0,
1.25E-1,2.5E-1,3.75E-1,5.E-1,6.25E-1,7.5E-1,8.75E-1,1.E0),.UNSPECIFIED.);
#1919=B_SPLINE_CURVE_WITH_KNOTS('',3,(#1908,#1909,#1910,#1911,#1912,#1913,#1914,
#1915,#1916,#1917,#1918),.UNSPECIFIED.,.F.,.F.,(4,1,1,1,1,1,1,1,4),(0.E0,
1.25E-1,2.5E-1,3.75E-1,5.E-1,6.25E-1,7.5E-1,8.75E-1,1.E0),.UNSPECIFIED.);
#1976=CIRCLE('',#1975,1.6E0);
#1981=CIRCLE('',#1980,1.6E0);
#1986=CIRCLE('',#1985,1.6E0);
#1991=CIRCLE('',#1990,1.6E0);
#1996=CIRCLE('',#1995,1.6E0);
#2001=CIRCLE('',#2000,1.6E0);
#2006=CIRCLE('',#2005,1.6E0);
#2011=CIRCLE('',#2010,1.6E0);
#2144=CIRCLE('',#2143,1.6E0);
#2149=CIRCLE('',#2148,1.6E0);
#2154=CIRCLE('',#2153,1.6E0);
#2159=CIRCLE('',#2158,1.6E0);
#2164=CIRCLE('',#2163,1.6E0);
#2169=CIRCLE('',#2168,1.6E0);
#2174=CIRCLE('',#2173,1.6E0);
#2179=CIRCLE('',#2178,1.6E0);
#2803=EDGE_CURVE('',#2520,#2521,#13,.T.);
#2805=EDGE_CURVE('',#2520,#2544,#4,.T.);
#2807=EDGE_CURVE('',#2544,#2545,#49,.T.);
#2809=EDGE_CURVE('',#2521,#2545,#40,.T.);
#2819=EDGE_CURVE('',#2528,#2529,#101,.T.);
#2821=EDGE_CURVE('',#2528,#2536,#8,.T.);
#2823=EDGE_CURVE('',#2536,#2537,#940,.T.);
#2825=EDGE_CURVE('',#2529,#2537,#44,.T.);
#2835=EDGE_CURVE('',#2633,#2210,#338,.T.);
#2837=EDGE_CURVE('',#2632,#2633,#286,.T.);
#2839=EDGE_CURVE('',#2632,#2624,#32,.T.);
#2841=EDGE_CURVE('',#2624,#2625,#218,.T.);
#2843=EDGE_CURVE('',#2637,#2625,#1419,.T.);
#2845=EDGE_CURVE('',#2636,#2637,#302,.T.);
#2847=EDGE_CURVE('',#2211,#2636,#996,.T.);
#2849=EDGE_CURVE('',#2210,#2211,#36,.T.);
#2853=EDGE_CURVE('',#2524,#2525,#23,.T.);
#2855=EDGE_CURVE('',#2525,#2524,#28,.T.);
#2860=EDGE_CURVE('',#2521,#2520,#18,.T.);
#2872=EDGE_CURVE('',#2545,#2544,#54,.T.);
#2883=EDGE_CURVE('',#2529,#2528,#106,.T.);
#2886=EDGE_CURVE('',#2537,#2536,#945,.T.);
#2897=EDGE_CURVE('',#2556,#2613,#68,.T.);
#2899=EDGE_CURVE('',#2556,#2557,#72,.T.);
#2901=EDGE_CURVE('',#2612,#2557,#76,.T.);
#2903=EDGE_CURVE('',#2612,#2613,#80,.T.);
#2907=EDGE_CURVE('',#2548,#2549,#59,.T.);
#2909=EDGE_CURVE('',#2549,#2548,#64,.T.);
#2924=EDGE_CURVE('',#2524,#2548,#84,.T.);
#2927=EDGE_CURVE('',#2525,#2549,#92,.T.);
#2937=EDGE_CURVE('',#2532,#2533,#111,.T.);
#2939=EDGE_CURVE('',#2532,#2540,#88,.T.);
#2941=EDGE_CURVE('',#2540,#2541,#950,.T.);
#2943=EDGE_CURVE('',#2533,#2541,#96,.T.);
#2965=EDGE_CURVE('',#2533,#2532,#116,.T.);
#2968=EDGE_CURVE('',#2541,#2540,#955,.T.);
#2979=EDGE_CURVE('',#2609,#2552,#120,.T.);
#2981=EDGE_CURVE('',#2552,#2553,#124,.T.);
#2983=EDGE_CURVE('',#2608,#2553,#128,.T.);
#2985=EDGE_CURVE('',#2608,#2609,#132,.T.);
#3003=EDGE_CURVE('',#2621,#2609,#137,.T.);
#3005=EDGE_CURVE('',#2621,#2565,#1719,.T.);
#3007=EDGE_CURVE('',#2565,#2552,#142,.T.);
#3018=EDGE_CURVE('',#2600,#2601,#146,.T.);
#3020=EDGE_CURVE('',#2601,#2603,#150,.T.);
#3022=EDGE_CURVE('',#2603,#2605,#154,.T.);
#3024=EDGE_CURVE('',#2605,#2600,#158,.T.);
#3028=EDGE_CURVE('',#2787,#2789,#1808,.T.);
#3030=EDGE_CURVE('',#2615,#2787,#1799,.T.);
#3032=EDGE_CURVE('',#2613,#2615,#1862,.T.);
#3035=EDGE_CURVE('',#2612,#2617,#1882,.T.);
#3037=EDGE_CURVE('',#2795,#2617,#1699,.T.);
#3039=EDGE_CURVE('',#2797,#2795,#1877,.T.);
#3041=EDGE_CURVE('',#2621,#2797,#1723,.T.);
#3045=EDGE_CURVE('',#2608,#2619,#1818,.T.);
#3047=EDGE_CURVE('',#2789,#2619,#1775,.T.);
#3057=EDGE_CURVE('',#2600,#2648,#162,.T.);
#3059=EDGE_CURVE('',#2648,#2649,#2059,.T.);
#3061=EDGE_CURVE('',#2601,#2649,#2099,.T.);
#3072=EDGE_CURVE('',#2750,#2751,#166,.T.);
#3074=EDGE_CURVE('',#2755,#2750,#170,.T.);
#3076=EDGE_CURVE('',#2755,#2648,#2063,.T.);
#3080=EDGE_CURVE('',#2653,#2605,#2095,.T.);
#3082=EDGE_CURVE('',#2653,#2753,#2047,.T.);
#3084=EDGE_CURVE('',#2753,#2751,#174,.T.);
#3095=EDGE_CURVE('',#2763,#2751,#178,.T.);
#3097=EDGE_CURVE('',#2762,#2763,#186,.T.);
#3099=EDGE_CURVE('',#2750,#2762,#182,.T.);
#3109=EDGE_CURVE('',#2682,#2763,#190,.T.);
#3113=EDGE_CURVE('',#2753,#2757,#2043,.T.);
#3115=EDGE_CURVE('',#2757,#2765,#210,.T.);
#3117=EDGE_CURVE('',#2765,#2715,#2019,.T.);
#3119=EDGE_CURVE('',#2683,#2715,#2207,.T.);
#3121=EDGE_CURVE('',#2682,#2683,#270,.T.);
#3133=EDGE_CURVE('',#2673,#2682,#266,.T.);
#3135=EDGE_CURVE('',#2673,#2707,#194,.T.);
#3137=EDGE_CURVE('',#2705,#2707,#198,.T.);
#3139=EDGE_CURVE('',#2705,#2661,#202,.T.);
#3141=EDGE_CURVE('',#2661,#2759,#2071,.T.);
#3143=EDGE_CURVE('',#2759,#2762,#206,.T.);
#3154=EDGE_CURVE('',#2757,#2656,#2087,.T.);
#3156=EDGE_CURVE('',#2688,#2656,#1935,.T.);
#3158=EDGE_CURVE('',#2765,#2688,#214,.T.);
#3168=EDGE_CURVE('',#2664,#2665,#234,.T.);
#3170=EDGE_CURVE('',#2667,#2665,#238,.T.);
#3172=EDGE_CURVE('',#2667,#2676,#242,.T.);
#3174=EDGE_CURVE('',#2676,#2677,#246,.T.);
#3176=EDGE_CURVE('',#2679,#2677,#250,.T.);
#3178=EDGE_CURVE('',#2679,#2670,#254,.T.);
#3180=EDGE_CURVE('',#2670,#2671,#258,.T.);
#3182=EDGE_CURVE('',#2673,#2671,#262,.T.);
#3186=EDGE_CURVE('',#2685,#2683,#274,.T.);
#3188=EDGE_CURVE('',#2685,#2664,#278,.T.);
#3193=EDGE_CURVE('',#2629,#2624,#222,.T.);
#3195=EDGE_CURVE('',#2627,#2629,#226,.T.);
#3197=EDGE_CURVE('',#2625,#2627,#230,.T.);
#3207=EDGE_CURVE('',#2645,#2632,#298,.T.);
#3209=EDGE_CURVE('',#2645,#2629,#282,.T.);
#3222=EDGE_CURVE('',#2644,#2633,#290,.T.);
#3224=EDGE_CURVE('',#2644,#2645,#294,.T.);
#3229=EDGE_CURVE('',#2768,#2769,#319,.T.);
#3231=EDGE_CURVE('',#2769,#2768,#324,.T.);
#3242=EDGE_CURVE('',#2637,#2639,#306,.T.);
#3244=EDGE_CURVE('',#2639,#2641,#310,.T.);
#3246=EDGE_CURVE('',#2636,#2641,#314,.T.);
#3250=EDGE_CURVE('',#2772,#2773,#329,.T.);
#3252=EDGE_CURVE('',#2773,#2772,#334,.T.);
#3264=EDGE_CURVE('',#2217,#2210,#342,.T.);
#3266=EDGE_CURVE('',#2217,#2472,#1923,.T.);
#3268=EDGE_CURVE('',#2483,#2472,#347,.T.);
#3270=EDGE_CURVE('',#2483,#2265,#1907,.T.);
#3272=EDGE_CURVE('',#2264,#2265,#351,.T.);
#3274=EDGE_CURVE('',#2264,#2484,#568,.T.);
#3276=EDGE_CURVE('',#2469,#2484,#356,.T.);
#3278=EDGE_CURVE('',#2469,#2248,#539,.T.);
#3280=EDGE_CURVE('',#2302,#2248,#360,.T.);
#3282=EDGE_CURVE('',#2302,#2488,#1552,.T.);
#3284=EDGE_CURVE('',#2491,#2488,#365,.T.);
#3286=EDGE_CURVE('',#2491,#2377,#1538,.T.);
#3288=EDGE_CURVE('',#2376,#2377,#369,.T.);
#3290=EDGE_CURVE('',#2487,#2376,#373,.T.);
#3292=EDGE_CURVE('',#2481,#2487,#378,.T.);
#3294=EDGE_CURVE('',#2256,#2481,#382,.T.);
#3296=EDGE_CURVE('',#2255,#2256,#386,.T.);
#3298=EDGE_CURVE('',#2475,#2255,#390,.T.);
#3300=EDGE_CURVE('',#2470,#2475,#395,.T.);
#3302=EDGE_CURVE('',#2215,#2470,#399,.T.);
#3304=EDGE_CURVE('',#2214,#2215,#403,.T.);
#3306=EDGE_CURVE('',#2214,#2644,#407,.T.);
#3316=EDGE_CURVE('',#2227,#2225,#411,.T.);
#3318=EDGE_CURVE('',#2244,#2227,#416,.T.);
#3320=EDGE_CURVE('',#2244,#2268,#1641,.T.);
#3322=EDGE_CURVE('',#2296,#2268,#421,.T.);
#3324=EDGE_CURVE('',#2327,#2296,#426,.T.);
#3326=EDGE_CURVE('',#2327,#2365,#1625,.T.);
#3328=EDGE_CURVE('',#2389,#2365,#431,.T.);
#3330=EDGE_CURVE('',#2389,#2361,#1597,.T.);
#3332=EDGE_CURVE('',#2323,#2361,#436,.T.);
#3334=EDGE_CURVE('',#2293,#2323,#441,.T.);
#3336=EDGE_CURVE('',#2293,#2266,#1576,.T.);
#3338=EDGE_CURVE('',#2243,#2266,#446,.T.);
#3340=EDGE_CURVE('',#2223,#2243,#450,.T.);
#3342=EDGE_CURVE('',#2217,#2223,#455,.T.);
#3346=EDGE_CURVE('',#2219,#2211,#459,.T.);
#3348=EDGE_CURVE('',#2225,#2219,#464,.T.);
#3358=EDGE_CURVE('',#2300,#2401,#468,.T.);
#3360=EDGE_CURVE('',#2422,#2401,#472,.T.);
#3362=EDGE_CURVE('',#2422,#2270,#476,.T.);
#3364=EDGE_CURVE('',#2270,#2227,#1649,.T.);
#3367=EDGE_CURVE('',#2225,#2492,#1411,.T.);
#3369=EDGE_CURVE('',#2492,#2494,#481,.T.);
#3371=EDGE_CURVE('',#2494,#2300,#519,.T.);
#3382=EDGE_CURVE('',#2274,#2300,#486,.T.);
#3384=EDGE_CURVE('',#2273,#2274,#490,.T.);
#3386=EDGE_CURVE('',#2331,#2273,#495,.T.);
#3388=EDGE_CURVE('',#2369,#2331,#499,.T.);
#3390=EDGE_CURVE('',#2369,#2401,#1295,.T.);
#3400=EDGE_CURVE('',#2497,#2494,#511,.T.);
#3402=EDGE_CURVE('',#2274,#2497,#515,.T.);
#3414=EDGE_CURVE('',#2468,#2469,#531,.T.);
#3417=EDGE_CURVE('',#2484,#2485,#564,.T.);
#3419=EDGE_CURVE('',#2485,#2468,#544,.T.);
#3429=EDGE_CURVE('',#2470,#2471,#1424,.T.);
#3432=EDGE_CURVE('',#2475,#2476,#1465,.T.);
#3434=EDGE_CURVE('',#2476,#2479,#1452,.T.);
#3436=EDGE_CURVE('',#2479,#2480,#829,.T.);
#3438=EDGE_CURVE('',#2480,#2471,#1434,.T.);
#3448=EDGE_CURVE('',#2472,#2473,#1919,.T.);
#3450=EDGE_CURVE('',#2473,#2474,#603,.T.);
#3452=EDGE_CURVE('',#2474,#2483,#1899,.T.);
#3463=EDGE_CURVE('',#2477,#2478,#820,.T.);
#3465=EDGE_CURVE('',#2478,#2482,#1512,.T.);
#3467=EDGE_CURVE('',#2481,#2482,#1502,.T.);
#3470=EDGE_CURVE('',#2487,#2486,#852,.T.);
#3472=EDGE_CURVE('',#2486,#2477,#839,.T.);
#3482=EDGE_CURVE('',#2488,#2489,#1548,.T.);
#3484=EDGE_CURVE('',#2489,#2490,#784,.T.);
#3486=EDGE_CURVE('',#2490,#2491,#1530,.T.);
#3497=EDGE_CURVE('',#2492,#2493,#1407,.T.);
#3499=EDGE_CURVE('',#2497,#2493,#992,.T.);
#3511=EDGE_CURVE('',#2495,#2496,#1347,.T.);
#3513=EDGE_CURVE('',#2500,#2496,#1226,.T.);
#3515=EDGE_CURVE('',#2500,#2510,#1329,.T.);
#3517=EDGE_CURVE('',#2511,#2510,#982,.T.);
#3519=EDGE_CURVE('',#2495,#2511,#1360,.T.);
#3529=EDGE_CURVE('',#2498,#2499,#1051,.T.);
#3531=EDGE_CURVE('',#2501,#2499,#1032,.T.);
#3533=EDGE_CURVE('',#2501,#2514,#1387,.T.);
#3535=EDGE_CURVE('',#2514,#2515,#1373,.T.);
#3537=EDGE_CURVE('',#2504,#2515,#977,.T.);
#3539=EDGE_CURVE('',#2498,#2504,#1064,.T.);
#3549=EDGE_CURVE('',#2502,#2503,#1037,.T.);
#3551=EDGE_CURVE('',#2502,#2507,#1123,.T.);
#3553=EDGE_CURVE('',#2507,#2508,#1109,.T.);
#3555=EDGE_CURVE('',#2517,#2508,#972,.T.);
#3557=EDGE_CURVE('',#2509,#2517,#1001,.T.);
#3559=EDGE_CURVE('',#2509,#2503,#1019,.T.);
#3569=EDGE_CURVE('',#2505,#2506,#1311,.T.);
#3571=EDGE_CURVE('',#2512,#2506,#987,.T.);
#3573=EDGE_CURVE('',#2512,#2513,#1287,.T.);
#3575=EDGE_CURVE('',#2505,#2513,#1266,.T.);
#3586=EDGE_CURVE('',#2247,#2468,#535,.T.);
#3588=EDGE_CURVE('',#2247,#2248,#767,.T.);
#3600=EDGE_CURVE('',#2485,#2322,#572,.T.);
#3602=EDGE_CURVE('',#2322,#2359,#576,.T.);
#3604=EDGE_CURVE('',#2373,#2359,#548,.T.);
#3606=EDGE_CURVE('',#2373,#2343,#607,.T.);
#3608=EDGE_CURVE('',#2304,#2343,#552,.T.);
#3610=EDGE_CURVE('',#2304,#2247,#741,.T.);
#3623=EDGE_CURVE('',#2264,#2322,#581,.T.);
#3634=EDGE_CURVE('',#2387,#2291,#598,.T.);
#3636=EDGE_CURVE('',#2387,#2359,#1560,.T.);
#3641=EDGE_CURVE('',#2291,#2265,#586,.T.);
#3651=EDGE_CURVE('',#2295,#2405,#590,.T.);
#3653=EDGE_CURVE('',#2387,#2405,#594,.T.);
#3656=EDGE_CURVE('',#2291,#2474,#1903,.T.);
#3659=EDGE_CURVE('',#2473,#2223,#1927,.T.);
#3662=EDGE_CURVE('',#2243,#2295,#1572,.T.);
#3672=EDGE_CURVE('',#2571,#2573,#690,.T.);
#3674=EDGE_CURVE('',#2585,#2571,#1787,.T.);
#3676=EDGE_CURVE('',#2584,#2585,#695,.T.);
#3678=EDGE_CURVE('',#2584,#2597,#1857,.T.);
#3680=EDGE_CURVE('',#2595,#2597,#700,.T.);
#3682=EDGE_CURVE('',#2577,#2595,#1711,.T.);
#3684=EDGE_CURVE('',#2576,#2577,#705,.T.);
#3686=EDGE_CURVE('',#2576,#2573,#1679,.T.);
#3690=EDGE_CURVE('',#2341,#2343,#709,.T.);
#3693=EDGE_CURVE('',#2373,#2405,#1564,.T.);
#3696=EDGE_CURVE('',#2325,#2295,#612,.T.);
#3698=EDGE_CURVE('',#2325,#2363,#1580,.T.);
#3700=EDGE_CURVE('',#2391,#2363,#617,.T.);
#3702=EDGE_CURVE('',#2419,#2391,#622,.T.);
#3704=EDGE_CURVE('',#2419,#2425,#1606,.T.);
#3706=EDGE_CURVE('',#2425,#2395,#1611,.T.);
#3708=EDGE_CURVE('',#2395,#2393,#1616,.T.);
#3710=EDGE_CURVE('',#2367,#2393,#627,.T.);
#3712=EDGE_CURVE('',#2329,#2367,#632,.T.);
#3714=EDGE_CURVE('',#2329,#2298,#1645,.T.);
#3716=EDGE_CURVE('',#2270,#2298,#637,.T.);
#3719=EDGE_CURVE('',#2422,#2423,#1299,.T.);
#3721=EDGE_CURVE('',#2449,#2423,#641,.T.);
#3723=EDGE_CURVE('',#2465,#2449,#645,.T.);
#3725=EDGE_CURVE('',#2465,#2467,#1234,.T.);
#3727=EDGE_CURVE('',#2417,#2467,#1217,.T.);
#3729=EDGE_CURVE('',#2417,#2385,#1178,.T.);
#3731=EDGE_CURVE('',#2320,#2385,#649,.T.);
#3733=EDGE_CURVE('',#2289,#2320,#654,.T.);
#3735=EDGE_CURVE('',#2318,#2289,#659,.T.);
#3737=EDGE_CURVE('',#2318,#2357,#1152,.T.);
#3739=EDGE_CURVE('',#2357,#2383,#1157,.T.);
#3741=EDGE_CURVE('',#2383,#2379,#1162,.T.);
#3743=EDGE_CURVE('',#2353,#2379,#664,.T.);
#3745=EDGE_CURVE('',#2314,#2353,#669,.T.);
#3747=EDGE_CURVE('',#2355,#2314,#673,.T.);
#3749=EDGE_CURVE('',#2355,#2411,#796,.T.);
#3751=EDGE_CURVE('',#2308,#2411,#771,.T.);
#3753=EDGE_CURVE('',#2308,#2252,#737,.T.);
#3755=EDGE_CURVE('',#2234,#2252,#677,.T.);
#3757=EDGE_CURVE('',#2278,#2234,#681,.T.);
#3759=EDGE_CURVE('',#2341,#2278,#685,.T.);
#3771=EDGE_CURVE('',#2339,#2341,#713,.T.);
#3773=EDGE_CURVE('',#2304,#2339,#717,.T.);
#3783=EDGE_CURVE('',#2278,#2280,#721,.T.);
#3785=EDGE_CURVE('',#2280,#2339,#745,.T.);
#3797=EDGE_CURVE('',#2234,#2235,#725,.T.);
#3799=EDGE_CURVE('',#2235,#2280,#749,.T.);
#3813=EDGE_CURVE('',#2250,#2252,#729,.T.);
#3815=EDGE_CURVE('',#2250,#2235,#753,.T.);
#3825=EDGE_CURVE('',#2250,#2306,#733,.T.);
#3829=EDGE_CURVE('',#2308,#2306,#788,.T.);
#3845=EDGE_CURVE('',#2337,#2306,#757,.T.);
#3847=EDGE_CURVE('',#2302,#2337,#762,.T.);
#3860=EDGE_CURVE('',#2443,#2411,#775,.T.);
#3862=EDGE_CURVE('',#2443,#2441,#779,.T.);
#3864=EDGE_CURVE('',#2441,#2490,#1534,.T.);
#3867=EDGE_CURVE('',#2489,#2337,#1556,.T.);
#3879=EDGE_CURVE('',#2443,#2381,#792,.T.);
#3883=EDGE_CURVE('',#2355,#2381,#824,.T.);
#3895=EDGE_CURVE('',#2409,#2381,#800,.T.);
#3897=EDGE_CURVE('',#2459,#2409,#805,.T.);
#3899=EDGE_CURVE('',#2407,#2459,#810,.T.);
#3901=EDGE_CURVE('',#2407,#2376,#856,.T.);
#3904=EDGE_CURVE('',#2441,#2377,#815,.T.);
#3915=EDGE_CURVE('',#2477,#2409,#847,.T.);
#3920=EDGE_CURVE('',#2314,#2258,#860,.T.);
#3922=EDGE_CURVE('',#2258,#2238,#882,.T.);
#3924=EDGE_CURVE('',#2238,#2480,#1438,.T.);
#3927=EDGE_CURVE('',#2479,#2347,#1460,.T.);
#3929=EDGE_CURVE('',#2347,#2350,#1473,.T.);
#3931=EDGE_CURVE('',#2350,#2478,#1516,.T.);
#3942=EDGE_CURVE('',#2407,#2486,#843,.T.);
#3968=B_SPLINE_CURVE_WITH_KNOTS('',3,(#3962,#3963,#3964,#3965,#3966,#3967),
.UNSPECIFIED.,.F.,.F.,(4,1,1,4),(0.E0,4.031641809416E-2,9.601185523463E-1,1.E0),
.UNSPECIFIED.);
#3972=EDGE_CURVE('',#2283,#2258,#887,.T.);
#3976=EDGE_CURVE('',#2283,#2353,#864,.T.);
#3986=EDGE_CURVE('',#2214,#2230,#967,.T.);
#3989=EDGE_CURVE('',#2221,#2215,#868,.T.);
#3991=EDGE_CURVE('',#2239,#2221,#873,.T.);
#3993=EDGE_CURVE('',#2238,#2239,#878,.T.);
#3997=EDGE_CURVE('',#2312,#2283,#892,.T.);
#3999=EDGE_CURVE('',#2316,#2312,#897,.T.);
#4001=EDGE_CURVE('',#2285,#2316,#902,.T.);
#4003=EDGE_CURVE('',#2260,#2285,#907,.T.);
#4005=EDGE_CURVE('',#2241,#2260,#912,.T.);
#4007=EDGE_CURVE('',#2240,#2241,#917,.T.);
#4009=EDGE_CURVE('',#2261,#2240,#922,.T.);
#4011=EDGE_CURVE('',#2287,#2261,#926,.T.);
#4013=EDGE_CURVE('',#2276,#2287,#931,.T.);
#4015=EDGE_CURVE('',#2276,#2231,#1009,.T.);
#4017=EDGE_CURVE('',#2230,#2231,#935,.T.);
#4027=EDGE_CURVE('',#2230,#2641,#959,.T.);
#4030=EDGE_CURVE('',#2639,#2627,#963,.T.);
#4056=EDGE_CURVE('',#2231,#2517,#1005,.T.);
#4059=EDGE_CURVE('',#2508,#2334,#1113,.T.);
#4061=EDGE_CURVE('',#2334,#2335,#1090,.T.);
#4063=EDGE_CURVE('',#2335,#2504,#1068,.T.);
#4066=EDGE_CURVE('',#2515,#2456,#1377,.T.);
#4068=EDGE_CURVE('',#2456,#2457,#1187,.T.);
#4070=EDGE_CURVE('',#2457,#2511,#1364,.T.);
#4073=EDGE_CURVE('',#2510,#2398,#1337,.T.);
#4075=EDGE_CURVE('',#2398,#2399,#1247,.T.);
#4077=EDGE_CURVE('',#2399,#2512,#1291,.T.);
#4080=EDGE_CURVE('',#2506,#2273,#1319,.T.);
#4085=EDGE_CURVE('',#2493,#2219,#1415,.T.);
#4100=EDGE_CURVE('',#2276,#2509,#1023,.T.);
#4113=EDGE_CURVE('',#2503,#2287,#1027,.T.);
#4124=EDGE_CURVE('',#2499,#2431,#1059,.T.);
#4126=EDGE_CURVE('',#2431,#2434,#1076,.T.);
#4128=EDGE_CURVE('',#2434,#2502,#1127,.T.);
#4133=EDGE_CURVE('',#2261,#2320,#1139,.T.);
#4136=EDGE_CURVE('',#2413,#2385,#1041,.T.);
#4138=EDGE_CURVE('',#2413,#2415,#1205,.T.);
#4140=EDGE_CURVE('',#2415,#2501,#1391,.T.);
#4151=EDGE_CURVE('',#2403,#2498,#1055,.T.);
#4153=EDGE_CURVE('',#2403,#2429,#1086,.T.);
#4155=EDGE_CURVE('',#2429,#2431,#1081,.T.);
#4168=EDGE_CURVE('',#2403,#2335,#1072,.T.);
#4184=EDGE_CURVE('',#2371,#2334,#1094,.T.);
#4186=EDGE_CURVE('',#2435,#2371,#1099,.T.);
#4188=EDGE_CURVE('',#2434,#2435,#1104,.T.);
#4199=EDGE_CURVE('',#2507,#2371,#1131,.T.);
#4225=B_SPLINE_CURVE_WITH_KNOTS('',3,(#4219,#4220,#4221,#4222,#4223,#4224),
.UNSPECIFIED.,.F.,.F.,(4,1,1,4),(0.E0,4.033925911170E-2,9.600967441626E-1,1.E0),
.UNSPECIFIED.);
#4231=EDGE_CURVE('',#2289,#2241,#1135,.T.);
#4246=EDGE_CURVE('',#2318,#2260,#1143,.T.);
#4258=EDGE_CURVE('',#2357,#2285,#1147,.T.);
#4271=EDGE_CURVE('',#2316,#2383,#1166,.T.);
#4282=EDGE_CURVE('',#2312,#2379,#1170,.T.);
#4307=EDGE_CURVE('',#2413,#2461,#1174,.T.);
#4311=EDGE_CURVE('',#2417,#2461,#1213,.T.);
#4321=EDGE_CURVE('',#2439,#2461,#1209,.T.);
#4323=EDGE_CURVE('',#2438,#2439,#1183,.T.);
#4325=EDGE_CURVE('',#2438,#2457,#1368,.T.);
#4328=EDGE_CURVE('',#2447,#2456,#1191,.T.);
#4330=EDGE_CURVE('',#2445,#2447,#1196,.T.);
#4332=EDGE_CURVE('',#2415,#2445,#1201,.T.);
#4347=EDGE_CURVE('',#2463,#2467,#1221,.T.);
#4349=EDGE_CURVE('',#2463,#2451,#1256,.T.);
#4351=EDGE_CURVE('',#2451,#2500,#1333,.T.);
#4354=EDGE_CURVE('',#2496,#2439,#1355,.T.);
#4364=EDGE_CURVE('',#2463,#2453,#1230,.T.);
#4368=EDGE_CURVE('',#2465,#2453,#1260,.T.);
#4378=EDGE_CURVE('',#2427,#2453,#1238,.T.);
#4380=EDGE_CURVE('',#2399,#2427,#1243,.T.);
#4383=EDGE_CURVE('',#2451,#2398,#1252,.T.);
#4398=EDGE_CURVE('',#2449,#2427,#1274,.T.);
#4409=EDGE_CURVE('',#2427,#2513,#1270,.T.);
#4413=EDGE_CURVE('',#2369,#2423,#1278,.T.);
#4416=EDGE_CURVE('',#2331,#2505,#1315,.T.);
#4475=EDGE_CURVE('',#2438,#2495,#1351,.T.);
#4500=EDGE_CURVE('',#2514,#2447,#1395,.T.);
#4550=EDGE_CURVE('',#2471,#2221,#1442,.T.);
#4576=EDGE_CURVE('',#2282,#2476,#1456,.T.);
#4578=EDGE_CURVE('',#2282,#2345,#1483,.T.);
#4580=EDGE_CURVE('',#2345,#2347,#1478,.T.);
#4593=EDGE_CURVE('',#2282,#2255,#1469,.T.);
#4609=EDGE_CURVE('',#2310,#2256,#1487,.T.);
#4611=EDGE_CURVE('',#2351,#2310,#1492,.T.);
#4613=EDGE_CURVE('',#2350,#2351,#1497,.T.);
#4624=EDGE_CURVE('',#2482,#2310,#1520,.T.);
#4686=B_SPLINE_CURVE_WITH_KNOTS('',3,(#4680,#4681,#4682,#4683,#4684,#4685),
.UNSPECIFIED.,.F.,.F.,(4,1,1,4),(0.E0,6.531850504718E-2,9.186718635286E-1,1.E0),
.UNSPECIFIED.);
#4691=EDGE_CURVE('',#2325,#2266,#1568,.T.);
#4704=EDGE_CURVE('',#2293,#2363,#1588,.T.);
#4717=B_SPLINE_CURVE_WITH_KNOTS('',3,(#4711,#4712,#4713,#4714,#4715,#4716),
.UNSPECIFIED.,.F.,.F.,(4,1,1,4),(0.E0,4.095131701373E-2,9.595000690857E-1,1.E0),
.UNSPECIFIED.);
#4722=EDGE_CURVE('',#2391,#2323,#1584,.T.);
#4735=EDGE_CURVE('',#2419,#2361,#1592,.T.);
#4749=EDGE_CURVE('',#2425,#2389,#1601,.T.);
#4760=EDGE_CURVE('',#2365,#2395,#1620,.T.);
#4773=EDGE_CURVE('',#2327,#2393,#1629,.T.);
#4787=EDGE_CURVE('',#2296,#2367,#1637,.T.);
#4800=B_SPLINE_CURVE_WITH_KNOTS('',3,(#4794,#4795,#4796,#4797,#4798,#4799),
.UNSPECIFIED.,.F.,.F.,(4,1,1,4),(0.E0,4.093139615246E-2,9.595190706142E-1,1.E0),
.UNSPECIFIED.);
#4805=EDGE_CURVE('',#2329,#2268,#1633,.T.);
#4818=EDGE_CURVE('',#2244,#2298,#1653,.T.);
#4831=B_SPLINE_CURVE_WITH_KNOTS('',3,(#4825,#4826,#4827,#4828,#4829,#4830),
.UNSPECIFIED.,.F.,.F.,(4,1,1,4),(0.E0,6.517168269088E-2,9.190759680786E-1,1.E0),
.UNSPECIFIED.);
#4847=EDGE_CURVE('',#2568,#2569,#1658,.T.);
#4849=EDGE_CURVE('',#2571,#2569,#1791,.T.);
#4852=EDGE_CURVE('',#2573,#2568,#1675,.T.);
#4863=EDGE_CURVE('',#2568,#2581,#1687,.T.);
#4865=EDGE_CURVE('',#2579,#2581,#1663,.T.);
#4867=EDGE_CURVE('',#2579,#2561,#1667,.T.);
#4869=EDGE_CURVE('',#2557,#2561,#1887,.T.);
#4872=EDGE_CURVE('',#2559,#2556,#1867,.T.);
#4874=EDGE_CURVE('',#2559,#2569,#1671,.T.);
#4886=EDGE_CURVE('',#2581,#2576,#1683,.T.);
#4898=EDGE_CURVE('',#2579,#2577,#1707,.T.);
#4910=EDGE_CURVE('',#2792,#2793,#1691,.T.);
#4912=EDGE_CURVE('',#2795,#2793,#1695,.T.);
#4915=EDGE_CURVE('',#2617,#2561,#1703,.T.);
#4920=EDGE_CURVE('',#2595,#2593,#1715,.T.);
#4922=EDGE_CURVE('',#2565,#2593,#1836,.T.);
#4926=EDGE_CURVE('',#2797,#2792,#1727,.T.);
#4936=EDGE_CURVE('',#2784,#2785,#1767,.T.);
#4938=EDGE_CURVE('',#2784,#2785,#1813,.T.);
#4942=EDGE_CURVE('',#2776,#2777,#1732,.T.);
#4944=EDGE_CURVE('',#2777,#2776,#1737,.T.);
#4955=EDGE_CURVE('',#2793,#2792,#1872,.T.);
#4959=EDGE_CURVE('',#2780,#2781,#1742,.T.);
#4961=EDGE_CURVE('',#2781,#2780,#1747,.T.);
#4971=EDGE_CURVE('',#2776,#2769,#1755,.T.);
#4974=EDGE_CURVE('',#2768,#2777,#1751,.T.);
#4997=EDGE_CURVE('',#2780,#2773,#1763,.T.);
#5000=EDGE_CURVE('',#2772,#2781,#1759,.T.);
#5024=EDGE_CURVE('',#2789,#2784,#1771,.T.);
#5027=EDGE_CURVE('',#2619,#2563,#1779,.T.);
#5029=EDGE_CURVE('',#2587,#2563,#1832,.T.);
#5031=EDGE_CURVE('',#2587,#2585,#1783,.T.);
#5036=EDGE_CURVE('',#2559,#2615,#1795,.T.);
#5039=EDGE_CURVE('',#2787,#2785,#1803,.T.);
#5063=EDGE_CURVE('',#2553,#2563,#1823,.T.);
#5074=EDGE_CURVE('',#2587,#2589,#1828,.T.);
#5081=EDGE_CURVE('',#2592,#2593,#1841,.T.);
#5083=EDGE_CURVE('',#2592,#2589,#1849,.T.);
#5096=EDGE_CURVE('',#2589,#2584,#1845,.T.);
#5108=EDGE_CURVE('',#2597,#2592,#1853,.T.);
#5192=EDGE_CURVE('',#2664,#2692,#1943,.T.);
#5194=EDGE_CURVE('',#2692,#2709,#1955,.T.);
#5196=EDGE_CURVE('',#2665,#2709,#2131,.T.);
#5206=EDGE_CURVE('',#2688,#2689,#1931,.T.);
#5209=EDGE_CURVE('',#2656,#2657,#2083,.T.);
#5211=EDGE_CURVE('',#2693,#2657,#2027,.T.);
#5213=EDGE_CURVE('',#2692,#2693,#1939,.T.);
#5217=EDGE_CURVE('',#2685,#2689,#1947,.T.);
#5228=EDGE_CURVE('',#2693,#2695,#2023,.T.);
#5230=EDGE_CURVE('',#2709,#2695,#1951,.T.);
#5235=EDGE_CURVE('',#2734,#2735,#1976,.T.);
#5237=EDGE_CURVE('',#2735,#2734,#1981,.T.);
#5247=EDGE_CURVE('',#2698,#2699,#2031,.T.);
#5249=EDGE_CURVE('',#2699,#2701,#2103,.T.);
#5251=EDGE_CURVE('',#2713,#2701,#1959,.T.);
#5253=EDGE_CURVE('',#2698,#2713,#1963,.T.);
#5257=EDGE_CURVE('',#2738,#2739,#1986,.T.);
#5259=EDGE_CURVE('',#2739,#2738,#1991,.T.);
#5269=EDGE_CURVE('',#2704,#2705,#2111,.T.);
#5272=EDGE_CURVE('',#2711,#2707,#1967,.T.);
#5274=EDGE_CURVE('',#2704,#2711,#1971,.T.);
#5278=EDGE_CURVE('',#2742,#2743,#1996,.T.);
#5280=EDGE_CURVE('',#2743,#2742,#2001,.T.);
#5292=EDGE_CURVE('',#2715,#2689,#2015,.T.);
#5297=EDGE_CURVE('',#2746,#2747,#2006,.T.);
#5299=EDGE_CURVE('',#2747,#2746,#2011,.T.);
#5311=EDGE_CURVE('',#2657,#2659,#2079,.T.);
#5313=EDGE_CURVE('',#2699,#2659,#2107,.T.);
#5316=EDGE_CURVE('',#2676,#2698,#2035,.T.);
#5319=EDGE_CURVE('',#2667,#2695,#2039,.T.);
#5331=EDGE_CURVE('',#2651,#2653,#2051,.T.);
#5333=EDGE_CURVE('',#2649,#2651,#2055,.T.);
#5337=EDGE_CURVE('',#2755,#2759,#2067,.T.);
#5340=EDGE_CURVE('',#2659,#2661,#2075,.T.);
#5353=EDGE_CURVE('',#2603,#2651,#2091,.T.);
#5395=EDGE_CURVE('',#2670,#2704,#2115,.T.);
#5398=EDGE_CURVE('',#2679,#2701,#2119,.T.);
#5411=EDGE_CURVE('',#2671,#2711,#2123,.T.);
#5434=EDGE_CURVE('',#2677,#2713,#2127,.T.);
#5471=EDGE_CURVE('',#2734,#2718,#2135,.T.);
#5473=EDGE_CURVE('',#2718,#2719,#2144,.T.);
#5475=EDGE_CURVE('',#2735,#2719,#2139,.T.);
#5487=EDGE_CURVE('',#2719,#2718,#2149,.T.);
#5508=EDGE_CURVE('',#2722,#2723,#2154,.T.);
#5510=EDGE_CURVE('',#2723,#2722,#2159,.T.);
#5520=EDGE_CURVE('',#2726,#2727,#2164,.T.);
#5522=EDGE_CURVE('',#2727,#2726,#2169,.T.);
#5532=EDGE_CURVE('',#2730,#2731,#2174,.T.);
#5534=EDGE_CURVE('',#2731,#2730,#2179,.T.);
#5545=EDGE_CURVE('',#2738,#2722,#2183,.T.);
#5548=EDGE_CURVE('',#2739,#2723,#2187,.T.);
#5571=EDGE_CURVE('',#2742,#2726,#2191,.T.);
#5574=EDGE_CURVE('',#2743,#2727,#2195,.T.);
#5597=EDGE_CURVE('',#2746,#2730,#2199,.T.);
#5600=EDGE_CURVE('',#2747,#2731,#2203,.T.);
#5634=CIRCLE('',#5633,1.6E0);
#5639=CIRCLE('',#5638,1.6E0);
#5652=CIRCLE('',#5651,1.6E0);
#5657=CIRCLE('',#5656,1.6E0);
#5671=EDGE_CURVE('',#5664,#5665,#5634,.T.);
#5673=EDGE_CURVE('',#5665,#5664,#5639,.T.);
#5684=EDGE_CURVE('',#5665,#5661,#5647,.T.);
#5686=EDGE_CURVE('',#5660,#5661,#5652,.T.);
#5688=EDGE_CURVE('',#5660,#5664,#5643,.T.);
#5700=EDGE_CURVE('',#5661,#5660,#5657,.T.);
#5721=CIRCLE('',#5720,1.6E0);
#5726=CIRCLE('',#5725,1.6E0);
#5739=CIRCLE('',#5738,1.6E0);
#5744=CIRCLE('',#5743,1.6E0);
#5758=EDGE_CURVE('',#5751,#5752,#5721,.T.);
#5760=EDGE_CURVE('',#5752,#5748,#5734,.T.);
#5762=EDGE_CURVE('',#5747,#5748,#5739,.T.);
#5764=EDGE_CURVE('',#5747,#5751,#5730,.T.);
#5775=EDGE_CURVE('',#5752,#5751,#5726,.T.);
#5787=EDGE_CURVE('',#5748,#5747,#5744,.T.);
#5807=(LENGTH_UNIT()NAMED_UNIT(*)SI_UNIT(.MILLI.,.METRE.));
#5809=(NAMED_UNIT(*)PLANE_ANGLE_UNIT()SI_UNIT($,.RADIAN.));
#5812=(NAMED_UNIT(*)SI_UNIT($,.STERADIAN.)SOLID_ANGLE_UNIT());
#5815=ADVANCED_BREP_SHAPE_REPRESENTATION('',(#5806),#5814);
#5822=PRODUCT_DEFINITION('design','',#5821,#5818);
#5823=PRODUCT_DEFINITION_SHAPE('','SHAPE FOR MAIN_BASE.',#5822);
#5824=SHAPE_DEFINITION_REPRESENTATION(#5823,#5815);
ENDSEC;
END-ISO-10303-21;
